{
    "desc": "Run 0 of hyperparameter search",
    "log_stdout": false,
    "params": {
        "batch_size": 64,
        "batch_size_eval": 1000,
        "learning_rate": 0.005,
        "momentum": 0.3,
        "num_epochs": 30,
        "scaling_factor": 2
    },
    "stdout": "",
    "timestamp": "2019-02-03 02:28:54.037096",
    "values": {
        "noisy_test_acc": [
            41.77884615384615,
            44.08173076923077,
            46.30288461538461,
            48.66826923076923,
            48.67788461538461,
            51.57211538461539,
            53.94230769230769,
            55.64423076923077,
            55.74038461538461,
            58.28846153846154,
            59.62019230769231,
            60.24038461538461,
            60.27403846153846,
            60.14423076923077,
            60.79326923076923,
            60.88461538461539,
            59.80769230769231,
            60.67788461538461,
            61.625,
            60.21153846153846,
            59.06730769230769,
            59.03365384615385,
            57.38461538461539,
            58.72596153846154,
            57.77884615384615,
            58.11538461538461,
            57.31730769230769,
            55.86538461538461,
            57.0,
            55.84134615384615
        ],
        "noisy_test_loss": [
            2.180654267531175,
            2.1484905653733475,
            2.0798555462176984,
            2.007120443490835,
            1.978237190246582,
            1.9028108391394982,
            1.8230272997342623,
            1.7937206356342021,
            1.7635243254441482,
            1.7294881820678711,
            1.669446282019982,
            1.6591031089195838,
            1.6639696576045109,
            1.6497432107191818,
            1.6229341932443473,
            1.6073295109088603,
            1.6130269520099347,
            1.6077348078214204,
            1.5719790223928598,
            1.6018832280085638,
            1.6155030074486365,
            1.628371777167687,
            1.6569341996999887,
            1.6265900303767278,
            1.6210376710158128,
            1.603693291590764,
            1.6384760431142953,
            1.6710306563744177,
            1.6440217135502742,
            1.664446512369009
        ],
        "test_acc": [
            68.1875,
            75.29326923076923,
            79.63461538461539,
            82.20673076923077,
            83.85576923076923,
            85.07211538461539,
            86.04807692307692,
            86.66826923076923,
            87.25961538461539,
            87.84134615384616,
            88.32692307692308,
            88.72115384615384,
            88.80288461538461,
            89.21634615384616,
            89.58173076923077,
            89.74038461538461,
            89.9375,
            90.04807692307692,
            90.19711538461539,
            90.35096153846153,
            90.54326923076923,
            90.60576923076923,
            90.70673076923077,
            90.73076923076923,
            90.91826923076923,
            91.05288461538461,
            91.01442307692308,
            91.15865384615384,
            91.20673076923077,
            91.2451923076923
        ],
        "test_loss": [
            1.1038429377629206,
            0.8479191838777982,
            0.6973893180260291,
            0.602376050215501,
            0.5400367281987117,
            0.49804606144244856,
            0.46438969612121583,
            0.43558693372286283,
            0.4155203004983755,
            0.3963759525005634,
            0.3806312076862042,
            0.366570689861591,
            0.358904682306143,
            0.3458925980788011,
            0.3371291989546556,
            0.3286274462479811,
            0.32248712062835694,
            0.31527338174673225,
            0.3102920752305251,
            0.3041337702824519,
            0.3004938022906964,
            0.2973161147190974,
            0.293677732027494,
            0.28889247710888205,
            0.2866296104284433,
            0.28340684303870567,
            0.28171740788679855,
            0.27820854627169095,
            0.278184589606065,
            0.2736894064683181
        ],
        "val_acc": [
            67.37,
            74.95,
            79.18,
            81.64,
            83.56,
            84.49,
            85.86,
            86.78,
            87.3,
            87.93,
            88.3,
            88.88,
            89.22,
            89.56,
            89.68,
            90.01,
            90.02,
            90.53,
            90.37,
            90.74,
            90.72,
            90.72,
            90.79,
            90.92,
            91.25,
            91.18,
            91.18,
            91.25,
            91.52,
            91.38
        ],
        "val_loss": [
            1.1160823486328124,
            0.8592176330566407,
            0.709048388671875,
            0.6111135314941406,
            0.5463595825195312,
            0.5035880889892578,
            0.46553357849121096,
            0.43620977783203124,
            0.414558740234375,
            0.3932335113525391,
            0.3780275604248047,
            0.36377086791992186,
            0.35438812561035155,
            0.3413003356933594,
            0.3333776580810547,
            0.3240076171875,
            0.3166568878173828,
            0.30920291900634767,
            0.30443146057128906,
            0.29841051330566404,
            0.2958528259277344,
            0.2925711303710937,
            0.28984757385253906,
            0.2839822799682617,
            0.2804510498046875,
            0.27788841247558593,
            0.2749738418579102,
            0.2727169174194336,
            0.2714100540161133,
            0.26822938079833986
        ]
    }
}