{
    "desc": "Run 1 of hyperparameter search",
    "log_stdout": false,
    "params": {
        "batch_size": 64,
        "batch_size_eval": 1000,
        "learning_rate": 0.005,
        "momentum": 0.5,
        "num_epochs": 30,
        "scaling_factor": 2
    },
    "stdout": "",
    "timestamp": "2019-02-03 02:50:58.412475",
    "values": {
        "noisy_test_acc": [
            42.02884615384615,
            45.47596153846154,
            49.39423076923077,
            51.91346153846154,
            52.42307692307692,
            55.31730769230769,
            56.91346153846154,
            58.21634615384615,
            58.63461538461539,
            59.62980769230769,
            60.76923076923077,
            61.13942307692308,
            59.07692307692308,
            57.94230769230769,
            59.22596153846154,
            57.67788461538461,
            56.34134615384615,
            57.70192307692308,
            57.70192307692308,
            56.38942307692308,
            55.09134615384615,
            54.29807692307692,
            51.53365384615385,
            53.55769230769231,
            53.74519230769231,
            53.98076923076923,
            51.80769230769231,
            50.92307692307692,
            52.39903846153846,
            51.02403846153846
        ],
        "noisy_test_loss": [
            2.2033136279766374,
            2.1304344294621393,
            2.029920745262733,
            1.9510842484694262,
            1.9080486649733324,
            1.8188241621164176,
            1.74405393747183,
            1.7271276473999024,
            1.6817729407090407,
            1.6761621519235463,
            1.6241924990140475,
            1.6126623960641715,
            1.6575379239595853,
            1.663597968174861,
            1.638940510383019,
            1.6444634877718411,
            1.6759598555931678,
            1.6590955807612493,
            1.6305581855773925,
            1.6691653691805326,
            1.719726236783541,
            1.7353806480994591,
            1.7928985184889574,
            1.7264329866262582,
            1.725883524968074,
            1.6996474045973557,
            1.788475221487192,
            1.8066086094196026,
            1.7487201998783992,
            1.79491639650785
        ],
        "test_acc": [
            71.54326923076923,
            78.7451923076923,
            82.42307692307692,
            84.5673076923077,
            85.91826923076923,
            87.14903846153847,
            87.65384615384616,
            88.20673076923077,
            88.64423076923077,
            89.1875,
            89.5673076923077,
            89.9375,
            89.89903846153847,
            90.26923076923077,
            90.40865384615384,
            90.71634615384616,
            90.75961538461539,
            90.75,
            90.89423076923077,
            91.11538461538461,
            91.19711538461539,
            91.17788461538461,
            91.3701923076923,
            91.3798076923077,
            91.375,
            91.49038461538461,
            91.55288461538461,
            91.5625,
            91.58653846153847,
            91.78365384615384
        ],
        "test_loss": [
            0.9832686849740835,
            0.724697494506836,
            0.5921980916536771,
            0.5120108208289513,
            0.4640411142202524,
            0.42940959783700794,
            0.40157701859107386,
            0.3784528717627892,
            0.36296798632695126,
            0.34676568104670596,
            0.33439978379469654,
            0.3243918536259578,
            0.31991541642409105,
            0.3092901794727032,
            0.30231984211848334,
            0.2960691044880794,
            0.2937543553572435,
            0.2882660961151123,
            0.28444847693810094,
            0.2791348149226262,
            0.27669440049391525,
            0.2755757548258855,
            0.2718910756477943,
            0.26844830623039834,
            0.26735545525184046,
            0.26468837151160607,
            0.2647298471744244,
            0.26142385409428526,
            0.2631862860459548,
            0.2596488816921528
        ],
        "val_acc": [
            70.78,
            78.46,
            82.16,
            84.27,
            85.8,
            86.95,
            88.0,
            88.62,
            89.09,
            89.51,
            89.71,
            90.06,
            90.02,
            90.33,
            90.62,
            90.95,
            90.71,
            91.18,
            91.19,
            91.43,
            91.32,
            91.29,
            91.38,
            91.56,
            91.88,
            91.94,
            91.83,
            91.72,
            91.94,
            91.95
        ],
        "val_loss": [
            0.9964349609375,
            0.7356641357421875,
            0.6009064514160156,
            0.5180216979980469,
            0.4659317413330078,
            0.4302065307617188,
            0.39872304077148435,
            0.3759236846923828,
            0.3588015045166016,
            0.3414039886474609,
            0.3296084259033203,
            0.3202673583984375,
            0.31427577514648436,
            0.30457036437988283,
            0.2982800521850586,
            0.2910993728637695,
            0.28681528167724607,
            0.28143163146972655,
            0.2774767471313477,
            0.27193768463134765,
            0.27243164520263674,
            0.26985106048583984,
            0.26785436096191406,
            0.2632404495239258,
            0.26051158752441406,
            0.2586109939575195,
            0.25752679290771485,
            0.2563950378417969,
            0.2568588134765625,
            0.2547038055419922
        ]
    }
}