{
    "desc": "Run 10 of hyperparameter search",
    "log_stdout": false,
    "params": {
        "batch_size": 64,
        "batch_size_eval": 1000,
        "learning_rate": 0.04,
        "momentum": 0.5,
        "num_epochs": 30,
        "scaling_factor": 2
    },
    "stdout": "",
    "timestamp": "2019-02-03 06:03:38.529208",
    "values": {
        "noisy_test_acc": [
            54.97115384615385,
            57.50480769230769,
            60.65384615384615,
            60.77403846153846,
            58.21634615384615,
            57.17788461538461,
            60.79807692307692,
            60.25961538461539,
            56.72115384615385,
            55.58653846153846,
            57.69711538461539,
            56.06730769230769,
            54.5625,
            54.20673076923077,
            53.68269230769231,
            51.17788461538461,
            53.27884615384615,
            53.37019230769231,
            51.74519230769231,
            47.71634615384615,
            47.84615384615385,
            52.86538461538461,
            50.90865384615385,
            50.0,
            50.85096153846154,
            50.375,
            51.57692307692308,
            50.05769230769231,
            48.07692307692308,
            50.21153846153846
        ],
        "noisy_test_loss": [
            1.6805404090881348,
            1.4676488106067365,
            1.3294679069519042,
            1.3350976709219124,
            1.437660428560697,
            1.4966293555039627,
            1.3526561605013334,
            1.3601284525944637,
            1.508466017796443,
            1.5473210584200345,
            1.4793954863915078,
            1.5767462099515475,
            1.6746176881056565,
            1.6690718460083007,
            1.778626377399151,
            1.8655775451660157,
            1.7809075736999511,
            1.759887007199801,
            1.9615020795968863,
            2.1848841894589937,
            2.1832519883375903,
            1.8200288640535796,
            1.9728090799771822,
            2.0826878078167255,
            2.010490916325496,
            2.0445706470196066,
            2.001155254657452,
            2.1390059793912446,
            2.247723440023569,
            2.2104130656902607
        ],
        "test_acc": [
            86.59615384615384,
            89.53846153846153,
            90.23557692307692,
            91.1826923076923,
            91.40384615384616,
            91.34134615384616,
            91.8173076923077,
            91.83653846153847,
            91.79807692307692,
            91.86538461538461,
            91.98557692307692,
            91.96634615384616,
            91.78365384615384,
            92.0,
            91.82211538461539,
            91.95192307692308,
            91.96634615384616,
            92.0625,
            91.90865384615384,
            92.01923076923077,
            92.23557692307692,
            92.21153846153847,
            92.0673076923077,
            92.10576923076923,
            92.0673076923077,
            92.33653846153847,
            92.21634615384616,
            92.22596153846153,
            92.25961538461539,
            92.20673076923077
        ],
        "test_loss": [
            0.4275517493027907,
            0.33661482957693245,
            0.3081994973696195,
            0.2812380075454712,
            0.2744351709806002,
            0.2733805069556603,
            0.2642914236508883,
            0.26595489795391375,
            0.2646807703605065,
            0.2644367287709163,
            0.26246943107018106,
            0.2712003073325524,
            0.27243242850670446,
            0.27462140046633204,
            0.2814051030232356,
            0.28446569222670337,
            0.28732229416186994,
            0.2881835783444918,
            0.3004738338177021,
            0.3032769096814669,
            0.30153635171743537,
            0.3073433039738582,
            0.3111694915478046,
            0.3204401786510761,
            0.3172599161588229,
            0.3143570987994854,
            0.3263422782604511,
            0.3198093913151668,
            0.32950633929325984,
            0.3318832859626183
        ],
        "val_acc": [
            86.83,
            89.47,
            90.56,
            91.14,
            91.43,
            91.53,
            91.85,
            92.04,
            91.86,
            91.87,
            91.99,
            91.98,
            91.71,
            91.97,
            92.04,
            91.86,
            91.81,
            92.1,
            92.36,
            91.88,
            92.27,
            92.22,
            92.3,
            91.91,
            92.25,
            92.27,
            92.18,
            92.14,
            92.26,
            92.14
        ],
        "val_loss": [
            0.4325868774414062,
            0.33568339233398437,
            0.2997056365966797,
            0.27395059661865234,
            0.26681328125,
            0.26884064331054686,
            0.25979689178466797,
            0.2634359375,
            0.2558869827270508,
            0.25672205657958985,
            0.2534985946655273,
            0.2670225616455078,
            0.2679038101196289,
            0.27014093627929686,
            0.26668385162353514,
            0.27466394653320314,
            0.281614208984375,
            0.28399236450195314,
            0.2870836669921875,
            0.294002587890625,
            0.29533478393554685,
            0.28568482818603513,
            0.30267796325683594,
            0.31253774108886717,
            0.30763943786621095,
            0.3132132995605469,
            0.3167741485595703,
            0.31620005798339845,
            0.31671440887451174,
            0.33133876953125
        ]
    }
}