{
    "desc": "Run 11 of hyperparameter search",
    "log_stdout": false,
    "params": {
        "batch_size": 64,
        "batch_size_eval": 1000,
        "learning_rate": 0.04,
        "momentum": 0.7,
        "num_epochs": 30,
        "scaling_factor": 2
    },
    "stdout": "",
    "timestamp": "2019-02-03 06:21:46.930986",
    "values": {
        "noisy_test_acc": [
            53.78365384615385,
            55.3125,
            59.99038461538461,
            56.58173076923077,
            53.08653846153846,
            51.99038461538461,
            55.25961538461539,
            54.96153846153846,
            53.34615384615385,
            48.91346153846154,
            52.42307692307692,
            50.72596153846154,
            49.62980769230769,
            48.84615384615385,
            47.21634615384615,
            46.6875,
            47.61057692307692,
            45.16826923076923,
            45.01923076923077,
            44.13942307692308,
            47.01442307692308,
            46.41346153846154,
            42.07692307692308,
            42.3125,
            42.375,
            45.66346153846154,
            44.07211538461539,
            43.26923076923077,
            40.84134615384615,
            42.41826923076923
        ],
        "noisy_test_loss": [
            1.6175498170119065,
            1.560757400072538,
            1.3907734988285945,
            1.5251872708247258,
            1.7045546399630034,
            1.7905138397216798,
            1.6434356014545146,
            1.6416602897644044,
            1.7579784026512733,
            1.952038895533635,
            1.77133237692026,
            1.9591281274648813,
            2.036033138862023,
            2.0337508803147535,
            2.166663341522217,
            2.1889647028996393,
            2.145198224874643,
            2.2350918285663313,
            2.416541598393367,
            2.340669696514423,
            2.17391600388747,
            2.207250311924861,
            2.572469693697416,
            2.516574971125676,
            2.4395148379986105,
            2.332212016765888,
            2.376729363661546,
            2.5158820548424354,
            2.574972589932955,
            2.5967492939875676
        ],
        "test_acc": [
            87.0576923076923,
            89.88461538461539,
            90.53846153846153,
            91.15384615384616,
            91.29807692307692,
            91.45673076923077,
            91.61057692307692,
            91.42307692307692,
            91.4326923076923,
            91.65865384615384,
            91.38942307692308,
            91.67307692307692,
            91.60096153846153,
            91.78846153846153,
            91.70673076923077,
            91.75,
            91.42307692307692,
            91.53365384615384,
            91.78846153846153,
            91.6826923076923,
            91.66346153846153,
            91.59615384615384,
            91.57211538461539,
            91.72115384615384,
            91.6875,
            91.5576923076923,
            92.09615384615384,
            91.98557692307692,
            91.55288461538461,
            91.8701923076923
        ],
        "test_loss": [
            0.4044898774073674,
            0.33030328383812535,
            0.30175528379587024,
            0.28658780244680554,
            0.2829900613197914,
            0.28818739047417274,
            0.2803714040609506,
            0.2893563149525569,
            0.29718699748699484,
            0.2912092568324162,
            0.30400142743037295,
            0.2881739143224863,
            0.30065697743342473,
            0.30526386187626764,
            0.312027268409729,
            0.31795558232527515,
            0.32829671713022085,
            0.3314351147871751,
            0.33463775634765625,
            0.3432890877356896,
            0.35123705533834604,
            0.36109295221475457,
            0.36276614372546856,
            0.37363313895005446,
            0.3748420759347769,
            0.37994145466731144,
            0.36998676960284893,
            0.38556532859802245,
            0.4148815514491155,
            0.4024250030517578
        ],
        "val_acc": [
            87.01,
            89.66,
            90.85,
            91.04,
            91.43,
            91.22,
            91.51,
            91.44,
            91.68,
            91.81,
            91.67,
            91.85,
            91.72,
            91.89,
            91.74,
            91.5,
            91.79,
            91.59,
            91.83,
            91.72,
            91.58,
            91.55,
            91.34,
            91.88,
            91.42,
            91.67,
            91.8,
            92.04,
            91.92,
            92.12
        ],
        "val_loss": [
            0.4144859375,
            0.328835595703125,
            0.29089541015625,
            0.28107217712402344,
            0.27430528564453127,
            0.2817034851074219,
            0.27698236541748045,
            0.27763440246582033,
            0.2782335220336914,
            0.282892041015625,
            0.2840525146484375,
            0.28849105834960936,
            0.3006918914794922,
            0.3024585510253906,
            0.29309024200439454,
            0.3139419174194336,
            0.3102307144165039,
            0.3206647964477539,
            0.32423207092285156,
            0.3353741241455078,
            0.34865013732910155,
            0.35587678985595705,
            0.36751893005371095,
            0.3612969955444336,
            0.38610556945800784,
            0.37746862182617186,
            0.3585829162597656,
            0.3696224365234375,
            0.3926109313964844,
            0.3903441192626953
        ]
    }
}