{
    "desc": "Run 12 of hyperparameter search",
    "log_stdout": false,
    "params": {
        "batch_size": 128,
        "batch_size_eval": 1000,
        "learning_rate": 0.005,
        "momentum": 0.3,
        "num_epochs": 30,
        "scaling_factor": 2
    },
    "stdout": "",
    "timestamp": "2019-02-03 06:40:02.889717",
    "values": {
        "noisy_test_acc": [
            42.96153846153846,
            42.45192307692308,
            43.32211538461539,
            43.45673076923077,
            45.19230769230769,
            47.75480769230769,
            47.83653846153846,
            47.75,
            48.12980769230769,
            51.01923076923077,
            51.54807692307692,
            52.19711538461539,
            53.8125,
            54.16346153846154,
            54.55769230769231,
            55.375,
            57.40384615384615,
            58.09134615384615,
            57.87980769230769,
            57.06730769230769,
            58.66346153846154,
            58.09615384615385,
            58.21634615384615,
            59.75961538461539,
            59.86538461538461,
            60.125,
            61.24519230769231,
            59.09615384615385,
            59.15865384615385,
            60.80288461538461
        ],
        "noisy_test_loss": [
            2.190894018319937,
            2.1412731904249926,
            2.137267761230469,
            2.1139122244027946,
            2.0630866036048303,
            2.004870496896597,
            1.9726685362595777,
            1.9554341712364784,
            1.938217327411358,
            1.8823755234938402,
            1.8636900212214542,
            1.838772333585299,
            1.8061812826303336,
            1.7928970689039965,
            1.7696561960073618,
            1.7483881363501916,
            1.7221387202923115,
            1.6936878175001877,
            1.7004642706650954,
            1.693267650604248,
            1.6684304721538836,
            1.665058094904973,
            1.6454945197472206,
            1.6191343131432165,
            1.6218112916212815,
            1.603280705672044,
            1.5868815994262695,
            1.615283329303448,
            1.6009500004695012,
            1.5779027836139385
        ],
        "test_acc": [
            60.68269230769231,
            68.40384615384616,
            72.5048076923077,
            75.36057692307692,
            77.79807692307692,
            79.64903846153847,
            81.17307692307692,
            82.32211538461539,
            83.16826923076923,
            83.85096153846153,
            84.4326923076923,
            85.10096153846153,
            85.36057692307692,
            86.07692307692308,
            86.40384615384616,
            86.76442307692308,
            86.9423076923077,
            87.28365384615384,
            87.5673076923077,
            87.69711538461539,
            88.03846153846153,
            88.23557692307692,
            88.42307692307692,
            88.46634615384616,
            88.84134615384616,
            88.9375,
            89.24038461538461,
            89.27403846153847,
            89.40384615384616,
            89.6201923076923
        ],
        "test_loss": [
            1.4083220789982722,
            1.0950629131610576,
            0.951455204303448,
            0.8466909247178298,
            0.76042905660776,
            0.6945155422504131,
            0.6432455547039325,
            0.6022875052232008,
            0.5696820581876315,
            0.5406922897925743,
            0.5189681419959435,
            0.49552644582895133,
            0.47927612891564003,
            0.4619564753312331,
            0.4482327651977539,
            0.43593857618478626,
            0.42380367572490985,
            0.4137636610177847,
            0.403685486133282,
            0.3955733768756573,
            0.3869665417304406,
            0.3794736517392672,
            0.372684687100924,
            0.36604671258192795,
            0.36068025588989255,
            0.3553866929274339,
            0.3503886875739464,
            0.3445307518885686,
            0.34086494005643403,
            0.3346369449908917
        ],
        "val_acc": [
            60.16,
            67.6,
            72.12,
            75.02,
            77.24,
            79.22,
            80.62,
            81.71,
            82.85,
            83.59,
            84.27,
            84.86,
            85.4,
            86.09,
            86.28,
            86.72,
            86.98,
            87.35,
            87.6,
            87.88,
            88.17,
            88.5,
            88.71,
            88.92,
            89.33,
            89.18,
            89.61,
            89.65,
            89.78,
            89.73
        ],
        "val_loss": [
            1.4138872680664063,
            1.1048891967773438,
            0.9622012512207031,
            0.857833740234375,
            0.7731976318359375,
            0.7056800048828125,
            0.6531595642089844,
            0.6110362121582031,
            0.5774749572753907,
            0.5470927032470703,
            0.5241885070800781,
            0.5005322265625,
            0.48351914978027344,
            0.4640663970947266,
            0.4504685485839844,
            0.43666397399902346,
            0.424376953125,
            0.4135457244873047,
            0.4038116943359375,
            0.3949853973388672,
            0.38506781005859375,
            0.37709593505859373,
            0.3696377685546875,
            0.3623060974121094,
            0.3568527099609375,
            0.35204766235351564,
            0.345170947265625,
            0.34059043884277346,
            0.3358114288330078,
            0.33140011291503907
        ]
    }
}