{
    "desc": "Run 13 of hyperparameter search",
    "log_stdout": false,
    "params": {
        "batch_size": 128,
        "batch_size_eval": 1000,
        "learning_rate": 0.005,
        "momentum": 0.5,
        "num_epochs": 30,
        "scaling_factor": 2
    },
    "stdout": "",
    "timestamp": "2019-02-03 06:57:27.977707",
    "values": {
        "noisy_test_acc": [
            42.86057692307692,
            42.30769230769231,
            44.48557692307692,
            44.51442307692308,
            46.22115384615385,
            50.29807692307692,
            51.35096153846154,
            50.52403846153846,
            51.66826923076923,
            54.79326923076923,
            55.54326923076923,
            56.0,
            57.1875,
            56.83173076923077,
            58.09615384615385,
            58.62980769230769,
            59.125,
            60.20192307692308,
            59.48557692307692,
            58.98557692307692,
            59.59134615384615,
            58.37019230769231,
            58.4375,
            59.18269230769231,
            59.60576923076923,
            59.20673076923077,
            59.64903846153846,
            56.72115384615385,
            57.64423076923077,
            58.32211538461539
        ],
        "noisy_test_loss": [
            2.1522416452261117,
            2.1545887521597056,
            2.119301074101375,
            2.0979758013211764,
            2.0337864861121546,
            1.9576339193490835,
            1.8954411932138295,
            1.897828524662898,
            1.8541442372248722,
            1.7992076228215144,
            1.781262177687425,
            1.7552297122661884,
            1.7173542462862454,
            1.7237773895263673,
            1.6981743533794698,
            1.6775857514601487,
            1.6812646073561448,
            1.6411214329646184,
            1.6475512372530423,
            1.648663553091196,
            1.629165537907527,
            1.652491563650278,
            1.636337535564716,
            1.6174036231407753,
            1.6259204981877253,
            1.6051001387376052,
            1.6125146293640136,
            1.67217740719135,
            1.6402147028996394,
            1.6212033477196326
        ],
        "test_acc": [
            64.5,
            71.82211538461539,
            76.0,
            78.82692307692308,
            81.24038461538461,
            82.83653846153847,
            83.71153846153847,
            84.70192307692308,
            85.32211538461539,
            86.02884615384616,
            86.42788461538461,
            87.07692307692308,
            87.36538461538461,
            87.77884615384616,
            88.02403846153847,
            88.27884615384616,
            88.53846153846153,
            88.75961538461539,
            89.15384615384616,
            89.28365384615384,
            89.4326923076923,
            89.67788461538461,
            89.75961538461539,
            89.875,
            89.9375,
            90.125,
            90.34615384615384,
            90.39423076923077,
            90.34134615384616,
            90.54807692307692
        ],
        "test_loss": [
            1.2439735001784105,
            0.9755752856914813,
            0.8266729839031512,
            0.7235251001211314,
            0.6435814402653621,
            0.5866274041395921,
            0.5446171657855694,
            0.5112292509812575,
            0.4849961867699256,
            0.46119210976820724,
            0.44423774352440465,
            0.4245530619988075,
            0.41284570253812347,
            0.39808499116163987,
            0.3867038154602051,
            0.37725665165827826,
            0.36708903092604417,
            0.35977895956773026,
            0.3514822035569411,
            0.34514986258286695,
            0.33869672261751615,
            0.3329195741506723,
            0.32737523592435397,
            0.32212334412794846,
            0.3177742312504695,
            0.3146939468383789,
            0.3107951633746807,
            0.3067209940690261,
            0.304484616793119,
            0.2986425700554481
        ],
        "val_acc": [
            63.97,
            71.31,
            75.54,
            78.41,
            80.54,
            82.27,
            83.4,
            84.38,
            85.27,
            85.91,
            86.48,
            87.17,
            87.35,
            88.1,
            88.32,
            88.48,
            88.82,
            88.98,
            89.42,
            89.45,
            89.79,
            89.83,
            89.96,
            90.01,
            90.15,
            90.17,
            90.49,
            90.35,
            90.49,
            90.75
        ],
        "val_loss": [
            1.252573193359375,
            0.9851940063476563,
            0.8372586975097657,
            0.7338789184570312,
            0.6550857543945312,
            0.595575390625,
            0.5515336059570313,
            0.5168447204589843,
            0.48949307556152344,
            0.46432431945800784,
            0.44591174926757815,
            0.4263821014404297,
            0.41349968872070314,
            0.3968488952636719,
            0.38598126525878906,
            0.37483681030273436,
            0.36498705139160154,
            0.3572156707763672,
            0.34941196594238283,
            0.34261171875,
            0.335601953125,
            0.32946621704101564,
            0.32341795043945315,
            0.318400537109375,
            0.31398325500488283,
            0.3116868865966797,
            0.3058708129882812,
            0.3028873565673828,
            0.29912836608886717,
            0.2956849578857422
        ]
    }
}