{
    "desc": "Run 14 of hyperparameter search",
    "log_stdout": false,
    "params": {
        "batch_size": 128,
        "batch_size_eval": 1000,
        "learning_rate": 0.005,
        "momentum": 0.7,
        "num_epochs": 30,
        "scaling_factor": 2
    },
    "stdout": "",
    "timestamp": "2019-02-03 07:14:55.787165",
    "values": {
        "noisy_test_acc": [
            41.79807692307692,
            43.85576923076923,
            48.35576923076923,
            47.77884615384615,
            51.00480769230769,
            56.0625,
            56.6875,
            55.84134615384615,
            57.40384615384615,
            58.89903846153846,
            59.56730769230769,
            58.83653846153846,
            59.23076923076923,
            58.16346153846154,
            58.24519230769231,
            59.0,
            57.57211538461539,
            59.12980769230769,
            57.38461538461539,
            56.54807692307692,
            56.54326923076923,
            54.88461538461539,
            54.98076923076923,
            55.07692307692308,
            55.81730769230769,
            53.95192307692308,
            54.80769230769231,
            51.51442307692308,
            52.87980769230769,
            53.33173076923077
        ],
        "noisy_test_loss": [
            2.1881820150522087,
            2.155472303537222,
            2.0799805861253007,
            2.0414260013286882,
            1.933107296870305,
            1.8404896310659555,
            1.7847584475003757,
            1.778174092219426,
            1.7246272512582632,
            1.6843143697885368,
            1.674884216602032,
            1.6730692907480094,
            1.6579860877990722,
            1.6829353772676907,
            1.6738269057640662,
            1.6406916926457331,
            1.6899862612210788,
            1.6422081448481634,
            1.671743061359112,
            1.6826074248093825,
            1.66653960448045,
            1.7219927054185133,
            1.7034235029954177,
            1.7059314977205717,
            1.6830839729309082,
            1.7107826937161958,
            1.7049282499460074,
            1.8108532920250526,
            1.7581071956341083,
            1.732470937875601
        ],
        "test_acc": [
            69.47115384615384,
            76.9375,
            81.29326923076923,
            83.15384615384616,
            84.77403846153847,
            85.99038461538461,
            86.8125,
            87.35096153846153,
            87.90865384615384,
            88.44711538461539,
            88.63942307692308,
            89.2548076923077,
            89.20673076923077,
            89.72596153846153,
            89.95192307692308,
            90.23557692307692,
            90.33173076923077,
            90.3076923076923,
            90.57211538461539,
            90.52884615384616,
            90.5673076923077,
            90.85096153846153,
            90.94711538461539,
            90.99038461538461,
            91.14423076923077,
            91.15865384615384,
            91.1298076923077,
            91.39423076923077,
            91.25961538461539,
            91.4326923076923
        ],
        "test_loss": [
            1.0525061475313626,
            0.7888067949735201,
            0.6445423360971304,
            0.562577998821552,
            0.5024473248995267,
            0.46149077635545,
            0.4311657215998723,
            0.40688050783597507,
            0.389804168847891,
            0.3720977394397442,
            0.3597024939610408,
            0.34467729715200573,
            0.3396560727632963,
            0.32708653303293084,
            0.31906657218933104,
            0.31338091630202075,
            0.3068745378347544,
            0.30250914060152495,
            0.297300820350647,
            0.29388576874366173,
            0.29068089155050425,
            0.2860683741936317,
            0.28257850903731124,
            0.2798826430394099,
            0.27688857225271374,
            0.27690134341900163,
            0.27327291635366585,
            0.27142276470477766,
            0.2706648665208083,
            0.2657789101967445
        ],
        "val_acc": [
            68.81,
            76.49,
            80.37,
            82.98,
            84.33,
            85.62,
            86.65,
            87.57,
            88.21,
            88.72,
            89.08,
            89.63,
            89.71,
            90.08,
            90.35,
            90.29,
            90.5,
            90.51,
            90.81,
            90.66,
            90.94,
            91.08,
            91.18,
            91.28,
            91.54,
            91.44,
            91.52,
            91.5,
            91.62,
            91.74
        ],
        "val_loss": [
            1.063956201171875,
            0.7976814575195312,
            0.6535854797363281,
            0.5691560729980468,
            0.5092545104980468,
            0.46563695068359373,
            0.4328227233886719,
            0.40674925231933595,
            0.3883603454589844,
            0.3697584503173828,
            0.35629832763671876,
            0.34230167236328124,
            0.33592848205566406,
            0.32237236022949217,
            0.3159864196777344,
            0.3103143768310547,
            0.3028837890625,
            0.29950433044433594,
            0.2942503799438477,
            0.2900727722167969,
            0.2865645523071289,
            0.28191497650146485,
            0.27686807708740235,
            0.27588889465332034,
            0.27153241271972656,
            0.2723117156982422,
            0.26695074615478515,
            0.2668975601196289,
            0.2641795349121094,
            0.26299456329345705
        ]
    }
}