{
    "desc": "Run 15 of hyperparameter search",
    "log_stdout": false,
    "params": {
        "batch_size": 128,
        "batch_size_eval": 1000,
        "learning_rate": 0.01,
        "momentum": 0.3,
        "num_epochs": 30,
        "scaling_factor": 2
    },
    "stdout": "",
    "timestamp": "2019-02-03 07:32:42.918060",
    "values": {
        "noisy_test_acc": [
            41.46153846153846,
            43.44230769230769,
            46.80288461538461,
            46.5,
            49.44711538461539,
            53.57692307692308,
            55.24038461538461,
            54.69230769230769,
            56.38942307692308,
            57.66826923076923,
            58.89903846153846,
            59.01923076923077,
            58.89903846153846,
            58.75,
            58.55769230769231,
            58.94711538461539,
            58.84134615384615,
            59.8125,
            59.12019230769231,
            57.71634615384615,
            57.72596153846154,
            56.96634615384615,
            56.45673076923077,
            55.90865384615385,
            57.3125,
            56.625,
            56.21153846153846,
            53.25480769230769,
            54.36057692307692,
            55.61538461538461
        ],
        "noisy_test_loss": [
            2.185475011972281,
            2.1545662865271935,
            2.105959971501277,
            2.0737747104351336,
            1.9751705287053034,
            1.8929430007934571,
            1.8287651707575872,
            1.814023798429049,
            1.7717729509793796,
            1.7319776182908277,
            1.706027591411884,
            1.696257610321045,
            1.6859538474449745,
            1.6875926516606257,
            1.6734130096435547,
            1.6536291621281551,
            1.6822662397531363,
            1.629416142977201,
            1.6397809967627892,
            1.6591935143103966,
            1.6437552232008714,
            1.6841075310340294,
            1.6724227875929611,
            1.6681701308030348,
            1.669107878758357,
            1.6594888158944936,
            1.6805240924541767,
            1.7593520824725812,
            1.719386197603666,
            1.6790735200735238
        ],
        "test_acc": [
            67.95192307692308,
            75.54807692307692,
            79.83173076923077,
            82.20673076923077,
            83.78846153846153,
            85.1923076923077,
            85.89903846153847,
            86.76442307692308,
            87.125,
            87.7548076923077,
            88.08653846153847,
            88.60576923076923,
            88.73076923076923,
            89.27884615384616,
            89.48557692307692,
            89.69711538461539,
            89.9423076923077,
            89.84615384615384,
            90.25961538461539,
            90.22596153846153,
            90.33173076923077,
            90.57692307692308,
            90.67788461538461,
            90.70673076923077,
            90.78846153846153,
            90.92788461538461,
            91.0,
            91.11538461538461,
            90.97596153846153,
            91.3125
        ],
        "test_loss": [
            1.1051774303729718,
            0.8452557783860427,
            0.6957357553335336,
            0.6053824439415565,
            0.5399440794724685,
            0.4944653078225943,
            0.4612648817209097,
            0.4343851302220271,
            0.4139164557823768,
            0.39523396858802207,
            0.382358854000385,
            0.36635057375981256,
            0.35913849390470065,
            0.34602289786705603,
            0.336706030185406,
            0.3299451923370361,
            0.32218706864577074,
            0.31778414946336014,
            0.31047153326181265,
            0.3065726742377648,
            0.3024331910793598,
            0.2975689770625188,
            0.29406708533947284,
            0.29122298900897686,
            0.28661209436563345,
            0.28614020861112155,
            0.2820898672250601,
            0.2798737401228685,
            0.2787435957101675,
            0.27319922777322625
        ],
        "val_acc": [
            67.13,
            75.05,
            79.2,
            81.72,
            83.45,
            84.68,
            85.74,
            86.73,
            87.49,
            87.99,
            88.41,
            88.95,
            89.12,
            89.46,
            89.72,
            89.89,
            90.11,
            90.05,
            90.5,
            90.38,
            90.65,
            90.73,
            90.87,
            90.93,
            91.2,
            91.15,
            91.4,
            91.25,
            91.41,
            91.55
        ],
        "val_loss": [
            1.11675341796875,
            0.8547630798339844,
            0.7054215759277344,
            0.6136125061035156,
            0.5486454284667969,
            0.5007231414794922,
            0.4649300048828125,
            0.4365754913330078,
            0.4143632446289062,
            0.39395711669921873,
            0.38019921569824217,
            0.3646345703125,
            0.35598373718261717,
            0.34172392578125,
            0.33380895690917967,
            0.32662348022460935,
            0.31864410705566404,
            0.31454560852050784,
            0.30730472106933593,
            0.30287374877929685,
            0.2982601531982422,
            0.2934920257568359,
            0.28846808166503907,
            0.28709828491210937,
            0.2817468444824219,
            0.2818440719604492,
            0.27536553192138674,
            0.2750529296875,
            0.271368359375,
            0.2698283660888672
        ]
    }
}