{
    "desc": "Run 16 of hyperparameter search",
    "log_stdout": false,
    "params": {
        "batch_size": 128,
        "batch_size_eval": 1000,
        "learning_rate": 0.01,
        "momentum": 0.5,
        "num_epochs": 30,
        "scaling_factor": 2
    },
    "stdout": "",
    "timestamp": "2019-02-03 07:50:38.673035",
    "values": {
        "noisy_test_acc": [
            41.75961538461539,
            45.11538461538461,
            50.44230769230769,
            49.03846153846154,
            53.25,
            57.5,
            57.81730769230769,
            56.77884615384615,
            58.89903846153846,
            59.64423076923077,
            59.94711538461539,
            58.98557692307692,
            58.88461538461539,
            58.28846153846154,
            57.37980769230769,
            57.65384615384615,
            56.22596153846154,
            57.62019230769231,
            55.75,
            56.11538461538461,
            55.3125,
            53.10576923076923,
            52.96153846153846,
            52.02403846153846,
            52.66346153846154,
            51.76442307692308,
            53.05288461538461,
            49.01923076923077,
            49.97115384615385,
            51.34134615384615
        ],
        "noisy_test_loss": [
            2.2194067676250753,
            2.13787715618427,
            2.0514969165508563,
            2.0176275693453274,
            1.8875676874014047,
            1.8090503076406625,
            1.7510281812227688,
            1.7449415368300218,
            1.6959467286330003,
            1.668985457787147,
            1.6486981597313515,
            1.670910748701829,
            1.6595524919950044,
            1.6730295826838566,
            1.6804643880403958,
            1.6577633960430438,
            1.718995205805852,
            1.667712006202111,
            1.7052837841327373,
            1.6914519559420071,
            1.6897463871882512,
            1.7606437316307655,
            1.765663230602558,
            1.7756656544025127,
            1.7667956572312575,
            1.7776175983135516,
            1.7539232327387884,
            1.8569353088965783,
            1.827458050067608,
            1.7897161278357872
        ],
        "test_acc": [
            71.36057692307692,
            78.8798076923077,
            82.71153846153847,
            84.42788461538461,
            85.9423076923077,
            87.02403846153847,
            87.6875,
            88.22596153846153,
            88.74038461538461,
            89.17788461538461,
            89.36538461538461,
            89.91826923076923,
            89.8125,
            90.24038461538461,
            90.4423076923077,
            90.64903846153847,
            90.79326923076923,
            90.72596153846153,
            91.0673076923077,
            90.92788461538461,
            91.07692307692308,
            91.26442307692308,
            91.34615384615384,
            91.20192307692308,
            91.4423076923077,
            91.45673076923077,
            91.52884615384616,
            91.6298076923077,
            91.4423076923077,
            91.6923076923077
        ],
        "test_loss": [
            0.9861519681490385,
            0.7215842672494741,
            0.5882008332472581,
            0.5165667159740741,
            0.46290908153240495,
            0.42668835419874923,
            0.3990785004542424,
            0.3779366529904879,
            0.3621462396474985,
            0.34717042482816257,
            0.3371035355788011,
            0.3232833510178786,
            0.320229340333205,
            0.3090989963824932,
            0.30185994698451113,
            0.2973200247837947,
            0.2913391436063326,
            0.28911318925710827,
            0.2842347915355976,
            0.28212297953092136,
            0.2793968589489277,
            0.2746044430365929,
            0.27241049253023586,
            0.27105615102327785,
            0.2682863873701829,
            0.26940900032336895,
            0.2652572312721839,
            0.26402617307809684,
            0.26356377564943756,
            0.25942161523378815
        ],
        "val_acc": [
            70.62,
            78.53,
            82.07,
            84.18,
            85.61,
            86.74,
            87.77,
            88.32,
            88.97,
            89.52,
            89.63,
            90.09,
            90.3,
            90.55,
            90.8,
            90.66,
            90.99,
            90.9,
            91.09,
            90.94,
            91.32,
            91.39,
            91.53,
            91.46,
            91.74,
            91.63,
            91.81,
            91.71,
            91.84,
            91.86
        ],
        "val_loss": [
            0.9979524047851562,
            0.7304726684570313,
            0.595617578125,
            0.521500048828125,
            0.46800741577148436,
            0.4295208557128906,
            0.39915406799316405,
            0.3763841552734375,
            0.3594339569091797,
            0.3434799835205078,
            0.3334532653808594,
            0.3206543487548828,
            0.3162733367919922,
            0.30426001586914064,
            0.2985584411621094,
            0.2940955368041992,
            0.2878006591796875,
            0.28595881652832034,
            0.28105059356689455,
            0.2772160430908203,
            0.2750005950927734,
            0.2705530044555664,
            0.26647906341552735,
            0.266806005859375,
            0.2621489715576172,
            0.26428384857177734,
            0.2578780242919922,
            0.25939640197753905,
            0.25698382568359374,
            0.2562840377807617
        ]
    }
}