{
    "desc": "Run 17 of hyperparameter search",
    "log_stdout": false,
    "params": {
        "batch_size": 128,
        "batch_size_eval": 1000,
        "learning_rate": 0.01,
        "momentum": 0.7,
        "num_epochs": 30,
        "scaling_factor": 2
    },
    "stdout": "",
    "timestamp": "2019-02-03 08:08:02.376642",
    "values": {
        "noisy_test_acc": [
            44.44711538461539,
            48.48076923076923,
            55.70673076923077,
            51.54807692307692,
            57.1875,
            59.38461538461539,
            58.86538461538461,
            58.6875,
            58.95673076923077,
            58.55769230769231,
            57.51923076923077,
            56.16346153846154,
            54.89903846153846,
            54.55288461538461,
            54.40384615384615,
            55.38461538461539,
            49.53365384615385,
            52.47115384615385,
            50.14423076923077,
            50.48076923076923,
            50.41346153846154,
            47.73557692307692,
            47.90865384615385,
            47.49519230769231,
            46.09615384615385,
            47.30288461538461,
            48.51442307692308,
            45.59615384615385,
            44.93269230769231,
            45.47115384615385
        ],
        "noisy_test_loss": [
            2.243218495295598,
            2.0611595564622145,
            1.9291312995323768,
            1.9154192132216235,
            1.7555887779822716,
            1.6984076206500713,
            1.6511217293372522,
            1.6392609317486102,
            1.625992843921368,
            1.6143136171194223,
            1.6297650278531588,
            1.6772782120337852,
            1.7023928965055026,
            1.6860584611159104,
            1.6972586118257962,
            1.6588918950007512,
            1.8367812215364896,
            1.7488491733257587,
            1.8169969573387732,
            1.7928865286020133,
            1.7981393711383526,
            1.903414598611685,
            1.8939861004169172,
            1.8981246185302734,
            1.9872191869295561,
            1.9403980049720178,
            1.8962217462979831,
            2.0156321276151217,
            2.038082722883958,
            2.0065460879986103
        ],
        "test_acc": [
            76.6875,
            83.27403846153847,
            85.89903846153847,
            87.21153846153847,
            88.27884615384616,
            89.14903846153847,
            89.78365384615384,
            90.0576923076923,
            90.23076923076923,
            90.51923076923077,
            90.41826923076923,
            91.0048076923077,
            90.98076923076923,
            91.28846153846153,
            91.46634615384616,
            91.5576923076923,
            91.47596153846153,
            91.54326923076923,
            91.75961538461539,
            91.52403846153847,
            91.61538461538461,
            91.8125,
            92.0,
            91.79807692307692,
            92.01442307692308,
            91.88461538461539,
            91.91826923076923,
            92.01442307692308,
            92.04807692307692,
            92.10096153846153
        ],
        "test_loss": [
            0.7994254919198843,
            0.5601282882690429,
            0.46474558903620794,
            0.41531312942504883,
            0.37481008309584396,
            0.3495730730203482,
            0.3306595354813796,
            0.31588635811438925,
            0.30703715617840105,
            0.29770929703345667,
            0.2925619785602276,
            0.2790842731182392,
            0.28150776422940765,
            0.27662019949692945,
            0.26775006734407863,
            0.267176854793842,
            0.2637624135384193,
            0.2627702232507559,
            0.26144892362447886,
            0.2601140733865591,
            0.2589090292270367,
            0.25656624207129847,
            0.25421735470111556,
            0.2578829809335562,
            0.25459976196289064,
            0.2599198895234328,
            0.25578959134908824,
            0.25502999159005973,
            0.25650171756744383,
            0.2552996176939744
        ],
        "val_acc": [
            75.88,
            82.86,
            85.77,
            87.33,
            88.55,
            89.1,
            89.97,
            90.47,
            90.15,
            90.58,
            90.9,
            91.21,
            91.26,
            91.55,
            91.6,
            91.44,
            91.6,
            91.74,
            91.67,
            91.59,
            91.75,
            91.95,
            92.12,
            92.11,
            92.29,
            92.23,
            92.27,
            92.27,
            92.26,
            92.13
        ],
        "val_loss": [
            0.8106001770019531,
            0.5673923126220703,
            0.4691874847412109,
            0.41462379150390627,
            0.3743807434082031,
            0.34922852478027344,
            0.32705184326171877,
            0.3113448944091797,
            0.304609130859375,
            0.29314028015136717,
            0.2882143081665039,
            0.27702957305908205,
            0.2763071044921875,
            0.2697462463378906,
            0.2639573532104492,
            0.2642357208251953,
            0.26128690490722656,
            0.2591636978149414,
            0.25866511688232424,
            0.25767603912353515,
            0.25556121063232423,
            0.25372039794921875,
            0.2477137481689453,
            0.25208627777099607,
            0.24696945495605468,
            0.2519181640625,
            0.24675651092529297,
            0.24969644927978515,
            0.2486607177734375,
            0.2513996643066406
        ]
    }
}