{
    "desc": "Run 18 of hyperparameter search",
    "log_stdout": false,
    "params": {
        "batch_size": 128,
        "batch_size_eval": 1000,
        "learning_rate": 0.02,
        "momentum": 0.3,
        "num_epochs": 30,
        "scaling_factor": 2
    },
    "stdout": "",
    "timestamp": "2019-02-03 08:25:33.351821",
    "values": {
        "noisy_test_acc": [
            43.39423076923077,
            47.84134615384615,
            54.41826923076923,
            51.00480769230769,
            56.52403846153846,
            59.71634615384615,
            59.34615384615385,
            58.01923076923077,
            59.42307692307692,
            59.22596153846154,
            58.29807692307692,
            56.18269230769231,
            56.17788461538461,
            56.10576923076923,
            54.09615384615385,
            55.5625,
            50.66346153846154,
            53.31730769230769,
            50.375,
            51.19711538461539,
            50.34615384615385,
            47.77403846153846,
            47.60576923076923,
            47.14423076923077,
            47.62980769230769,
            46.61538461538461,
            46.96153846153846,
            44.64903846153846,
            45.73557692307692,
            45.14423076923077
        ],
        "noisy_test_loss": [
            2.254492727426382,
            2.091829449580266,
            1.9840588525625376,
            1.9434903042133038,
            1.7929470825195313,
            1.7271726138775165,
            1.6745728654127854,
            1.6786927619347205,
            1.6483082962036133,
            1.63100033393273,
            1.6413088754507212,
            1.6821988061758189,
            1.7004177298912635,
            1.6848063571636493,
            1.736909597837008,
            1.6635597903911885,
            1.8293412560683031,
            1.7588184532752404,
            1.8518261689406175,
            1.7892209126399115,
            1.8275743161714995,
            1.9263637469365047,
            1.9050338671757625,
            1.9418105653616098,
            1.9458261255117564,
            1.9673978482759915,
            1.9638626934931829,
            2.061922092437744,
            2.0110054837740385,
            2.026370804126446
        ],
        "test_acc": [
            75.1201923076923,
            82.05288461538461,
            85.0673076923077,
            86.58173076923077,
            87.83653846153847,
            88.5048076923077,
            89.11057692307692,
            89.6201923076923,
            89.89903846153847,
            90.1826923076923,
            90.20673076923077,
            90.71153846153847,
            90.72596153846153,
            90.95673076923077,
            91.10576923076923,
            91.15384615384616,
            91.36057692307692,
            91.35096153846153,
            91.50961538461539,
            91.35576923076923,
            91.48076923076923,
            91.72115384615384,
            91.71153846153847,
            91.59615384615384,
            91.89423076923077,
            91.71634615384616,
            91.78846153846153,
            91.875,
            91.83173076923077,
            91.83173076923077
        ],
        "test_loss": [
            0.8534252108060396,
            0.6041788189227765,
            0.49659548686100885,
            0.4407304807809683,
            0.39792699080247146,
            0.37038829216590297,
            0.3482188444871169,
            0.3319835567474365,
            0.31966893489544207,
            0.30949616798987756,
            0.3036729603547316,
            0.2920873994093675,
            0.29194665542015663,
            0.2851589881456815,
            0.27766606477590705,
            0.27561794244326077,
            0.2708154062124399,
            0.2708695228283222,
            0.2679600939383874,
            0.26568743448991045,
            0.2651237905942477,
            0.26155074743124157,
            0.25914009204277627,
            0.2638027954101563,
            0.2577906087728647,
            0.26308056317842926,
            0.2577683162689209,
            0.25690154332381027,
            0.25820407794072076,
            0.257170467376709
        ],
        "val_acc": [
            74.41,
            81.63,
            84.71,
            86.37,
            87.68,
            88.48,
            89.37,
            89.98,
            89.99,
            90.18,
            90.64,
            90.85,
            91.16,
            91.38,
            91.43,
            91.36,
            91.44,
            91.37,
            91.43,
            91.61,
            91.61,
            91.94,
            91.97,
            91.91,
            92.12,
            92.08,
            92.12,
            92.24,
            92.23,
            92.19
        ],
        "val_loss": [
            0.8663796508789062,
            0.6121235473632812,
            0.5020457611083985,
            0.44178072509765626,
            0.3993502868652344,
            0.3700244110107422,
            0.34500509338378904,
            0.32829989013671873,
            0.316235546875,
            0.304803547668457,
            0.2989985412597656,
            0.28883570404052733,
            0.2856619003295898,
            0.2770271957397461,
            0.2727587417602539,
            0.2707622497558594,
            0.2662705200195313,
            0.2664874053955078,
            0.2623643310546875,
            0.2595993072509766,
            0.26038057708740237,
            0.2563132843017578,
            0.25041178131103514,
            0.25579138946533203,
            0.24890257873535157,
            0.25351490020751954,
            0.24725296173095704,
            0.24862490692138672,
            0.24733883514404298,
            0.2502228515625
        ]
    }
}