{
    "desc": "Run 19 of hyperparameter search",
    "log_stdout": false,
    "params": {
        "batch_size": 128,
        "batch_size_eval": 1000,
        "learning_rate": 0.02,
        "momentum": 0.5,
        "num_epochs": 30,
        "scaling_factor": 2
    },
    "stdout": "",
    "timestamp": "2019-02-03 08:43:01.853986",
    "values": {
        "noisy_test_acc": [
            44.58173076923077,
            50.05769230769231,
            56.54807692307692,
            51.77403846153846,
            57.15865384615385,
            59.64903846153846,
            58.84615384615385,
            57.45673076923077,
            58.12980769230769,
            56.59134615384615,
            56.27884615384615,
            55.00480769230769,
            51.12019230769231,
            54.19711538461539,
            50.91826923076923,
            54.19711538461539,
            48.35576923076923,
            51.53365384615385,
            48.20192307692308,
            49.24519230769231,
            47.26442307692308,
            45.77884615384615,
            46.21634615384615,
            44.56730769230769,
            44.62019230769231,
            45.22596153846154,
            46.90865384615385,
            43.71634615384615,
            45.02403846153846,
            46.15865384615385
        ],
        "noisy_test_loss": [
            2.267937064537635,
            2.0136661353478065,
            1.87339538867657,
            1.8648541186406062,
            1.7250081458458533,
            1.6779659197880672,
            1.6119427989079402,
            1.6192373378460223,
            1.6102695670494667,
            1.6199392729539137,
            1.6291962917034442,
            1.6803006274883563,
            1.7754607758155236,
            1.690411193554218,
            1.7914381892864522,
            1.6812403341440054,
            1.8823329089238094,
            1.7732729104849008,
            1.9162268139765812,
            1.837405341221736,
            1.8927071160536546,
            2.0090040250924917,
            1.9891530858553372,
            2.0604562187194824,
            2.0706531011141265,
            2.026075606712928,
            1.989235117985652,
            2.1349514491741473,
            2.0556839003929723,
            2.003591333536001
        ],
        "test_acc": [
            78.5576923076923,
            84.47596153846153,
            86.78846153846153,
            87.97596153846153,
            89.03846153846153,
            89.70192307692308,
            90.0576923076923,
            90.38461538461539,
            90.61538461538461,
            90.75961538461539,
            90.73076923076923,
            91.30288461538461,
            91.13942307692308,
            91.41826923076923,
            91.6298076923077,
            91.52884615384616,
            91.8076923076923,
            91.6201923076923,
            91.85576923076923,
            91.67788461538461,
            91.73557692307692,
            91.9423076923077,
            92.08173076923077,
            91.92307692307692,
            92.1923076923077,
            91.95673076923077,
            92.125,
            91.96153846153847,
            92.10096153846153,
            92.1923076923077
        ],
        "test_loss": [
            0.7298192816514235,
            0.5160313356839693,
            0.4312896875234751,
            0.38698014112619256,
            0.3509791851043701,
            0.33073094954857457,
            0.31335508566636305,
            0.3022779259314904,
            0.2930137135432317,
            0.2862520357278677,
            0.28196783432593714,
            0.27103328007918137,
            0.2748295072408823,
            0.27003225253178526,
            0.2627744271205022,
            0.2630374292226938,
            0.25798361741579495,
            0.2607084875840407,
            0.2575808000564575,
            0.25574375702784613,
            0.257087250489455,
            0.2539933446737436,
            0.2518913907271165,
            0.25973380125485934,
            0.2532519641289344,
            0.2623041475736178,
            0.2562061045720027,
            0.2576313224205604,
            0.2575589873240544,
            0.25749012873722954
        ],
        "val_acc": [
            77.73,
            84.06,
            86.96,
            88.35,
            89.07,
            89.61,
            90.39,
            90.68,
            90.68,
            90.9,
            91.17,
            91.32,
            91.52,
            91.81,
            91.77,
            91.71,
            91.7,
            91.76,
            91.81,
            91.78,
            92.04,
            92.07,
            92.09,
            92.02,
            92.26,
            92.12,
            92.3,
            92.29,
            92.22,
            92.21
        ],
        "val_loss": [
            0.7428230651855469,
            0.5225514709472656,
            0.4329765594482422,
            0.38404298095703127,
            0.34985797119140627,
            0.3283566925048828,
            0.3089662902832031,
            0.29739465942382814,
            0.2894438659667969,
            0.28113496704101565,
            0.2766319519042969,
            0.2673828689575195,
            0.26875771484375,
            0.26157474822998045,
            0.25786656799316404,
            0.2577556518554687,
            0.2552705047607422,
            0.256736572265625,
            0.2532272201538086,
            0.25202320404052736,
            0.2533186019897461,
            0.2505522552490234,
            0.24604061431884766,
            0.25384478149414064,
            0.24512052612304688,
            0.25235106506347654,
            0.24583177032470704,
            0.25138061370849607,
            0.2480784454345703,
            0.250747917175293
        ]
    }
}