{
    "desc": "Run 2 of hyperparameter search",
    "log_stdout": false,
    "params": {
        "batch_size": 64,
        "batch_size_eval": 1000,
        "learning_rate": 0.005,
        "momentum": 0.7,
        "num_epochs": 30,
        "scaling_factor": 2
    },
    "stdout": "",
    "timestamp": "2019-02-03 03:11:47.982562",
    "values": {
        "noisy_test_acc": [
            43.80769230769231,
            48.28365384615385,
            53.70673076923077,
            57.15865384615385,
            56.46153846153846,
            57.72115384615385,
            59.54807692307692,
            60.45192307692308,
            59.55769230769231,
            58.09134615384615,
            58.82692307692308,
            58.27403846153846,
            56.49038461538461,
            54.14423076923077,
            53.98557692307692,
            53.44711538461539,
            51.88942307692308,
            53.60576923076923,
            52.74038461538461,
            51.42788461538461,
            49.90384615384615,
            49.13942307692308,
            46.46153846153846,
            47.20673076923077,
            47.11057692307692,
            48.48557692307692,
            46.03365384615385,
            45.51923076923077,
            47.15865384615385,
            45.93269230769231
        ],
        "noisy_test_loss": [
            2.2439516214224007,
            2.051735035822942,
            1.8944341190044696,
            1.8059630305950458,
            1.764864679483267,
            1.6843320787869966,
            1.6154402336707483,
            1.5896201647244967,
            1.5831907536433294,
            1.6103570556640625,
            1.5614534876896784,
            1.5832790638850285,
            1.6645441583486704,
            1.6846468984163725,
            1.6793923598069411,
            1.7011237379220816,
            1.7362099192692684,
            1.6991952323913575,
            1.6974575600257287,
            1.7650397828909068,
            1.8184726010836088,
            1.853830864246075,
            1.9440434705294096,
            1.9272258215684157,
            1.9083368345407339,
            1.8744590832636907,
            1.9947316184410682,
            2.0037605461707484,
            1.9593592130220854,
            2.0205797752967247
        ],
        "test_acc": [
            76.6875,
            82.92307692307692,
            85.76923076923077,
            87.28846153846153,
            88.3701923076923,
            89.10576923076923,
            89.59615384615384,
            89.89423076923077,
            90.15865384615384,
            90.54326923076923,
            90.82211538461539,
            90.98557692307692,
            91.02403846153847,
            91.28846153846153,
            91.26923076923077,
            91.39423076923077,
            91.39903846153847,
            91.53365384615384,
            91.59134615384616,
            91.66826923076923,
            91.8076923076923,
            91.65384615384616,
            91.92788461538461,
            91.88942307692308,
            91.9423076923077,
            91.97596153846153,
            91.90384615384616,
            92.07692307692308,
            92.0048076923077,
            92.0576923076923
        ],
        "test_loss": [
            0.7967219880911021,
            0.5656541633605957,
            0.4716637112544133,
            0.40926090240478513,
            0.37754144155062164,
            0.35204883355360767,
            0.3323752388587365,
            0.3172936710944543,
            0.3080252588712252,
            0.2978977423447829,
            0.28944168237539436,
            0.2837463749372042,
            0.282084394968473,
            0.2739786764291617,
            0.27104777556199294,
            0.2678844928741455,
            0.2681817216139573,
            0.2640797798450176,
            0.26143488297095663,
            0.25794730553260214,
            0.2598117633966299,
            0.26015373046581564,
            0.2549478505207942,
            0.2560209310971774,
            0.25548423730410064,
            0.2546052536597619,
            0.25604200473198524,
            0.25374183031228875,
            0.2561684527763954,
            0.2572506757882925
        ],
        "val_acc": [
            75.91,
            82.46,
            85.81,
            87.32,
            88.46,
            89.41,
            89.83,
            90.39,
            90.5,
            90.76,
            90.86,
            91.14,
            91.04,
            91.35,
            91.53,
            91.58,
            91.56,
            91.87,
            92.01,
            92.15,
            91.65,
            91.89,
            92.04,
            92.23,
            92.33,
            92.28,
            92.19,
            92.21,
            92.37,
            92.05
        ],
        "val_loss": [
            0.810644580078125,
            0.5713949340820312,
            0.47267733154296876,
            0.4068299041748047,
            0.37065909118652346,
            0.3461011138916016,
            0.32568504638671875,
            0.31062374420166017,
            0.30091464233398435,
            0.2890782470703125,
            0.2812299163818359,
            0.277711181640625,
            0.2756288116455078,
            0.2692173767089844,
            0.26455563507080077,
            0.26015030212402346,
            0.2595282913208008,
            0.2575355621337891,
            0.25224527740478514,
            0.24872194213867188,
            0.2551216506958008,
            0.2517750717163086,
            0.24913557891845703,
            0.24967872009277345,
            0.2474677230834961,
            0.24688755187988282,
            0.2455383560180664,
            0.24561266632080078,
            0.24758038330078125,
            0.24814219055175782
        ]
    }
}