{
    "desc": "Run 20 of hyperparameter search",
    "log_stdout": false,
    "params": {
        "batch_size": 128,
        "batch_size_eval": 1000,
        "learning_rate": 0.02,
        "momentum": 0.7,
        "num_epochs": 30,
        "scaling_factor": 2
    },
    "stdout": "",
    "timestamp": "2019-02-03 09:00:27.184400",
    "values": {
        "noisy_test_acc": [
            48.42788461538461,
            53.39903846153846,
            56.97596153846154,
            51.95192307692308,
            55.70192307692308,
            57.16346153846154,
            58.14423076923077,
            57.49519230769231,
            58.95192307692308,
            55.65384615384615,
            55.59615384615385,
            52.89423076923077,
            52.45673076923077,
            54.54807692307692,
            53.13461538461539,
            54.27403846153846,
            51.6875,
            54.04326923076923,
            50.16346153846154,
            51.75480769230769,
            50.79326923076923,
            49.94230769230769,
            47.53846153846154,
            47.25,
            48.30288461538461,
            48.69711538461539,
            48.87019230769231,
            47.52884615384615,
            47.32692307692308,
            47.5
        ],
        "noisy_test_loss": [
            2.1123579934927132,
            1.774825021303617,
            1.6846714195838342,
            1.7165864621675933,
            1.6003928052462064,
            1.5819849483783428,
            1.4831354786799504,
            1.5257039319551908,
            1.492960337125338,
            1.5479746283017672,
            1.5637637857290414,
            1.6784791388878455,
            1.6854560551276574,
            1.5967567385160006,
            1.6683415853060208,
            1.6357315430274377,
            1.7108700268085186,
            1.625288756443904,
            1.8441113750751201,
            1.7620945593026969,
            1.7961982301565318,
            1.845868361546443,
            1.9916905051011307,
            2.0432911887535683,
            1.9566763525742752,
            1.9526238030653733,
            1.965711011153001,
            2.0531244982205905,
            2.0416182943490835,
            2.064018560556265
        ],
        "test_acc": [
            82.69711538461539,
            87.01923076923077,
            88.91826923076923,
            89.34134615384616,
            90.2451923076923,
            90.66826923076923,
            90.9951923076923,
            91.21634615384616,
            91.33173076923077,
            91.46634615384616,
            91.38942307692308,
            91.73076923076923,
            91.67307692307692,
            91.86057692307692,
            91.76442307692308,
            92.0,
            92.01442307692308,
            91.91826923076923,
            92.01442307692308,
            92.01442307692308,
            91.91826923076923,
            92.1201923076923,
            92.1875,
            92.07211538461539,
            92.22115384615384,
            92.01442307692308,
            92.09615384615384,
            91.98557692307692,
            92.11538461538461,
            92.02403846153847
        ],
        "test_loss": [
            0.5735807198744554,
            0.4219673648247352,
            0.3595869775918814,
            0.33345835318932165,
            0.30693135554973894,
            0.2955503859886756,
            0.2835813962496244,
            0.2771644401550293,
            0.27026640341832087,
            0.267246742615333,
            0.2656213987790621,
            0.2594139829048744,
            0.26468743837796727,
            0.2639481676541842,
            0.25918470602769117,
            0.2603049366290753,
            0.252906310741718,
            0.2610292643767137,
            0.2642900254176213,
            0.25718570929307205,
            0.262330069908729,
            0.26158359307509205,
            0.26104653138380784,
            0.2716823519193209,
            0.2719669356712928,
            0.27729075578542856,
            0.2750761897747333,
            0.27754858933962306,
            0.2773679256439209,
            0.28334189304938684
        ],
        "val_acc": [
            82.17,
            87.33,
            89.2,
            89.49,
            90.37,
            90.67,
            91.34,
            91.61,
            91.46,
            92.02,
            91.75,
            91.83,
            92.02,
            92.05,
            92.17,
            92.02,
            91.99,
            92.09,
            92.09,
            92.24,
            92.18,
            92.21,
            92.67,
            92.26,
            92.23,
            92.09,
            92.3,
            92.23,
            92.17,
            92.35
        ],
        "val_loss": [
            0.5841473266601562,
            0.42242015686035156,
            0.354541796875,
            0.32833424377441406,
            0.3034096374511719,
            0.2929018310546875,
            0.27636092987060545,
            0.26723116149902343,
            0.26446512756347657,
            0.25884808197021486,
            0.260477473449707,
            0.2513878784179687,
            0.254394026184082,
            0.2531425521850586,
            0.2505804672241211,
            0.2522806640625,
            0.24893214721679688,
            0.25054500274658204,
            0.25202269592285154,
            0.24740612030029296,
            0.25230121459960936,
            0.24971361999511718,
            0.24531578369140625,
            0.2571996734619141,
            0.2574794692993164,
            0.2638510009765625,
            0.2574980438232422,
            0.2629508575439453,
            0.2623359115600586,
            0.26760667724609377
        ]
    }
}