{
    "desc": "Run 21 of hyperparameter search",
    "log_stdout": false,
    "params": {
        "batch_size": 128,
        "batch_size_eval": 1000,
        "learning_rate": 0.04,
        "momentum": 0.3,
        "num_epochs": 30,
        "scaling_factor": 2
    },
    "stdout": "",
    "timestamp": "2019-02-03 09:17:52.561515",
    "values": {
        "noisy_test_acc": [
            47.08653846153846,
            53.80769230769231,
            57.1875,
            53.25,
            56.12019230769231,
            57.41826923076923,
            58.34615384615385,
            57.19711538461539,
            58.625,
            56.75,
            56.54326923076923,
            54.32211538461539,
            51.83173076923077,
            55.78846153846154,
            51.28846153846154,
            52.88942307692308,
            50.5625,
            51.62980769230769,
            48.45673076923077,
            48.74038461538461,
            48.11538461538461,
            45.60576923076923,
            47.65865384615385,
            47.35096153846154,
            48.00961538461539,
            44.95673076923077,
            47.30288461538461,
            44.67788461538461,
            46.71153846153846,
            47.28846153846154
        ],
        "noisy_test_loss": [
            2.1854458676851714,
            1.8240135031480056,
            1.7291123580932617,
            1.7371725053053635,
            1.6200117727426382,
            1.6074550393911509,
            1.5244578625605656,
            1.5509476426931528,
            1.5400163401090181,
            1.5541196881807768,
            1.5701876185490535,
            1.6451556132389948,
            1.7139294132819543,
            1.571740190065824,
            1.7596271602924054,
            1.7051485120333159,
            1.7888517497136043,
            1.7476628083449144,
            1.9320531155512883,
            1.868911590576172,
            1.9246138293926534,
            2.0601703658470742,
            1.9924242063669058,
            2.012710013756385,
            1.9457351640554574,
            2.1207404356736403,
            2.0443663553091196,
            2.2101259202223558,
            2.0229990827120266,
            2.029447932610145
        ],
        "test_acc": [
            81.90384615384616,
            86.17788461538461,
            88.32211538461539,
            89.3701923076923,
            89.90865384615384,
            90.3173076923077,
            90.8076923076923,
            90.95192307692308,
            91.1298076923077,
            91.26923076923077,
            91.22115384615384,
            91.71153846153847,
            91.64423076923077,
            91.72115384615384,
            91.8125,
            91.86538461538461,
            92.11057692307692,
            91.79326923076923,
            92.125,
            92.125,
            92.0673076923077,
            91.98076923076923,
            92.14903846153847,
            91.97115384615384,
            92.32211538461539,
            92.02884615384616,
            92.10096153846153,
            92.11057692307692,
            92.0625,
            92.17307692307692
        ],
        "test_loss": [
            0.6110706388033353,
            0.4488528574430026,
            0.3779726263192984,
            0.3421219888100257,
            0.3173302635779748,
            0.3038602205423208,
            0.28988196446345404,
            0.2825350148861225,
            0.27594629067641036,
            0.2686083936691284,
            0.2681089452596811,
            0.26051416323735166,
            0.2619380598801833,
            0.26264976538144624,
            0.2568461616222675,
            0.2583036320026104,
            0.24949363121619592,
            0.2578932531063373,
            0.2585640782576341,
            0.25302960029015176,
            0.25885847935309775,
            0.2554951113920945,
            0.2527543728168194,
            0.26645717840928296,
            0.2593506989112267,
            0.26937605601090653,
            0.2632919513262235,
            0.2692865041586069,
            0.26720667105454665,
            0.2699398943094107
        ],
        "val_acc": [
            81.07,
            86.33,
            88.67,
            89.53,
            90.05,
            90.36,
            90.93,
            91.26,
            91.21,
            91.69,
            91.67,
            91.76,
            92.21,
            92.03,
            92.12,
            92.2,
            92.08,
            92.0,
            92.12,
            92.14,
            91.94,
            92.2,
            92.56,
            92.27,
            92.35,
            92.11,
            92.26,
            92.26,
            92.38,
            92.18
        ],
        "val_loss": [
            0.6243921447753906,
            0.4509752014160156,
            0.3749851593017578,
            0.3373699951171875,
            0.3135717224121094,
            0.30106316528320315,
            0.2842982223510742,
            0.2745254257202148,
            0.2700387496948242,
            0.2636483642578125,
            0.2628705139160156,
            0.2547294204711914,
            0.25347111358642577,
            0.2516989151000977,
            0.24889964141845702,
            0.2495600860595703,
            0.2449110092163086,
            0.25138290557861326,
            0.25063145751953125,
            0.24717891540527342,
            0.2524692504882812,
            0.2500750244140625,
            0.2436446792602539,
            0.25757281036376956,
            0.24735663604736327,
            0.25783817291259764,
            0.2513705062866211,
            0.25946700439453124,
            0.2563608261108398,
            0.25874997863769533
        ]
    }
}