{
    "desc": "Run 22 of hyperparameter search",
    "log_stdout": false,
    "params": {
        "batch_size": 128,
        "batch_size_eval": 1000,
        "learning_rate": 0.04,
        "momentum": 0.5,
        "num_epochs": 30,
        "scaling_factor": 2
    },
    "stdout": "",
    "timestamp": "2019-02-03 09:35:17.340644",
    "values": {
        "noisy_test_acc": [
            50.0,
            55.79326923076923,
            57.82692307692308,
            53.97596153846154,
            57.48076923076923,
            59.33653846153846,
            59.28846153846154,
            59.67788461538461,
            60.67788461538461,
            57.625,
            56.83173076923077,
            54.51442307692308,
            52.33173076923077,
            57.64423076923077,
            55.62019230769231,
            55.49519230769231,
            53.4375,
            54.84615384615385,
            51.17307692307692,
            52.27403846153846,
            52.33173076923077,
            51.60096153846154,
            51.82211538461539,
            51.66826923076923,
            50.13942307692308,
            50.74038461538461,
            51.54326923076923,
            50.90865384615385,
            50.42788461538461,
            51.54807692307692
        ],
        "noisy_test_loss": [
            2.0330706141545223,
            1.655583050067608,
            1.6002904525169959,
            1.6336631364088792,
            1.529225815993089,
            1.4817633555485652,
            1.414364197070782,
            1.4133418171222394,
            1.4065572063739482,
            1.4695764424250677,
            1.4949948743673471,
            1.6038665023216834,
            1.6882151097517748,
            1.4755038569523737,
            1.5907963180541993,
            1.56071928024292,
            1.647295758174016,
            1.6142795005211463,
            1.8080674222799449,
            1.7428541403550368,
            1.7454336973337026,
            1.8057307228675255,
            1.815132924593412,
            1.8141698455810547,
            1.904175818516658,
            1.9035340191767767,
            1.8680303338857798,
            1.9056959401644193,
            1.9182123228219838,
            1.8673065112187313
        ],
        "test_acc": [
            84.07211538461539,
            87.59134615384616,
            89.375,
            90.08173076923077,
            90.64903846153847,
            90.9375,
            91.34615384615384,
            91.32692307692308,
            91.39903846153847,
            91.64423076923077,
            91.63461538461539,
            91.83653846153847,
            91.82211538461539,
            91.97596153846153,
            91.89423076923077,
            91.94711538461539,
            92.17307692307692,
            92.02403846153847,
            92.22115384615384,
            92.08653846153847,
            92.00961538461539,
            92.17307692307692,
            92.2451923076923,
            92.125,
            92.29807692307692,
            92.1826923076923,
            92.13461538461539,
            92.04807692307692,
            92.08173076923077,
            92.20673076923077
        ],
        "test_loss": [
            0.5285219280536358,
            0.39894113320570723,
            0.3416649260887733,
            0.3146864388539241,
            0.2963495386563815,
            0.2850317463508019,
            0.2744642320046058,
            0.27190693268409144,
            0.2651422533622155,
            0.26558748538677507,
            0.2620128048383273,
            0.258625655907851,
            0.2596106580587534,
            0.2627826976776123,
            0.25959572865412783,
            0.26228778252234825,
            0.25570349803337683,
            0.26186422531421366,
            0.26173932515657866,
            0.26154503455528844,
            0.2660247949453501,
            0.26596676936516395,
            0.26407220877133886,
            0.277303871008066,
            0.27663889591510477,
            0.2834172953092135,
            0.2833640325986422,
            0.288347655076247,
            0.28485437246469353,
            0.2872330907674936
        ],
        "val_acc": [
            83.55,
            87.76,
            89.75,
            90.15,
            90.68,
            91.01,
            91.42,
            91.79,
            91.55,
            91.78,
            91.97,
            91.89,
            92.29,
            92.14,
            92.26,
            91.9,
            92.19,
            92.13,
            92.33,
            92.14,
            92.29,
            92.15,
            92.42,
            92.24,
            92.41,
            92.08,
            92.18,
            92.15,
            92.24,
            92.43
        ],
        "val_loss": [
            0.5388770721435547,
            0.39743836059570314,
            0.3368940612792969,
            0.30991007080078126,
            0.2920488983154297,
            0.2817761993408203,
            0.26760667877197264,
            0.2606144271850586,
            0.25884131164550783,
            0.2563075454711914,
            0.2554935821533203,
            0.25169693756103517,
            0.24806207885742187,
            0.2501028533935547,
            0.24868790283203124,
            0.25353785400390627,
            0.24605599670410155,
            0.2530732376098633,
            0.24905945281982422,
            0.24954219818115234,
            0.2557554321289062,
            0.2555018615722656,
            0.24966805419921875,
            0.26374260406494143,
            0.2609096893310547,
            0.2692398818969727,
            0.26639657592773436,
            0.2739964996337891,
            0.27163253479003907,
            0.27001895294189454
        ]
    }
}