{
    "desc": "Run 23 of hyperparameter search",
    "log_stdout": false,
    "params": {
        "batch_size": 128,
        "batch_size_eval": 1000,
        "learning_rate": 0.04,
        "momentum": 0.7,
        "num_epochs": 30,
        "scaling_factor": 2
    },
    "stdout": "",
    "timestamp": "2019-02-03 09:52:45.090643",
    "values": {
        "noisy_test_acc": [
            52.63461538461539,
            58.64903846153846,
            58.74519230769231,
            54.48557692307692,
            58.56730769230769,
            60.00961538461539,
            59.74038461538461,
            58.72596153846154,
            60.46634615384615,
            57.19230769230769,
            58.01923076923077,
            53.73557692307692,
            54.03846153846154,
            54.59615384615385,
            55.70673076923077,
            55.26923076923077,
            52.19230769230769,
            56.03365384615385,
            53.15384615384615,
            53.76923076923077,
            54.27884615384615,
            54.85576923076923,
            52.98557692307692,
            51.41346153846154,
            50.375,
            51.6875,
            52.88461538461539,
            52.21153846153846,
            50.79326923076923,
            49.55769230769231
        ],
        "noisy_test_loss": [
            1.7526864374600923,
            1.4304962290250338,
            1.4367229549701397,
            1.5109906563392053,
            1.4115584432161772,
            1.3582824149498574,
            1.3427697225717399,
            1.3964412021636963,
            1.3394130149254433,
            1.4819608292212854,
            1.4534499124380258,
            1.6430063783205473,
            1.6123727284944975,
            1.6262192051227276,
            1.603552664243258,
            1.6085260361891527,
            1.7666416197556716,
            1.6045472013033353,
            1.768988709816566,
            1.7590483856201171,
            1.7193280014624963,
            1.7303651677645169,
            1.828347374842717,
            1.942206360743596,
            2.0362030586829554,
            1.970008109166072,
            1.9258257587139422,
            1.9778066165630634,
            2.0644739444439226,
            2.1738649617708647
        ],
        "test_acc": [
            86.46153846153847,
            88.91346153846153,
            90.14423076923077,
            90.59615384615384,
            91.1875,
            91.36057692307692,
            91.77884615384616,
            91.57211538461539,
            91.83173076923077,
            91.8701923076923,
            91.86538461538461,
            92.04326923076923,
            91.90865384615384,
            92.09615384615384,
            91.86057692307692,
            91.9423076923077,
            92.15384615384616,
            92.04807692307692,
            92.0625,
            91.90384615384616,
            92.0625,
            92.21153846153847,
            92.03846153846153,
            92.10576923076923,
            92.0,
            91.92307692307692,
            92.09134615384616,
            92.13942307692308,
            92.04326923076923,
            92.19711538461539
        ],
        "test_loss": [
            0.43988040997431826,
            0.35132936551020694,
            0.31409362939687874,
            0.29198397342975324,
            0.27796984562507043,
            0.2746919030409593,
            0.26696236463693473,
            0.2687468660794772,
            0.2614952934705294,
            0.26614913720350997,
            0.2647523131737342,
            0.26358863060291,
            0.26842541254483737,
            0.26947845385624813,
            0.2711987257003784,
            0.2763331486628606,
            0.27060323568490835,
            0.2784781646728516,
            0.28466120719909666,
            0.2850626567693857,
            0.28975053933950573,
            0.29335352164048417,
            0.2881934771170983,
            0.3022189239355234,
            0.3046623428051288,
            0.31557190638322097,
            0.3124270776601938,
            0.30584397756136383,
            0.3198356870504526,
            0.3186460905808669
        ],
        "val_acc": [
            86.1,
            89.09,
            90.35,
            90.61,
            91.15,
            91.16,
            91.97,
            92.01,
            92.09,
            92.09,
            92.3,
            92.14,
            92.25,
            92.38,
            92.16,
            92.25,
            92.09,
            92.47,
            92.25,
            92.27,
            92.18,
            92.14,
            92.4,
            92.03,
            92.42,
            91.9,
            92.41,
            92.45,
            92.12,
            92.51
        ],
        "val_loss": [
            0.44526839904785154,
            0.34816701354980467,
            0.30596968688964843,
            0.2845739654541016,
            0.2687984359741211,
            0.2702626358032227,
            0.25236947479248045,
            0.253073583984375,
            0.2494355514526367,
            0.25575167083740236,
            0.2531715347290039,
            0.2507448272705078,
            0.2533874801635742,
            0.25561329193115234,
            0.26121165466308593,
            0.2605740005493164,
            0.26386128692626953,
            0.2635781204223633,
            0.26825691375732424,
            0.27200621185302737,
            0.27454683380126954,
            0.2819307678222656,
            0.26830656127929686,
            0.2924771514892578,
            0.28632022399902346,
            0.3019866821289062,
            0.29545543365478516,
            0.2925972396850586,
            0.30285482330322266,
            0.3051123580932617
        ]
    }
}