{
    "desc": "Run 3 of hyperparameter search",
    "log_stdout": false,
    "params": {
        "batch_size": 64,
        "batch_size_eval": 1000,
        "learning_rate": 0.01,
        "momentum": 0.3,
        "num_epochs": 30,
        "scaling_factor": 2
    },
    "stdout": "",
    "timestamp": "2019-02-03 03:30:46.726991",
    "values": {
        "noisy_test_acc": [
            42.63942307692308,
            47.16346153846154,
            52.17788461538461,
            56.14423076923077,
            55.58653846153846,
            57.53846153846154,
            59.34134615384615,
            60.13461538461539,
            59.35096153846154,
            58.33173076923077,
            59.46634615384615,
            58.88461538461539,
            57.60576923076923,
            55.71634615384615,
            55.98076923076923,
            55.14423076923077,
            54.0,
            55.03846153846154,
            55.92788461538461,
            53.13461538461539,
            52.13461538461539,
            51.06730769230769,
            47.71634615384615,
            48.92307692307692,
            50.5,
            50.83653846153846,
            47.38461538461539,
            47.50480769230769,
            48.53365384615385,
            47.63942307692308
        ],
        "noisy_test_loss": [
            2.2584183150071366,
            2.091705850454477,
            1.9587575589693509,
            1.8577214373075046,
            1.8138165752704327,
            1.7197728758591873,
            1.6544500497671275,
            1.6333577654911922,
            1.620517716040978,
            1.627245308802678,
            1.5846288020794208,
            1.5940825154231144,
            1.6520939460167519,
            1.6703427901634804,
            1.658179278740516,
            1.6792002663245569,
            1.688107148683988,
            1.6667023864159218,
            1.6377938769413876,
            1.7392608818641075,
            1.7557171792250412,
            1.8099681326059194,
            1.8956163729154147,
            1.8606739293611967,
            1.794800577897292,
            1.770337063716008,
            1.9196412497300368,
            1.9087350830665002,
            1.8770919887836164,
            1.9286129305912898
        ],
        "test_acc": [
            75.10576923076923,
            81.70673076923077,
            84.8173076923077,
            86.5625,
            87.70673076923077,
            88.55288461538461,
            89.13461538461539,
            89.3798076923077,
            89.78365384615384,
            90.23557692307692,
            90.57692307692308,
            90.76442307692308,
            90.6201923076923,
            91.04326923076923,
            91.02884615384616,
            91.24038461538461,
            91.32692307692308,
            91.28846153846153,
            91.28365384615384,
            91.46153846153847,
            91.64423076923077,
            91.50961538461539,
            91.77403846153847,
            91.72115384615384,
            91.70192307692308,
            91.83173076923077,
            91.79326923076923,
            91.9375,
            91.875,
            91.9326923076923
        ],
        "test_loss": [
            0.8525257345346304,
            0.6097468258784368,
            0.5016561214740459,
            0.4367946125910832,
            0.39952222970815804,
            0.3723291653853196,
            0.350499413563655,
            0.3332226481804481,
            0.3215515870314378,
            0.3080289341853215,
            0.3006568461198073,
            0.29369223007789025,
            0.2924212092619676,
            0.2830952952458308,
            0.27939323902130125,
            0.2736318823007437,
            0.2737522114240206,
            0.2700203015254094,
            0.26820326731755184,
            0.26476931425241323,
            0.26386261499845065,
            0.2650426215391893,
            0.2587745736195491,
            0.25947636971106897,
            0.2600599949176495,
            0.2566428932776818,
            0.25906406255868764,
            0.2555047159928542,
            0.25886619054354154,
            0.2566567512658926
        ],
        "val_acc": [
            74.41,
            81.41,
            84.74,
            86.34,
            87.59,
            88.82,
            89.36,
            90.12,
            90.14,
            90.57,
            90.54,
            90.86,
            90.69,
            91.01,
            91.33,
            91.52,
            91.39,
            91.69,
            91.69,
            91.94,
            91.6,
            91.82,
            91.81,
            91.88,
            92.1,
            92.14,
            92.27,
            92.05,
            92.25,
            92.04
        ],
        "val_loss": [
            0.86661669921875,
            0.618392578125,
            0.5054579193115234,
            0.4373562744140625,
            0.3961339294433594,
            0.3677250152587891,
            0.3444584045410156,
            0.327175244140625,
            0.31541842651367186,
            0.30097169494628906,
            0.29304578399658204,
            0.2878966552734375,
            0.286862451171875,
            0.278306819152832,
            0.27383458709716796,
            0.26679790191650393,
            0.26582051849365235,
            0.2633992736816406,
            0.25920052032470703,
            0.2559541519165039,
            0.25870071258544924,
            0.2567201217651367,
            0.2535279510498047,
            0.25377935180664063,
            0.25158184967041014,
            0.24943497314453125,
            0.24898874664306642,
            0.24741446075439452,
            0.25087127075195315,
            0.2473915985107422
        ]
    }
}