{
    "desc": "Run 4 of hyperparameter search",
    "log_stdout": false,
    "params": {
        "batch_size": 64,
        "batch_size_eval": 1000,
        "learning_rate": 0.01,
        "momentum": 0.5,
        "num_epochs": 30,
        "scaling_factor": 2
    },
    "stdout": "",
    "timestamp": "2019-02-03 04:09:16.397033",
    "values": {
        "noisy_test_acc": [
            44.47115384615385,
            50.00480769230769,
            54.39423076923077,
            58.88942307692308,
            58.20673076923077,
            57.51923076923077,
            59.46153846153846,
            58.99519230769231,
            58.01442307692308,
            55.70673076923077,
            56.35096153846154,
            56.05769230769231,
            54.85096153846154,
            52.69230769230769,
            53.78846153846154,
            52.57211538461539,
            52.25961538461539,
            51.41826923076923,
            51.38461538461539,
            50.875,
            49.25961538461539,
            48.23076923076923,
            45.3125,
            46.07692307692308,
            47.86057692307692,
            48.08173076923077,
            43.625,
            45.21153846153846,
            44.20192307692308,
            45.73076923076923
        ],
        "noisy_test_loss": [
            2.247234476529635,
            2.0045240607628454,
            1.8544356434161846,
            1.7425167626601,
            1.6899114506061261,
            1.6413264920161321,
            1.5753095568143405,
            1.575271104665903,
            1.5623268068753755,
            1.6217298258267916,
            1.6117502960791954,
            1.6077753741924579,
            1.666934642791748,
            1.7079229501577524,
            1.6619871388948881,
            1.721104454627404,
            1.7234203822796161,
            1.7380330936725323,
            1.7210443584735577,
            1.7577183297964243,
            1.8148753254230205,
            1.8892606339087854,
            2.02589135830219,
            1.9747490633451021,
            1.8766231390146109,
            1.887408348963811,
            2.1169171700110803,
            2.027727347153884,
            2.098897859133207,
            2.038754606980544
        ],
        "test_acc": [
            78.55288461538461,
            84.22596153846153,
            86.64423076923077,
            88.07692307692308,
            89.0,
            89.65865384615384,
            90.08173076923077,
            90.30288461538461,
            90.5,
            90.875,
            91.14423076923077,
            91.26442307692308,
            91.08173076923077,
            91.4326923076923,
            91.51442307692308,
            91.66346153846153,
            91.61057692307692,
            91.71634615384616,
            91.85096153846153,
            91.73557692307692,
            91.85096153846153,
            91.86057692307692,
            92.00961538461539,
            92.00961538461539,
            91.8798076923077,
            91.99038461538461,
            91.94711538461539,
            92.17788461538461,
            92.10096153846153,
            92.04807692307692
        ],
        "test_loss": [
            0.7293886434114897,
            0.5222377997178298,
            0.4364345396482027,
            0.38208268092228814,
            0.3541067453531119,
            0.3333142434633695,
            0.31691276697012094,
            0.302955322265625,
            0.2961148606813871,
            0.285193918301509,
            0.28093010388887846,
            0.2751514427478497,
            0.2739054188361535,
            0.26901763109060434,
            0.2657067416264461,
            0.26318025038792536,
            0.2624104250394381,
            0.2609439167609582,
            0.25910652710841253,
            0.25777309821202204,
            0.258631623341487,
            0.2597863971270048,
            0.25522229268000673,
            0.2564588788839487,
            0.2570837119909433,
            0.25509256509634165,
            0.25762841151310845,
            0.2567976089624258,
            0.2593877891393808,
            0.25985338797936075
        ],
        "val_acc": [
            78.0,
            83.86,
            86.84,
            88.23,
            89.2,
            89.78,
            90.26,
            90.8,
            90.82,
            91.26,
            91.4,
            91.33,
            91.3,
            91.56,
            91.71,
            91.73,
            91.73,
            91.92,
            91.98,
            92.15,
            91.62,
            91.89,
            92.09,
            92.17,
            92.21,
            92.35,
            92.22,
            92.13,
            92.27,
            92.27
        ],
        "val_loss": [
            0.7438242126464844,
            0.52577841796875,
            0.4338885589599609,
            0.3764712158203125,
            0.34553489990234376,
            0.32638937072753904,
            0.30907640380859375,
            0.2955432647705078,
            0.2873828796386719,
            0.2762847915649414,
            0.2713883209228516,
            0.268594743347168,
            0.2670428573608398,
            0.2630435333251953,
            0.25865311126708984,
            0.2547476516723633,
            0.25325957641601565,
            0.2537800308227539,
            0.24963226470947267,
            0.24883916473388673,
            0.25362871704101564,
            0.25163738098144534,
            0.24951797332763673,
            0.2515693710327148,
            0.24860185546875,
            0.24722779541015624,
            0.24756405029296874,
            0.24782052459716797,
            0.24866082305908202,
            0.25060004425048826
        ]
    }
}