{
    "desc": "Run 5 of hyperparameter search",
    "log_stdout": false,
    "params": {
        "batch_size": 64,
        "batch_size_eval": 1000,
        "learning_rate": 0.01,
        "momentum": 0.7,
        "num_epochs": 30,
        "scaling_factor": 2
    },
    "stdout": "",
    "timestamp": "2019-02-03 04:29:17.459685",
    "values": {
        "noisy_test_acc": [
            47.75480769230769,
            51.60576923076923,
            56.64903846153846,
            59.87980769230769,
            57.15865384615385,
            53.79326923076923,
            57.77884615384615,
            57.75480769230769,
            55.42307692307692,
            53.13461538461539,
            53.13461538461539,
            53.90865384615385,
            51.45673076923077,
            49.94230769230769,
            52.77884615384615,
            50.83173076923077,
            50.5625,
            50.88942307692308,
            50.23076923076923,
            50.27884615384615,
            49.23076923076923,
            48.28846153846154,
            45.70673076923077,
            44.98076923076923,
            47.22115384615385,
            47.1875,
            44.83653846153846,
            47.28846153846154,
            46.88461538461539,
            45.69711538461539
        ],
        "noisy_test_loss": [
            2.1227277520986703,
            1.8338470781766452,
            1.6685281790219821,
            1.5595701070932242,
            1.5777578309866098,
            1.63687282708975,
            1.518826687152569,
            1.5193846379793607,
            1.5602722608126127,
            1.6351525137974665,
            1.6268470030564528,
            1.6407509877131536,
            1.718814427302434,
            1.7788863240755521,
            1.6685195563389705,
            1.7853178405761718,
            1.7537714620736928,
            1.7571188956040602,
            1.7857906165489783,
            1.7869559376056379,
            1.848287035868718,
            1.9023394511296199,
            2.052246648348295,
            2.0971750508821927,
            2.0028014535170335,
            2.0040288030184232,
            2.1606283495976375,
            2.0282461210397575,
            2.069680329836332,
            2.1619870904775764
        ],
        "test_acc": [
            82.95192307692308,
            87.01442307692308,
            88.65865384615384,
            89.8125,
            90.51442307692308,
            90.84134615384616,
            90.9375,
            90.97115384615384,
            91.21153846153847,
            91.52403846153847,
            91.71634615384616,
            91.625,
            91.67788461538461,
            91.95192307692308,
            91.875,
            91.92788461538461,
            91.86538461538461,
            91.96153846153847,
            92.0,
            91.95673076923077,
            92.04326923076923,
            92.11057692307692,
            91.98557692307692,
            92.28365384615384,
            92.10576923076923,
            92.13942307692308,
            92.04326923076923,
            92.35096153846153,
            92.16826923076923,
            92.0673076923077
        ],
        "test_loss": [
            0.5719960344754732,
            0.42523379986102766,
            0.36436481915987456,
            0.32351594558128943,
            0.30638233845050517,
            0.2978489754750178,
            0.2874571426098163,
            0.28104226956000694,
            0.2741240072250366,
            0.26607552418342,
            0.26301159125107987,
            0.2640844337756817,
            0.26077315477224494,
            0.26087754579690786,
            0.25569921016693115,
            0.2612008920082679,
            0.26122679416949934,
            0.2639507003930899,
            0.26335861059335564,
            0.2628016317807711,
            0.2682212697542631,
            0.2635907107133132,
            0.26499168469355655,
            0.26789357478802023,
            0.26861370160029485,
            0.2733850060976469,
            0.275213224704449,
            0.27249321093926065,
            0.2795208057990441,
            0.2846417339031513
        ],
        "val_acc": [
            82.24,
            87.17,
            89.08,
            90.24,
            90.6,
            90.73,
            91.02,
            91.42,
            91.53,
            91.63,
            91.86,
            91.93,
            91.77,
            92.03,
            92.04,
            91.99,
            92.22,
            92.2,
            92.3,
            92.28,
            92.12,
            92.29,
            92.21,
            92.24,
            92.18,
            92.28,
            92.15,
            92.48,
            92.35,
            92.2
        ],
        "val_loss": [
            0.5817979919433593,
            0.4201753967285156,
            0.35553045349121093,
            0.315132080078125,
            0.2966098846435547,
            0.29111624908447264,
            0.27981060180664064,
            0.27383060455322267,
            0.2648309005737305,
            0.2587944351196289,
            0.2530474578857422,
            0.2564712173461914,
            0.25239695739746093,
            0.25243427734375,
            0.2506652847290039,
            0.25071041259765625,
            0.24870558319091796,
            0.255471435546875,
            0.2528321823120117,
            0.2498298583984375,
            0.25843255462646486,
            0.2529755142211914,
            0.25720940856933594,
            0.2590188140869141,
            0.2599277008056641,
            0.2608847396850586,
            0.26146908264160157,
            0.26186329345703124,
            0.26298624725341796,
            0.2672631500244141
        ]
    }
}