{
    "desc": "Run 6 of hyperparameter search",
    "log_stdout": false,
    "params": {
        "batch_size": 64,
        "batch_size_eval": 1000,
        "learning_rate": 0.02,
        "momentum": 0.3,
        "num_epochs": 30,
        "scaling_factor": 2
    },
    "stdout": "",
    "timestamp": "2019-02-03 04:50:45.291898",
    "values": {
        "noisy_test_acc": [
            45.66346153846154,
            51.12980769230769,
            56.32211538461539,
            60.0,
            58.37980769230769,
            54.23557692307692,
            57.11538461538461,
            56.69711538461539,
            55.27884615384615,
            52.50480769230769,
            52.20673076923077,
            53.32692307692308,
            53.46634615384615,
            49.27403846153846,
            53.50961538461539,
            49.95673076923077,
            50.40865384615385,
            49.20673076923077,
            48.67788461538461,
            48.47115384615385,
            47.02884615384615,
            46.68269230769231,
            44.00480769230769,
            43.13942307692308,
            44.84615384615385,
            45.4375,
            40.94711538461539,
            44.49038461538461,
            43.0625,
            42.45673076923077
        ],
        "noisy_test_loss": [
            2.216237511268029,
            1.8938866791358362,
            1.7230690897428071,
            1.6167998049809382,
            1.596725638462947,
            1.6726357019864595,
            1.5597255574739897,
            1.5604527275378888,
            1.585561628341675,
            1.6931666799692007,
            1.7003048750070424,
            1.6585039549607496,
            1.6824276469304011,
            1.8226894187927245,
            1.644709598834698,
            1.807096801170936,
            1.7777579659682055,
            1.8531920066246619,
            1.8679163213876577,
            1.8811860524691069,
            1.939293926679171,
            2.0054959634634164,
            2.18236753317026,
            2.202800780076247,
            2.0940436641986553,
            2.102619171142578,
            2.413459340609037,
            2.207296716249906,
            2.3052511626023513,
            2.3344484365903413
        ],
        "test_acc": [
            81.9326923076923,
            86.32211538461539,
            88.15865384615384,
            89.30288461538461,
            90.24038461538461,
            90.44711538461539,
            90.60096153846153,
            90.92307692307692,
            90.9951923076923,
            91.45673076923077,
            91.45192307692308,
            91.69711538461539,
            91.58173076923077,
            91.76442307692308,
            91.58653846153847,
            92.05288461538461,
            91.92307692307692,
            92.01923076923077,
            91.97596153846153,
            91.90865384615384,
            91.9951923076923,
            92.00961538461539,
            91.85576923076923,
            92.16346153846153,
            92.01442307692308,
            92.26442307692308,
            92.0673076923077,
            92.35576923076923,
            92.08653846153847,
            92.11057692307692
        ],
        "test_loss": [
            0.6135732856163612,
            0.45105801288898173,
            0.3820900146777813,
            0.33814097037682167,
            0.3186952238816481,
            0.3065461015701294,
            0.29494673288785495,
            0.28201330955211934,
            0.27859124770531285,
            0.26678548739506647,
            0.26848515950716456,
            0.26316551318535436,
            0.2639800031368549,
            0.2617500026409443,
            0.26002837621248687,
            0.25859257808098424,
            0.25794101788447454,
            0.25894765890561616,
            0.2598249662839449,
            0.25833208817702075,
            0.2595263547163743,
            0.26282687994150017,
            0.26066804739145133,
            0.2642389066402729,
            0.26445569331829366,
            0.2632885731183566,
            0.2685101890563965,
            0.2642729850915762,
            0.2712672486672035,
            0.2749692704127385
        ],
        "val_acc": [
            81.02,
            86.34,
            88.38,
            89.92,
            90.25,
            90.53,
            90.87,
            91.29,
            91.39,
            91.5,
            91.75,
            91.68,
            91.59,
            91.78,
            91.58,
            91.87,
            91.95,
            92.34,
            92.06,
            92.25,
            91.85,
            92.1,
            92.15,
            92.18,
            92.17,
            92.26,
            92.43,
            92.27,
            92.29,
            92.17
        ],
        "val_loss": [
            0.6262332702636719,
            0.45048170776367186,
            0.37503080139160155,
            0.33006137084960935,
            0.30905559997558596,
            0.2993482131958008,
            0.28766971130371094,
            0.2760875549316406,
            0.27146361236572264,
            0.2602948776245117,
            0.260815966796875,
            0.25850206451416013,
            0.25762433013916014,
            0.2569226348876953,
            0.2537640396118164,
            0.25012947540283204,
            0.25120989837646485,
            0.2524031524658203,
            0.25076054534912107,
            0.24938780670166016,
            0.2549906982421875,
            0.2533545257568359,
            0.25392105102539064,
            0.2558070022583008,
            0.2568285919189453,
            0.25550485076904295,
            0.2550183822631836,
            0.25443358154296875,
            0.25943288116455077,
            0.26017741546630857
        ]
    }
}