{
    "desc": "Run 7 of hyperparameter search",
    "log_stdout": false,
    "params": {
        "batch_size": 64,
        "batch_size_eval": 1000,
        "learning_rate": 0.02,
        "momentum": 0.5,
        "num_epochs": 30,
        "scaling_factor": 2
    },
    "stdout": "",
    "timestamp": "2019-02-03 05:09:09.652089",
    "values": {
        "noisy_test_acc": [
            48.33653846153846,
            53.38942307692308,
            57.22115384615385,
            59.23076923076923,
            56.96153846153846,
            53.66826923076923,
            57.08173076923077,
            57.99038461538461,
            54.52884615384615,
            53.89903846153846,
            55.23076923076923,
            55.06730769230769,
            55.18269230769231,
            49.60576923076923,
            52.52884615384615,
            49.72596153846154,
            52.74519230769231,
            51.83653846153846,
            52.35576923076923,
            51.86538461538461,
            51.02403846153846,
            49.91826923076923,
            49.09134615384615,
            48.84134615384615,
            49.5625,
            49.85576923076923,
            48.98076923076923,
            48.49038461538461,
            47.77884615384615,
            49.77403846153846
        ],
        "noisy_test_loss": [
            2.094214785649226,
            1.7633313883267916,
            1.6023003064669095,
            1.528276812480046,
            1.547563865368183,
            1.613356423011193,
            1.5126710546933688,
            1.4681196410839374,
            1.5500395679473877,
            1.6214119859842153,
            1.5641472368973952,
            1.5767467161325308,
            1.6106562900543213,
            1.8261018459613507,
            1.7012024233891414,
            1.8333571720123292,
            1.7064294983790471,
            1.7357093678987943,
            1.7270777020087609,
            1.748973727593055,
            1.8091468576284555,
            1.870351172227126,
            1.9527042741041918,
            1.932845837519719,
            1.8807672104468713,
            1.9011338791480432,
            1.9928113908034104,
            2.0010740016056943,
            2.1227311244377725,
            2.007360829573411
        ],
        "test_acc": [
            84.26923076923077,
            87.6923076923077,
            89.14423076923077,
            90.13942307692308,
            90.88942307692308,
            90.89423076923077,
            91.02884615384616,
            91.21634615384616,
            91.32692307692308,
            91.75961538461539,
            91.89903846153847,
            91.85096153846153,
            91.79326923076923,
            91.90384615384616,
            91.91346153846153,
            91.9951923076923,
            92.0576923076923,
            92.08653846153847,
            91.92788461538461,
            92.04326923076923,
            92.13942307692308,
            92.01923076923077,
            92.09134615384616,
            92.17788461538461,
            92.13942307692308,
            92.14423076923077,
            92.1298076923077,
            92.30288461538461,
            92.1298076923077,
            92.14903846153847
        ],
        "test_loss": [
            0.5287575340270996,
            0.39742342215317944,
            0.3459975895514855,
            0.30979861406179576,
            0.2956254805051363,
            0.28788365290715145,
            0.28217573385972244,
            0.27071561373197117,
            0.2723332185011644,
            0.2602451716936552,
            0.2590219435325036,
            0.2585452457574698,
            0.2578672665816087,
            0.2605437839948214,
            0.25934089954082784,
            0.26187622437110314,
            0.2619037877596342,
            0.26524124292226936,
            0.2699040427574745,
            0.2668879589667687,
            0.2703827359126164,
            0.2706381937173697,
            0.2684028720855713,
            0.27518116033994233,
            0.27726991873521073,
            0.28024476784926194,
            0.2796356648665208,
            0.280484415934636,
            0.2945940898014949,
            0.29152070632347693
        ],
        "val_acc": [
            83.76,
            87.95,
            89.57,
            90.45,
            90.81,
            90.95,
            91.25,
            91.57,
            91.49,
            91.88,
            91.89,
            92.1,
            91.76,
            92.03,
            91.96,
            91.99,
            92.0,
            92.17,
            92.3,
            92.17,
            92.0,
            92.2,
            92.15,
            92.22,
            92.3,
            92.29,
            92.26,
            92.42,
            92.34,
            92.3
        ],
        "val_loss": [
            0.5370141845703125,
            0.3933603729248047,
            0.3379045776367188,
            0.30204356689453127,
            0.28660318908691407,
            0.28321576538085935,
            0.2761979110717773,
            0.2667124359130859,
            0.264179248046875,
            0.25345625762939455,
            0.2533346237182617,
            0.25445966033935546,
            0.25352119750976565,
            0.2530085632324219,
            0.2557798767089844,
            0.25462401123046874,
            0.2546790481567383,
            0.2588910614013672,
            0.2567117904663086,
            0.2611420455932617,
            0.2659828872680664,
            0.26056723327636716,
            0.26259173126220703,
            0.26692336273193357,
            0.26955708923339844,
            0.2715123779296875,
            0.2673743057250977,
            0.27223525848388674,
            0.2825791015625,
            0.2813982131958008
        ]
    }
}