{
    "desc": "Run 8 of hyperparameter search",
    "log_stdout": false,
    "params": {
        "batch_size": 64,
        "batch_size_eval": 1000,
        "learning_rate": 0.02,
        "momentum": 0.7,
        "num_epochs": 30,
        "scaling_factor": 2
    },
    "stdout": "",
    "timestamp": "2019-02-03 05:27:26.071722",
    "values": {
        "noisy_test_acc": [
            54.5,
            56.57211538461539,
            59.625,
            59.21153846153846,
            56.84615384615385,
            55.54807692307692,
            59.17788461538461,
            59.47596153846154,
            56.71634615384615,
            55.1875,
            56.17307692307692,
            57.12019230769231,
            54.62019230769231,
            53.97596153846154,
            55.22115384615385,
            53.08173076923077,
            53.24519230769231,
            51.48557692307692,
            52.84615384615385,
            49.6875,
            52.27884615384615,
            49.77403846153846,
            49.94230769230769,
            50.29326923076923,
            50.87019230769231,
            47.96634615384615,
            49.09615384615385,
            50.45192307692308,
            49.53846153846154,
            49.83653846153846
        ],
        "noisy_test_loss": [
            1.7571326241126428,
            1.5385599657205435,
            1.4011120025928203,
            1.4173018858982966,
            1.4733779305678147,
            1.542898909495427,
            1.400104654752291,
            1.387557045863225,
            1.5030360251206618,
            1.5670102310180665,
            1.5412609819265513,
            1.5269795520489033,
            1.6468073214017427,
            1.684043662731464,
            1.6442528959421012,
            1.7845063928457408,
            1.82218720802894,
            1.8481311181875375,
            1.8221927642822267,
            2.029952696286715,
            1.870346776522123,
            2.0694002753037672,
            2.0150605832613433,
            2.0798944825392502,
            1.9868924375680777,
            2.3441252796466534,
            2.177027577620286,
            2.1012289237976076,
            2.193596974886381,
            2.2653266862722545
        ],
        "test_acc": [
            86.40384615384616,
            89.08173076923077,
            90.27884615384616,
            90.97115384615384,
            91.27884615384616,
            91.46634615384616,
            91.53846153846153,
            91.8076923076923,
            91.64903846153847,
            91.92307692307692,
            91.98076923076923,
            91.84134615384616,
            91.85576923076923,
            91.91346153846153,
            91.86538461538461,
            91.97596153846153,
            92.04326923076923,
            92.02403846153847,
            92.17307692307692,
            91.875,
            91.97596153846153,
            92.15865384615384,
            92.24038461538461,
            92.14903846153847,
            92.1298076923077,
            92.13942307692308,
            92.2548076923077,
            92.34615384615384,
            92.21153846153847,
            92.30288461538461
        ],
        "test_loss": [
            0.4427525623028095,
            0.34910551511324367,
            0.3115181093949538,
            0.2902433362373939,
            0.2792807733095609,
            0.2699810270162729,
            0.26774655195382924,
            0.2632676616081825,
            0.26718203251178446,
            0.26002502551445594,
            0.2628134580758902,
            0.2669294863480788,
            0.26604150808774507,
            0.27107147253476654,
            0.2720307625257052,
            0.27638037278101996,
            0.2838489165672889,
            0.2833844573681171,
            0.2860919369184054,
            0.292702804345351,
            0.2967907560788668,
            0.2939976959962111,
            0.2891318959456224,
            0.3052829360961914,
            0.3016248420568613,
            0.31352567012493426,
            0.307996522463285,
            0.30347807187300463,
            0.316649605677678,
            0.3252646651634803
        ],
        "val_acc": [
            86.3,
            89.07,
            90.32,
            90.72,
            91.05,
            91.35,
            91.37,
            91.74,
            91.56,
            91.82,
            92.02,
            91.91,
            91.66,
            92.04,
            92.04,
            92.07,
            91.92,
            91.91,
            92.18,
            91.82,
            91.78,
            92.27,
            92.17,
            92.31,
            92.24,
            92.5,
            92.24,
            92.41,
            92.45,
            92.1
        ],
        "val_loss": [
            0.44644736938476565,
            0.34342974853515623,
            0.30427061462402344,
            0.2839331069946289,
            0.2723725402832031,
            0.2671209945678711,
            0.26570062561035157,
            0.2610796600341797,
            0.26087951049804686,
            0.25881341094970706,
            0.2560516876220703,
            0.26752239685058593,
            0.2628937210083008,
            0.2640512451171875,
            0.2608777145385742,
            0.27089431610107423,
            0.2758853561401367,
            0.2803482025146484,
            0.28054966583251956,
            0.285499658203125,
            0.30171171875,
            0.2887087615966797,
            0.2867156051635742,
            0.2932262390136719,
            0.30209776763916013,
            0.3000872634887695,
            0.29834560546875,
            0.3008935073852539,
            0.30474156036376954,
            0.3184328094482422
        ]
    }
}