{
    "desc": "Run 9 of hyperparameter search",
    "log_stdout": false,
    "params": {
        "batch_size": 64,
        "batch_size_eval": 1000,
        "learning_rate": 0.04,
        "momentum": 0.3,
        "num_epochs": 30,
        "scaling_factor": 2
    },
    "stdout": "",
    "timestamp": "2019-02-03 05:45:32.031270",
    "values": {
        "noisy_test_acc": [
            51.1875,
            56.00961538461539,
            58.87980769230769,
            60.34615384615385,
            54.9375,
            53.9375,
            58.0625,
            58.63461538461539,
            53.69230769230769,
            54.29807692307692,
            54.05288461538461,
            57.37019230769231,
            54.26442307692308,
            52.29807692307692,
            54.86057692307692,
            51.42307692307692,
            53.76923076923077,
            51.54807692307692,
            51.57692307692308,
            51.77884615384615,
            50.07211538461539,
            51.27403846153846,
            48.4375,
            50.6875,
            50.0625,
            48.89423076923077,
            48.27403846153846,
            50.95192307692308,
            47.74519230769231,
            49.38942307692308
        ],
        "noisy_test_loss": [
            1.907819727384127,
            1.5888124517294078,
            1.4382809257507325,
            1.3948016738891602,
            1.5341328290792613,
            1.5503737002152662,
            1.4264391972468449,
            1.4005154338249794,
            1.5844344344505896,
            1.577022320674016,
            1.5919964518913856,
            1.4780447123600886,
            1.6126039725083572,
            1.7336891775864822,
            1.6192809104919434,
            1.7781614861121544,
            1.694136738410363,
            1.797942594381479,
            1.7964129682687613,
            1.8162838979867788,
            1.9241995371305025,
            1.8724527314993051,
            2.017479719015268,
            1.9291726273756762,
            1.9645397244966947,
            2.077721956693209,
            2.1657384021465593,
            1.9677486947866587,
            2.2248103523254397,
            2.1596218813382664
        ],
        "test_acc": [
            85.6201923076923,
            88.50961538461539,
            89.66826923076923,
            90.77884615384616,
            91.17788461538461,
            91.33173076923077,
            91.3076923076923,
            91.53846153846153,
            91.67307692307692,
            91.99038461538461,
            91.96634615384616,
            91.91346153846153,
            92.0576923076923,
            92.17788461538461,
            91.77884615384616,
            92.00961538461539,
            92.09134615384616,
            92.09134615384616,
            92.02403846153847,
            91.92307692307692,
            92.04807692307692,
            92.09615384615384,
            92.02884615384616,
            92.13461538461539,
            92.11057692307692,
            92.1875,
            92.14423076923077,
            92.27884615384616,
            92.02884615384616,
            92.20192307692308
        ],
        "test_loss": [
            0.471275609089778,
            0.36376655872051533,
            0.3254347683833196,
            0.29514062367952787,
            0.28222153773674596,
            0.27296563551976133,
            0.2695797769839947,
            0.2646715472294734,
            0.264596716440641,
            0.25849875963651214,
            0.2622072773713332,
            0.2638447501109197,
            0.2590892956807063,
            0.2636452990311843,
            0.26829080288226786,
            0.26972548191363993,
            0.2758892712226281,
            0.2723540650881254,
            0.28209103180811956,
            0.2819746259542612,
            0.2818105451877301,
            0.2828748053770799,
            0.2828519425025353,
            0.2929754139826848,
            0.29758150834303637,
            0.302680019231943,
            0.2994972955263578,
            0.2996971108363225,
            0.312836079964271,
            0.316282753944397
        ],
        "val_acc": [
            85.39,
            88.76,
            89.98,
            90.72,
            91.24,
            91.3,
            91.49,
            91.66,
            91.89,
            91.92,
            92.0,
            91.89,
            91.84,
            92.09,
            91.95,
            92.16,
            92.09,
            92.14,
            92.28,
            92.1,
            91.98,
            92.17,
            92.02,
            92.3,
            92.3,
            92.22,
            92.27,
            92.3,
            92.47,
            92.28
        ],
        "val_loss": [
            0.47803291625976563,
            0.3634721954345703,
            0.3194126617431641,
            0.2912540008544922,
            0.27593663177490235,
            0.27130270538330076,
            0.2678141357421875,
            0.2651144805908203,
            0.2599732894897461,
            0.25320166015625,
            0.25344649353027343,
            0.26084823150634767,
            0.25641072845458984,
            0.25804464263916016,
            0.2623560668945312,
            0.2576937484741211,
            0.26718368682861326,
            0.26818587951660156,
            0.2706649520874023,
            0.2704089645385742,
            0.28004354248046875,
            0.2720111602783203,
            0.2750232604980469,
            0.2828123443603516,
            0.2875778549194336,
            0.2926164825439453,
            0.2889336471557617,
            0.2914584609985352,
            0.29860489196777346,
            0.30775247192382815
        ]
    }
}