{
    "desc": "Run 0 of hyperparameter search",
    "log_stdout": false,
    "params": {
        "batch_size": 64,
        "batch_size_eval": 1000,
        "learning_rate": 0.005,
        "momentum": 0.3,
        "num_epochs": 30,
        "scaling_factor": 2
    },
    "stdout": "",
    "timestamp": "2019-02-13 17:49:58.100390",
    "values": {
        "noisy_test_acc": [
            40.89903846153846,
            39.11057692307692,
            37.82211538461539,
            39.20192307692308,
            38.61538461538461,
            39.14423076923077,
            40.12019230769231,
            40.97596153846154,
            40.52403846153846,
            42.08173076923077,
            41.52884615384615,
            41.24038461538461,
            43.29326923076923,
            42.88461538461539,
            42.58653846153846,
            43.39903846153846,
            43.24038461538461,
            42.74519230769231,
            44.91826923076923,
            44.87980769230769,
            43.49519230769231,
            43.72115384615385,
            45.23557692307692,
            45.42788461538461,
            45.87019230769231,
            45.24519230769231,
            45.44230769230769,
            45.29326923076923,
            44.89423076923077,
            44.71153846153846
        ],
        "noisy_test_loss": [
            2.139952988257775,
            2.2230807319054238,
            2.23589601956881,
            2.1890015411376953,
            2.20184381044828,
            2.1770449594350962,
            2.152294114919809,
            2.12344844524677,
            2.099310783973107,
            2.0616065509502706,
            2.0764893869253305,
            2.0794708310640777,
            2.0099765894963193,
            2.020072083106408,
            2.0186750617394082,
            1.9957438571636494,
            2.0025086270845853,
            2.0054564754779522,
            1.9460171508789061,
            1.9513321861853967,
            2.010344616816594,
            2.0063599307720477,
            1.9433733279888445,
            1.9251669076772837,
            1.918674826988807,
            1.9455089891873873,
            1.9345319131704477,
            1.9709924287062426,
            1.9665506685697116,
            1.9791788101196288
        ],
        "test_acc": [
            72.03846153846153,
            77.57692307692308,
            80.73076923076923,
            82.63942307692308,
            84.11057692307692,
            85.0625,
            85.97115384615384,
            86.5673076923077,
            87.1298076923077,
            87.6201923076923,
            87.98557692307692,
            88.25,
            88.59615384615384,
            88.83653846153847,
            88.89423076923077,
            89.17307692307692,
            89.26442307692308,
            89.44711538461539,
            89.57692307692308,
            89.7451923076923,
            89.875,
            90.07211538461539,
            90.0,
            90.14903846153847,
            90.0576923076923,
            90.33173076923077,
            90.30288461538461,
            90.46153846153847,
            90.54326923076923,
            90.53846153846153
        ],
        "test_loss": [
            0.9862872461172251,
            0.7920541689946101,
            0.6742040340717023,
            0.5993204865088829,
            0.5476623505812425,
            0.5089769378075233,
            0.479040621977586,
            0.45608727381779596,
            0.4378088268866906,
            0.4214022768460787,
            0.4069635721353384,
            0.3947153340853178,
            0.3852402613713191,
            0.3763578693683331,
            0.36886527134821967,
            0.36214041049663837,
            0.3545876855116624,
            0.34746066973759576,
            0.3436859563680795,
            0.33852574861966644,
            0.33428134918212893,
            0.33143603801727295,
            0.3275484334505521,
            0.3232712716322679,
            0.32103972068199743,
            0.3176693036006047,
            0.31595447283524736,
            0.31240825506357045,
            0.30907646362598123,
            0.307390750004695
        ],
        "val_acc": [
            72.0,
            76.97,
            80.2,
            82.3,
            83.86,
            84.87,
            85.72,
            86.33,
            86.82,
            87.34,
            87.71,
            88.15,
            88.25,
            88.64,
            88.95,
            89.03,
            89.33,
            89.56,
            89.64,
            89.73,
            90.02,
            89.96,
            90.31,
            90.27,
            90.27,
            90.55,
            90.47,
            90.46,
            90.64,
            90.62
        ],
        "val_loss": [
            0.9916386291503906,
            0.8001810485839844,
            0.6830134399414063,
            0.6062230529785156,
            0.5517099609375,
            0.5132496856689454,
            0.4825668884277344,
            0.45935878295898436,
            0.43870209350585937,
            0.422393408203125,
            0.4069624298095703,
            0.3940443817138672,
            0.384729150390625,
            0.3763564697265625,
            0.3689231872558594,
            0.3608269927978516,
            0.3534518341064453,
            0.346131640625,
            0.3420376373291016,
            0.3366539825439453,
            0.3317464599609375,
            0.32934988708496094,
            0.3234596282958984,
            0.3210024536132812,
            0.319985107421875,
            0.31426515197753907,
            0.313445361328125,
            0.31022806701660155,
            0.3068826446533203,
            0.30568001708984377
        ]
    }
}