{
    "desc": "Run 1 of hyperparameter search",
    "log_stdout": false,
    "params": {
        "batch_size": 64,
        "batch_size_eval": 1000,
        "learning_rate": 0.005,
        "momentum": 0.5,
        "num_epochs": 30,
        "scaling_factor": 2
    },
    "stdout": "",
    "timestamp": "2019-02-13 18:07:55.026037",
    "values": {
        "noisy_test_acc": [
            40.17788461538461,
            38.92307692307692,
            38.14903846153846,
            39.63942307692308,
            38.80288461538461,
            40.26923076923077,
            41.16346153846154,
            41.88461538461539,
            41.49038461538461,
            43.37019230769231,
            42.19711538461539,
            42.48076923076923,
            44.92307692307692,
            43.50961538461539,
            43.94230769230769,
            44.46634615384615,
            43.53365384615385,
            43.28846153846154,
            45.95192307692308,
            44.84615384615385,
            43.91826923076923,
            43.56730769230769,
            45.86057692307692,
            44.73076923076923,
            46.21634615384615,
            44.94230769230769,
            45.57211538461539,
            44.5625,
            44.54326923076923,
            44.29807692307692
        ],
        "noisy_test_loss": [
            2.170203032860389,
            2.2175204731867866,
            2.223503244840182,
            2.163777738717886,
            2.1909634810227616,
            2.136128921508789,
            2.111970619788537,
            2.0754220874492937,
            2.064319745577299,
            1.9995165164654072,
            2.037270202636719,
            2.033208465576172,
            1.953075100825383,
            1.9940477429903471,
            1.9995964754544773,
            1.9651839065551757,
            1.9993736208402193,
            2.014266345684345,
            1.9335290732750525,
            1.95949340233436,
            2.043925317617563,
            2.0406417494553786,
            1.987389133159931,
            1.9922416364229643,
            1.9667944746751052,
            2.0174010584904596,
            1.9940719399085411,
            2.0448349497868463,
            2.042612551175631,
            2.0886225069486177
        ],
        "test_acc": [
            74.55288461538461,
            80.15384615384616,
            82.94711538461539,
            84.54807692307692,
            85.83653846153847,
            86.73557692307692,
            87.4951923076923,
            87.85576923076923,
            88.27884615384616,
            88.6875,
            89.01442307692308,
            89.15384615384616,
            89.49038461538461,
            89.72115384615384,
            89.79807692307692,
            89.92307692307692,
            90.13942307692308,
            90.23076923076923,
            90.30288461538461,
            90.4951923076923,
            90.50961538461539,
            90.74038461538461,
            90.71634615384616,
            90.8125,
            90.8125,
            90.9326923076923,
            91.0048076923077,
            91.02884615384616,
            91.13942307692308,
            91.08653846153847
        ],
        "test_loss": [
            0.8968958575908954,
            0.6963680091271034,
            0.5884940220759465,
            0.5242443422170786,
            0.4814037491725041,
            0.4495866870880127,
            0.4245110269693228,
            0.406387813274677,
            0.39175545619084284,
            0.37793813485365646,
            0.3658172534062312,
            0.35629642413212703,
            0.34877067932715783,
            0.34176100730896,
            0.33559938137347883,
            0.3302948680290809,
            0.32470464633061336,
            0.3188635642711933,
            0.31629868727463945,
            0.3125400370817918,
            0.30891117682823765,
            0.30697962907644416,
            0.30355624015514665,
            0.3003203978905311,
            0.29915915232438306,
            0.29660537756406347,
            0.29507102379432093,
            0.2918567419052124,
            0.2892154598236084,
            0.2883750446026142
        ],
        "val_acc": [
            74.36,
            79.72,
            82.63,
            84.59,
            85.49,
            86.42,
            87.41,
            87.65,
            88.15,
            88.69,
            89.1,
            89.53,
            89.46,
            89.58,
            89.66,
            90.08,
            90.27,
            90.3,
            90.38,
            90.54,
            90.88,
            90.73,
            91.01,
            90.89,
            90.82,
            91.1,
            91.07,
            91.06,
            91.2,
            91.1
        ],
        "val_loss": [
            0.9021362915039063,
            0.7036629821777344,
            0.5959009521484375,
            0.5287803771972657,
            0.4831506072998047,
            0.4511830017089844,
            0.4257412841796875,
            0.40696722717285155,
            0.39062763061523437,
            0.37720253601074216,
            0.36425205078125,
            0.35419367980957034,
            0.3468922790527344,
            0.3408059326171875,
            0.3349594573974609,
            0.32895457763671876,
            0.3235824462890625,
            0.31758872680664063,
            0.3149837707519531,
            0.31085535278320314,
            0.30675162963867186,
            0.30546878051757814,
            0.30027030334472654,
            0.29855969848632813,
            0.2989456481933594,
            0.29345258941650393,
            0.29324390869140626,
            0.2908276733398438,
            0.2881719772338867,
            0.2877635833740234
        ]
    }
}