{
    "desc": "Run 10 of hyperparameter search",
    "log_stdout": false,
    "params": {
        "batch_size": 64,
        "batch_size_eval": 1000,
        "learning_rate": 0.04,
        "momentum": 0.5,
        "num_epochs": 30,
        "scaling_factor": 2
    },
    "stdout": "",
    "timestamp": "2019-02-14 03:41:14.637282",
    "values": {
        "noisy_test_acc": [
            44.17307692307692,
            44.39423076923077,
            42.57211538461539,
            44.08653846153846,
            42.26442307692308,
            40.67788461538461,
            43.50961538461539,
            42.375,
            40.95192307692308,
            44.27403846153846,
            39.54807692307692,
            37.88461538461539,
            39.84134615384615,
            38.55769230769231,
            38.02884615384615,
            38.30288461538461,
            38.26442307692308,
            36.81730769230769,
            40.47115384615385,
            35.58173076923077,
            36.68269230769231,
            35.47115384615385,
            36.38461538461539,
            37.95192307692308,
            36.78365384615385,
            36.98076923076923,
            39.61057692307692,
            35.95192307692308,
            38.49519230769231,
            36.04326923076923
        ],
        "noisy_test_loss": [
            2.0224958185049204,
            2.1932878479590783,
            2.4050529597355768,
            2.4623117916400616,
            2.769856403057392,
            3.1011454508854794,
            2.947946921128493,
            3.1701962074866663,
            3.296896485548753,
            3.245795778127817,
            3.977391615647536,
            4.312771084125226,
            4.25335263472337,
            4.647364440331092,
            4.857770004272461,
            4.943513386066144,
            5.107234212435209,
            5.487699857858511,
            5.090973898080679,
            6.012851776709923,
            5.897964248657226,
            6.35934858762301,
            6.443829307556152,
            6.072212383563702,
            6.7177741124079775,
            6.8791967421311595,
            6.0521177145150995,
            7.281423715444712,
            6.532137169471154,
            7.298163727980394
        ],
        "test_acc": [
            85.6201923076923,
            88.17788461538461,
            89.3125,
            90.30288461538461,
            90.49038461538461,
            90.79326923076923,
            90.98076923076923,
            90.88942307692308,
            91.28846153846153,
            91.13461538461539,
            91.3125,
            91.16346153846153,
            91.5048076923077,
            91.50961538461539,
            91.6298076923077,
            91.58173076923077,
            91.53365384615384,
            91.54326923076923,
            91.75961538461539,
            91.75961538461539,
            91.79326923076923,
            91.77403846153847,
            91.75961538461539,
            91.8173076923077,
            91.83173076923077,
            91.76923076923077,
            91.72596153846153,
            92.02403846153847,
            91.73557692307692,
            91.79807692307692
        ],
        "test_loss": [
            0.4649305035517766,
            0.3762434820028452,
            0.33976880953862115,
            0.3127161480830266,
            0.3078707078786997,
            0.30212213516235353,
            0.2945958691376906,
            0.2914649306810819,
            0.28377437041356013,
            0.2851583242416382,
            0.2862785445726835,
            0.2836645320745615,
            0.2841617778631357,
            0.28242667785057657,
            0.285695098730234,
            0.2811713548806997,
            0.2838622540694017,
            0.2845346927642822,
            0.28295805784372186,
            0.2876050464923565,
            0.2894385579916147,
            0.2881212201485267,
            0.28917073286496675,
            0.28857681054335377,
            0.2919772856052105,
            0.2946159553527832,
            0.2960092507875883,
            0.2937581231043889,
            0.2930303148122934,
            0.29820189035855804
        ],
        "val_acc": [
            85.74,
            88.43,
            89.39,
            90.61,
            90.44,
            90.77,
            91.04,
            91.19,
            91.2,
            91.33,
            91.41,
            91.46,
            91.34,
            91.49,
            91.44,
            91.59,
            91.85,
            91.48,
            91.71,
            91.73,
            91.75,
            91.82,
            91.9,
            91.82,
            91.67,
            91.61,
            91.79,
            91.95,
            91.87,
            91.74
        ],
        "val_loss": [
            0.4638167053222656,
            0.374882958984375,
            0.3437526641845703,
            0.309971533203125,
            0.3067277038574219,
            0.2991430999755859,
            0.2983656265258789,
            0.2879203918457031,
            0.28650314178466796,
            0.2865811004638672,
            0.2854047897338867,
            0.2838872131347656,
            0.2837145080566406,
            0.2840912155151367,
            0.2840381118774414,
            0.28304791259765627,
            0.2769684692382812,
            0.2822157104492187,
            0.27663700256347656,
            0.2839755126953125,
            0.28753136291503906,
            0.2857418670654297,
            0.2861786605834961,
            0.286177995300293,
            0.28900213317871093,
            0.2901872406005859,
            0.29390622100830077,
            0.2882112243652344,
            0.29198641357421873,
            0.2916012222290039
        ]
    }
}