{
    "desc": "Run 11 of hyperparameter search",
    "log_stdout": false,
    "params": {
        "batch_size": 64,
        "batch_size_eval": 1000,
        "learning_rate": 0.04,
        "momentum": 0.7,
        "num_epochs": 30,
        "scaling_factor": 2
    },
    "stdout": "",
    "timestamp": "2019-02-14 13:58:39.621839",
    "values": {
        "noisy_test_acc": [
            46.58653846153846,
            46.33173076923077,
            43.47596153846154,
            45.16346153846154,
            42.49519230769231,
            40.63461538461539,
            39.20192307692308,
            38.33653846153846,
            40.24519230769231,
            41.96634615384615,
            38.13942307692308,
            38.92788461538461,
            40.02403846153846,
            36.125,
            37.69230769230769,
            39.97596153846154,
            37.4375,
            37.66346153846154,
            37.94711538461539,
            36.73557692307692,
            33.63461538461539,
            35.51923076923077,
            33.86057692307692,
            33.75480769230769,
            38.01442307692308,
            34.87980769230769,
            38.43269230769231,
            33.79326923076923,
            35.78846153846154,
            34.46153846153846
        ],
        "noisy_test_loss": [
            2.0381059763981746,
            2.4656705078711876,
            3.141447501549354,
            3.2606837551410384,
            3.97227593935453,
            4.4695988068213826,
            5.060876098045936,
            5.786983243502103,
            5.437324089637169,
            5.763339829078087,
            6.666504616370568,
            6.444083386934721,
            6.815134001511794,
            7.917400671151968,
            8.104565086364746,
            7.714830210759089,
            8.670544961782602,
            9.226013764601488,
            9.36855462881235,
            9.746150812002329,
            11.137545846792367,
            10.515180311936598,
            12.297827383188102,
            11.875256693913386,
            10.83341064453125,
            12.042151506864107,
            11.55983668400691,
            13.353724247859075,
            12.407358891413763,
            13.761726766733023
        ],
        "test_acc": [
            86.3076923076923,
            88.14423076923077,
            89.3125,
            90.2548076923077,
            89.97596153846153,
            90.10096153846153,
            90.73076923076923,
            90.7548076923077,
            91.01923076923077,
            90.94711538461539,
            90.85576923076923,
            90.91826923076923,
            91.04807692307692,
            91.14903846153847,
            90.97596153846153,
            91.4951923076923,
            91.38461538461539,
            91.3125,
            91.07692307692308,
            91.17307692307692,
            91.36538461538461,
            91.52403846153847,
            91.40384615384616,
            91.35576923076923,
            91.57211538461539,
            91.34134615384616,
            91.29807692307692,
            91.46153846153847,
            91.375,
            91.60096153846153
        ],
        "test_loss": [
            0.44185324522165154,
            0.3800549397101769,
            0.34474145375765286,
            0.31994751930236814,
            0.324189782509437,
            0.31681952293102555,
            0.3104156904954177,
            0.30815870615152213,
            0.29962755570044886,
            0.3102702823052039,
            0.3152328065725473,
            0.30484888663658727,
            0.3086016390873836,
            0.3100811741902278,
            0.3191932487487793,
            0.30904897616459776,
            0.3183822022951566,
            0.31313179933107815,
            0.3192709856766921,
            0.3150235869334294,
            0.3218462760631855,
            0.31623953892634465,
            0.3301258512643667,
            0.327360833974985,
            0.3255373734694261,
            0.33318944637592024,
            0.33366087179917553,
            0.33406085344461295,
            0.33613405374380256,
            0.33403413259066067
        ],
        "val_acc": [
            86.37,
            88.29,
            89.26,
            90.09,
            89.8,
            90.28,
            90.26,
            90.67,
            90.99,
            90.77,
            90.91,
            91.33,
            91.09,
            91.32,
            91.23,
            91.5,
            91.16,
            91.15,
            91.03,
            91.1,
            91.62,
            91.55,
            91.62,
            91.3,
            91.4,
            91.51,
            91.56,
            91.52,
            91.54,
            91.61
        ],
        "val_loss": [
            0.4360810272216797,
            0.37759150085449217,
            0.3493518981933594,
            0.32872394104003905,
            0.32598898010253907,
            0.31925061645507813,
            0.31782727966308594,
            0.30742166595458986,
            0.3102587600708008,
            0.3209837646484375,
            0.3109145248413086,
            0.29723424377441404,
            0.3081534622192383,
            0.30540173797607423,
            0.3109156799316406,
            0.3083942047119141,
            0.3161211990356445,
            0.31582747497558594,
            0.32024507904052735,
            0.3169901428222656,
            0.31974502563476564,
            0.3166691772460937,
            0.3265072235107422,
            0.3349963348388672,
            0.32315813903808593,
            0.33401978302001956,
            0.32890530700683596,
            0.3361760559082031,
            0.3369816192626953,
            0.336498356628418
        ]
    }
}