{
    "desc": "Run 12 of hyperparameter search",
    "log_stdout": false,
    "params": {
        "batch_size": 128,
        "batch_size_eval": 1000,
        "learning_rate": 0.005,
        "momentum": 0.3,
        "num_epochs": 30,
        "scaling_factor": 2
    },
    "stdout": "",
    "timestamp": "2019-02-14 14:17:09.933417",
    "values": {
        "noisy_test_acc": [
            41.53846153846154,
            40.95673076923077,
            40.26923076923077,
            39.02403846153846,
            39.00480769230769,
            39.17788461538461,
            39.84134615384615,
            39.27884615384615,
            39.47596153846154,
            39.95673076923077,
            39.80288461538461,
            39.47115384615385,
            39.91826923076923,
            40.61538461538461,
            40.45673076923077,
            41.42307692307692,
            41.55769230769231,
            41.56730769230769,
            41.89423076923077,
            41.33173076923077,
            42.13461538461539,
            41.13942307692308,
            42.69230769230769,
            42.83173076923077,
            42.66346153846154,
            43.625,
            42.875,
            43.79326923076923,
            43.09615384615385,
            43.60096153846154
        ],
        "noisy_test_loss": [
            2.0918841846172627,
            2.124380903977614,
            2.1813278638399565,
            2.229259526179387,
            2.2137546568650466,
            2.1874137555635893,
            2.1775388424213116,
            2.1939085446871243,
            2.1614876145582933,
            2.1575142200176534,
            2.1570058705256536,
            2.1548540878295896,
            2.137170891394982,
            2.1326592107919544,
            2.1059371420053337,
            2.081120893038236,
            2.0938340817964995,
            2.0677284592848557,
            2.0653703865638144,
            2.064206422659067,
            2.0530466783963717,
            2.061232634324294,
            2.034192032447228,
            2.018687039888822,
            2.008536077646109,
            1.978548234792856,
            2.011156906714806,
            1.9865335259070762,
            2.0054754462608924,
            1.9990326543954702
        ],
        "test_acc": [
            67.21634615384616,
            72.09134615384616,
            75.4423076923077,
            77.61057692307692,
            79.4375,
            80.65865384615384,
            81.82692307692308,
            82.75961538461539,
            83.4375,
            84.19711538461539,
            84.71153846153847,
            85.25,
            85.58653846153847,
            85.98557692307692,
            86.36057692307692,
            86.6201923076923,
            86.92307692307692,
            87.27884615384616,
            87.5576923076923,
            87.71634615384616,
            87.8701923076923,
            88.0673076923077,
            88.15865384615384,
            88.33173076923077,
            88.48076923076923,
            88.54326923076923,
            88.65384615384616,
            88.8173076923077,
            88.96634615384616,
            89.01923076923077
        ],
        "test_loss": [
            1.1706352028479943,
            0.9819756111731897,
            0.8729271345872145,
            0.7890912026625413,
            0.7244710320692797,
            0.674392135326679,
            0.6318390288719764,
            0.5974021926293006,
            0.5697736461345966,
            0.5447123468839206,
            0.5251382534320538,
            0.5064911387516902,
            0.4926524778512808,
            0.47827987744258,
            0.46540695337148813,
            0.45448015726529634,
            0.4446917643913856,
            0.4355583433004526,
            0.42711855521568887,
            0.41949902094327485,
            0.41223949652451736,
            0.40547135206369256,
            0.39933289454533505,
            0.39374934416550855,
            0.3880640154618483,
            0.38454624982980584,
            0.3795605989602896,
            0.3749276014474722,
            0.36974259743323695,
            0.3663632620297945
        ],
        "val_acc": [
            66.89,
            71.81,
            74.94,
            77.12,
            79.1,
            80.35,
            81.57,
            82.58,
            83.24,
            83.92,
            84.36,
            84.99,
            85.45,
            85.67,
            86.25,
            86.45,
            86.79,
            86.89,
            87.14,
            87.46,
            87.68,
            87.86,
            87.85,
            88.14,
            88.28,
            88.35,
            88.5,
            88.73,
            88.89,
            88.82
        ],
        "val_loss": [
            1.1751684448242188,
            0.9897377258300781,
            0.8818338623046875,
            0.7977382019042969,
            0.7332865356445313,
            0.6831233032226562,
            0.6384780517578125,
            0.6046512268066406,
            0.5763699645996094,
            0.5513466979980469,
            0.5313591766357422,
            0.5114229522705078,
            0.49585335083007814,
            0.48146817932128905,
            0.46864285888671875,
            0.45616172485351564,
            0.44673536987304685,
            0.4377544403076172,
            0.4287477600097656,
            0.42029939575195313,
            0.4126243804931641,
            0.40599413452148436,
            0.4000152618408203,
            0.39388180236816406,
            0.38828622436523436,
            0.38369197692871093,
            0.3789198760986328,
            0.37389997253417967,
            0.3689787017822266,
            0.3657569091796875
        ]
    }
}