{
    "desc": "Run 13 of hyperparameter search",
    "log_stdout": false,
    "params": {
        "batch_size": 128,
        "batch_size_eval": 1000,
        "learning_rate": 0.005,
        "momentum": 0.5,
        "num_epochs": 30,
        "scaling_factor": 2
    },
    "stdout": "",
    "timestamp": "2019-02-14 14:35:14.016412",
    "values": {
        "noisy_test_acc": [
            41.12980769230769,
            40.36538461538461,
            40.05769230769231,
            38.79326923076923,
            39.43269230769231,
            39.92307692307692,
            40.63942307692308,
            39.79326923076923,
            40.09134615384615,
            41.28365384615385,
            40.93269230769231,
            40.65865384615385,
            41.25,
            41.53846153846154,
            41.73076923076923,
            42.50480769230769,
            42.47115384615385,
            42.36057692307692,
            42.93269230769231,
            42.87019230769231,
            43.03846153846154,
            42.51923076923077,
            43.54326923076923,
            44.10096153846154,
            44.65384615384615,
            45.33653846153846,
            44.28846153846154,
            44.46153846153846,
            43.98076923076923,
            44.87980769230769
        ],
        "noisy_test_loss": [
            2.1111677023080677,
            2.157103077815129,
            2.196611650907076,
            2.237620764512282,
            2.1997907814612754,
            2.1608557510375976,
            2.1423601150512694,
            2.153028661287748,
            2.1197486231877254,
            2.113319080059345,
            2.1071462220412034,
            2.106559982299805,
            2.078479479276217,
            2.0705166361882137,
            2.050321080134465,
            2.026325287452111,
            2.0338989228468676,
            2.015676486675556,
            2.010909326993502,
            2.0082815845196063,
            1.9907196866548977,
            2.0153823471069336,
            1.987307357788086,
            1.9706043243408202,
            1.945558744577261,
            1.9083581953782303,
            1.9635875408466046,
            1.9343579424344577,
            1.9559592731182391,
            1.9614342880249023
        ],
        "test_acc": [
            69.625,
            74.66346153846153,
            77.8701923076923,
            80.15865384615384,
            81.79326923076923,
            82.98557692307692,
            83.95673076923077,
            84.78846153846153,
            85.3701923076923,
            86.09615384615384,
            86.42788461538461,
            86.80288461538461,
            87.11538461538461,
            87.55288461538461,
            87.84615384615384,
            88.0,
            88.26442307692308,
            88.49038461538461,
            88.69711538461539,
            88.8076923076923,
            88.875,
            88.98076923076923,
            89.09134615384616,
            89.24038461538461,
            89.32211538461539,
            89.46153846153847,
            89.46634615384616,
            89.64903846153847,
            89.79326923076923,
            89.79326923076923
        ],
        "test_loss": [
            1.0773602470984827,
            0.8919130325317383,
            0.7774538480318509,
            0.6930510271512546,
            0.6321835048382098,
            0.5875960408724271,
            0.5505610964848445,
            0.5214523564852201,
            0.4982876330155593,
            0.4772913507314829,
            0.46146979258610654,
            0.4459584104097806,
            0.4352394456129808,
            0.42289226091825044,
            0.41230881690979004,
            0.4034866384359507,
            0.3960250707773062,
            0.38873482924241287,
            0.3813867752368634,
            0.3757458011920636,
            0.3696766501206618,
            0.3643428941873404,
            0.3593375778198242,
            0.35483601570129397,
            0.35024148794320914,
            0.3479390811920166,
            0.34387193826528695,
            0.34039345154395473,
            0.3355659338144156,
            0.33356292724609377
        ],
        "val_acc": [
            69.32,
            74.22,
            77.48,
            79.67,
            81.59,
            82.69,
            83.72,
            84.54,
            85.27,
            85.69,
            86.11,
            86.76,
            87.2,
            87.37,
            87.52,
            87.93,
            88.16,
            88.39,
            88.46,
            88.79,
            88.94,
            89.16,
            89.16,
            89.17,
            89.53,
            89.41,
            89.5,
            89.71,
            89.81,
            89.84
        ],
        "val_loss": [
            1.0829615478515624,
            0.9003178283691406,
            0.7862078735351562,
            0.7015194274902343,
            0.6401586547851562,
            0.595233447265625,
            0.5553110046386719,
            0.5268167724609375,
            0.5029715209960938,
            0.4815813812255859,
            0.465301904296875,
            0.4482493957519531,
            0.43601297302246095,
            0.4236447509765625,
            0.41328435363769533,
            0.40301358947753907,
            0.39585339050292967,
            0.3892271453857422,
            0.3813376831054687,
            0.37474495544433595,
            0.36850914001464846,
            0.36330895080566405,
            0.3590245574951172,
            0.35397472534179686,
            0.349272216796875,
            0.34596241760253904,
            0.34243399353027343,
            0.33853370666503907,
            0.3340631439208984,
            0.33216307373046877
        ]
    }
}