{
    "desc": "Run 14 of hyperparameter search",
    "log_stdout": false,
    "params": {
        "batch_size": 128,
        "batch_size_eval": 1000,
        "learning_rate": 0.005,
        "momentum": 0.7,
        "num_epochs": 30,
        "scaling_factor": 2
    },
    "stdout": "",
    "timestamp": "2019-02-14 14:52:10.270201",
    "values": {
        "noisy_test_acc": [
            39.69711538461539,
            40.17307692307692,
            39.78365384615385,
            38.53365384615385,
            39.48557692307692,
            41.07211538461539,
            42.16346153846154,
            42.0625,
            41.85576923076923,
            42.82211538461539,
            42.94711538461539,
            42.47596153846154,
            43.12019230769231,
            44.25961538461539,
            43.72596153846154,
            43.9375,
            43.59615384615385,
            43.34615384615385,
            44.50480769230769,
            44.35576923076923,
            44.76923076923077,
            43.97115384615385,
            45.44711538461539,
            44.89423076923077,
            45.31730769230769,
            46.67788461538461,
            44.89423076923077,
            45.13461538461539,
            45.56730769230769,
            46.10576923076923
        ],
        "noisy_test_loss": [
            2.1792144599327674,
            2.170961969815768,
            2.183039495027982,
            2.219390519949106,
            2.1602696638840895,
            2.0965601172814003,
            2.0597074420635515,
            2.048705147963304,
            2.0356229870135967,
            2.0244187017587514,
            2.0162768525343675,
            2.019681132389949,
            2.0133093114999623,
            1.9942184389554538,
            1.9815589552659254,
            1.9731957362248347,
            1.9887272174541766,
            1.9850889704777643,
            1.965557019160344,
            1.9504887096698467,
            1.9500536903968224,
            1.9866600506122296,
            1.9479242002047026,
            1.9522740202683668,
            1.9320035376915565,
            1.8900191967303936,
            1.9774108241154598,
            1.9537329248281625,
            1.9718453686053936,
            1.9593469707782452
        ],
        "test_acc": [
            73.1826923076923,
            78.82211538461539,
            81.70192307692308,
            83.70673076923077,
            84.79807692307692,
            85.875,
            86.7548076923077,
            87.32211538461539,
            87.6298076923077,
            88.22596153846153,
            88.4951923076923,
            88.77403846153847,
            88.97596153846153,
            89.05288461538461,
            89.35576923076923,
            89.48076923076923,
            89.71634615384616,
            89.82211538461539,
            89.96153846153847,
            90.0673076923077,
            90.10096153846153,
            90.25961538461539,
            90.34615384615384,
            90.375,
            90.52403846153847,
            90.57211538461539,
            90.61057692307692,
            90.625,
            90.79807692307692,
            90.8798076923077
        ],
        "test_loss": [
            0.9445606290377103,
            0.7472626612736628,
            0.6356778599665716,
            0.5629224337064302,
            0.5145120239257812,
            0.48065623063307544,
            0.4524367801959698,
            0.4310320656116192,
            0.4137232127556434,
            0.3979042207277738,
            0.3868727830740122,
            0.37578636756310096,
            0.3687647328009972,
            0.35944357872009275,
            0.3514907206021822,
            0.3452607103494497,
            0.3404630793057955,
            0.3355438683583186,
            0.3297677208827092,
            0.32670292047353894,
            0.3218179438664363,
            0.3182628418849065,
            0.3145713677773109,
            0.3115041035872239,
            0.3084558762036837,
            0.3075969527317927,
            0.30475311352656437,
            0.30266228052286004,
            0.29833428896390474,
            0.2977968329649705
        ],
        "val_acc": [
            73.04,
            78.35,
            81.35,
            83.31,
            84.69,
            85.52,
            86.54,
            87.04,
            87.49,
            88.07,
            88.31,
            88.7,
            88.9,
            89.2,
            89.37,
            89.62,
            89.71,
            89.87,
            89.91,
            90.12,
            90.29,
            90.5,
            90.43,
            90.52,
            90.61,
            90.72,
            90.61,
            91.02,
            91.02,
            90.8
        ],
        "val_loss": [
            0.95161064453125,
            0.7555562683105469,
            0.6431957458496094,
            0.5702812316894531,
            0.5203515075683594,
            0.48590296630859375,
            0.45437976684570314,
            0.4337581268310547,
            0.4156928527832031,
            0.39967552490234376,
            0.38824750061035157,
            0.37581672668457033,
            0.36772942810058595,
            0.3580115905761719,
            0.35109171447753906,
            0.3436504211425781,
            0.3390666381835937,
            0.33540636291503906,
            0.32922491455078123,
            0.3251936126708984,
            0.3203051055908203,
            0.3170825164794922,
            0.3147703552246094,
            0.31121731872558595,
            0.3075084747314453,
            0.3058846740722656,
            0.30415926818847655,
            0.3008709197998047,
            0.296778173828125,
            0.2965489990234375
        ]
    }
}