{
    "desc": "Run 15 of hyperparameter search",
    "log_stdout": false,
    "params": {
        "batch_size": 128,
        "batch_size_eval": 1000,
        "learning_rate": 0.01,
        "momentum": 0.3,
        "num_epochs": 30,
        "scaling_factor": 2
    },
    "stdout": "",
    "timestamp": "2019-02-14 15:09:45.731592",
    "values": {
        "noisy_test_acc": [
            40.5625,
            40.40865384615385,
            39.91346153846154,
            38.62980769230769,
            39.61538461538461,
            40.12980769230769,
            41.90384615384615,
            41.94230769230769,
            41.20192307692308,
            42.24038461538461,
            42.37019230769231,
            41.9375,
            42.6875,
            43.29326923076923,
            43.15865384615385,
            43.31730769230769,
            43.64423076923077,
            43.84615384615385,
            43.89423076923077,
            44.15865384615385,
            44.29807692307692,
            43.89903846153846,
            45.33653846153846,
            45.5,
            45.22596153846154,
            46.91346153846154,
            44.64903846153846,
            44.97115384615385,
            44.60096153846154,
            45.50480769230769
        ],
        "noisy_test_loss": [
            2.1602210705096905,
            2.169763039809007,
            2.194882879990798,
            2.2194140155498796,
            2.1572657599815956,
            2.133997958256648,
            2.0772925010094276,
            2.081373164837177,
            2.0712841092623195,
            2.065558756314791,
            2.0440899980985203,
            2.0528186357938325,
            2.0179831138023965,
            2.0120269364577075,
            1.9855471185537485,
            1.9876014239971453,
            1.9911106432401218,
            1.9836104818490836,
            1.9730368482149565,
            1.9655542285625751,
            1.9635528799203725,
            1.9852501825185922,
            1.9607130872286282,
            1.9364339505709134,
            1.9267724580031176,
            1.8851471534142128,
            1.9555370389498197,
            1.9375983516986552,
            1.9781263087346004,
            1.9528022707425632
        ],
        "test_acc": [
            72.05288461538461,
            77.74038461538461,
            80.58653846153847,
            82.70192307692308,
            84.01442307692308,
            85.10576923076923,
            85.91826923076923,
            86.75,
            87.04807692307692,
            87.60096153846153,
            87.97115384615384,
            88.33173076923077,
            88.47596153846153,
            88.64903846153847,
            88.8798076923077,
            89.09134615384616,
            89.26923076923077,
            89.4423076923077,
            89.5048076923077,
            89.70673076923077,
            89.79807692307692,
            89.89423076923077,
            90.0,
            90.11538461538461,
            90.2548076923077,
            90.2548076923077,
            90.3125,
            90.41826923076923,
            90.5625,
            90.57211538461539
        ],
        "test_loss": [
            0.9845359860933744,
            0.7902933018024151,
            0.6766111608651968,
            0.5987411807133601,
            0.5465854791494517,
            0.5093238346393292,
            0.4789948404752291,
            0.455321322954618,
            0.43627916996295635,
            0.4192937858288105,
            0.40686978560227616,
            0.39428066620459923,
            0.3863849713252141,
            0.3762570542555589,
            0.3675820431342492,
            0.3607951215597299,
            0.3549307764493502,
            0.3495522865882287,
            0.3430577960381141,
            0.33951235844538763,
            0.3343126311668983,
            0.33033385350154,
            0.32605782288771407,
            0.3226694473853478,
            0.31932480298555815,
            0.3182811795748197,
            0.31479176594660835,
            0.3124550672677847,
            0.3081108008898222,
            0.3069290381211501
        ],
        "val_acc": [
            72.02,
            77.12,
            80.27,
            82.43,
            83.82,
            84.69,
            85.77,
            86.39,
            86.94,
            87.36,
            87.73,
            88.16,
            88.52,
            88.66,
            88.9,
            89.06,
            89.39,
            89.4,
            89.51,
            89.83,
            89.81,
            90.01,
            90.03,
            90.17,
            90.29,
            90.26,
            90.39,
            90.61,
            90.66,
            90.58
        ],
        "val_loss": [
            0.9909560180664062,
            0.7990378723144531,
            0.6847497680664062,
            0.606699072265625,
            0.5530911163330078,
            0.5156568298339844,
            0.4816512969970703,
            0.4587226959228516,
            0.43899866638183593,
            0.42146681518554685,
            0.4087384216308594,
            0.39470204162597655,
            0.385571044921875,
            0.37551766052246094,
            0.3672992248535156,
            0.35923756408691404,
            0.3537213653564453,
            0.3493929260253906,
            0.3423802978515625,
            0.3381018615722656,
            0.33268670349121093,
            0.32878719482421875,
            0.3259586791992187,
            0.32229090881347655,
            0.3183143157958984,
            0.3162796356201172,
            0.31360785064697266,
            0.31070142822265623,
            0.3064415679931641,
            0.30563414001464845
        ]
    }
}