{
    "desc": "Run 16 of hyperparameter search",
    "log_stdout": false,
    "params": {
        "batch_size": 128,
        "batch_size_eval": 1000,
        "learning_rate": 0.01,
        "momentum": 0.5,
        "num_epochs": 30,
        "scaling_factor": 2
    },
    "stdout": "",
    "timestamp": "2019-02-14 15:26:59.285384",
    "values": {
        "noisy_test_acc": [
            39.60096153846154,
            40.14903846153846,
            40.18269230769231,
            38.86057692307692,
            40.28846153846154,
            41.66826923076923,
            43.49519230769231,
            43.39423076923077,
            42.65865384615385,
            43.79326923076923,
            43.93269230769231,
            43.23557692307692,
            44.66346153846154,
            44.91826923076923,
            44.71153846153846,
            44.58653846153846,
            44.8125,
            44.28365384615385,
            45.26923076923077,
            45.37980769230769,
            45.14423076923077,
            44.91346153846154,
            46.03365384615385,
            45.75480769230769,
            45.39903846153846,
            46.94711538461539,
            45.62980769230769,
            45.79807692307692,
            45.09134615384615,
            46.11538461538461
        ],
        "noisy_test_loss": [
            2.1974515240009014,
            2.1732231345543496,
            2.166826864389273,
            2.2006666095440206,
            2.114010059650128,
            2.0696660672701324,
            2.0091857205904446,
            1.998887651883639,
            2.002696844247671,
            1.9923430868295522,
            1.9850036415686974,
            1.998538853571965,
            1.9627771289532001,
            1.969776869553786,
            1.9446333489051233,
            1.9668245403583233,
            1.9795036961482122,
            1.9693551107553335,
            1.9545235237708458,
            1.9498157501220703,
            1.9407077906681942,
            1.9878197978093073,
            1.9619464551485502,
            1.943274195744441,
            1.9362996732271636,
            1.9116605758666991,
            1.9725247661884013,
            1.9732487341073843,
            2.021329137361967,
            2.001360951937162
        ],
        "test_acc": [
            74.72115384615384,
            80.17307692307692,
            82.88942307692308,
            84.63942307692308,
            85.85576923076923,
            86.80288461538461,
            87.4951923076923,
            87.9951923076923,
            88.23076923076923,
            88.69711538461539,
            88.96153846153847,
            89.30288461538461,
            89.34615384615384,
            89.6298076923077,
            89.82211538461539,
            89.88461538461539,
            90.08653846153847,
            90.14903846153847,
            90.3173076923077,
            90.34134615384616,
            90.5048076923077,
            90.66346153846153,
            90.5673076923077,
            90.77403846153847,
            90.75961538461539,
            90.82692307692308,
            90.83653846153847,
            90.8798076923077,
            91.125,
            91.17788461538461
        ],
        "test_loss": [
            0.8951514288095328,
            0.6949914095951961,
            0.5906205382713905,
            0.5230990277803861,
            0.4797680510007418,
            0.4492426307384784,
            0.4242083945641151,
            0.40514057086064265,
            0.3899315746013935,
            0.37553078651428223,
            0.366044643842257,
            0.3563187386439397,
            0.35052248734694263,
            0.3421532674936148,
            0.33501555516169623,
            0.3297689071068397,
            0.32536337338961085,
            0.32143391352433426,
            0.31601802679208607,
            0.3139730919324435,
            0.3091847045604999,
            0.3061230578789344,
            0.30252231928018425,
            0.30045062431922326,
            0.29779527590825006,
            0.29684349573575536,
            0.29455779295701245,
            0.2930907121071449,
            0.28884233694810135,
            0.2884539849941547
        ],
        "val_acc": [
            74.24,
            79.71,
            82.67,
            84.6,
            85.56,
            86.56,
            87.23,
            87.86,
            88.13,
            88.57,
            88.7,
            89.21,
            89.37,
            89.59,
            89.85,
            90.05,
            90.09,
            90.28,
            90.39,
            90.53,
            90.83,
            90.9,
            90.84,
            90.83,
            90.9,
            90.92,
            90.96,
            91.2,
            91.28,
            91.11
        ],
        "val_loss": [
            0.9020991821289063,
            0.7033902282714843,
            0.5972410400390625,
            0.5295985412597656,
            0.4848145050048828,
            0.45394122924804686,
            0.4256238800048828,
            0.4070639678955078,
            0.3912376647949219,
            0.37676590881347655,
            0.3670592529296875,
            0.3561285583496094,
            0.3491124542236328,
            0.3407231262207031,
            0.33431955261230467,
            0.3280027435302734,
            0.3239884796142578,
            0.3214090545654297,
            0.31526560668945314,
            0.3121697296142578,
            0.3074273376464844,
            0.3042868118286133,
            0.3025181701660156,
            0.29997650451660157,
            0.2967057098388672,
            0.29527088165283205,
            0.29395879821777343,
            0.29112944030761717,
            0.2873026733398438,
            0.28682993927001954
        ]
    }
}