{
    "desc": "Run 17 of hyperparameter search",
    "log_stdout": false,
    "params": {
        "batch_size": 128,
        "batch_size_eval": 1000,
        "learning_rate": 0.01,
        "momentum": 0.7,
        "num_epochs": 30,
        "scaling_factor": 2
    },
    "stdout": "",
    "timestamp": "2019-02-14 15:43:47.256124",
    "values": {
        "noisy_test_acc": [
            38.56730769230769,
            39.97115384615385,
            40.70192307692308,
            39.67307692307692,
            42.08653846153846,
            43.09134615384615,
            45.52403846153846,
            45.28846153846154,
            44.86057692307692,
            46.37980769230769,
            44.88461538461539,
            44.72115384615385,
            45.04807692307692,
            45.25,
            45.30288461538461,
            44.48076923076923,
            45.11057692307692,
            44.17788461538461,
            44.98076923076923,
            45.02884615384615,
            44.58173076923077,
            43.65865384615385,
            44.34134615384615,
            45.19230769230769,
            45.09615384615385,
            45.42307692307692,
            43.80288461538461,
            44.0,
            43.56730769230769,
            44.39903846153846
        ],
        "noisy_test_loss": [
            2.216302815950834,
            2.1557129405095026,
            2.117648432804988,
            2.1512871903639574,
            2.0509958384587215,
            2.0008330095731295,
            1.9236760711669922,
            1.9285829720130334,
            1.9329754873422476,
            1.9213642736581655,
            1.975484762925368,
            2.012451923076923,
            1.9773704704871544,
            2.02985843365009,
            1.989319255535419,
            2.058331389793983,
            2.055693209721492,
            2.0917551788916953,
            2.063459546015813,
            2.070757895249587,
            2.09495968745305,
            2.165398195706881,
            2.1687474118746244,
            2.141885654742901,
            2.148786483177772,
            2.133916212228628,
            2.24974667769212,
            2.270243527339055,
            2.33011836712177,
            2.2754282701932467
        ],
        "test_acc": [
            78.6923076923077,
            83.3125,
            85.50961538461539,
            87.0673076923077,
            87.9951923076923,
            88.57211538461539,
            88.86057692307692,
            89.375,
            89.5673076923077,
            90.0576923076923,
            90.26923076923077,
            90.45192307692308,
            90.39903846153847,
            90.7451923076923,
            90.61057692307692,
            90.90384615384616,
            91.04326923076923,
            90.91346153846153,
            91.1298076923077,
            91.14423076923077,
            91.27884615384616,
            91.26442307692308,
            91.16346153846153,
            91.34134615384616,
            91.39903846153847,
            91.47115384615384,
            91.2548076923077,
            91.4326923076923,
            91.57211538461539,
            91.53365384615384
        ],
        "test_loss": [
            0.7512420155451848,
            0.5680149239760178,
            0.48646944486177884,
            0.4339611610999474,
            0.402445454964271,
            0.3796649661430946,
            0.3618174956395076,
            0.34920891908498913,
            0.33884633431067834,
            0.32723933880145734,
            0.32110107568594126,
            0.31532690635094274,
            0.3117231009556697,
            0.30484480417691745,
            0.29950356079981877,
            0.29654045471778284,
            0.2939532668773945,
            0.29185090175041783,
            0.2877858304977417,
            0.2870110643826998,
            0.28259966263404257,
            0.28080344750331,
            0.2779674218251155,
            0.27806904719426084,
            0.27647668581742507,
            0.2758279198866624,
            0.2743833021017221,
            0.27274724556849556,
            0.26995452550741345,
            0.2704316781117366
        ],
        "val_acc": [
            78.52,
            83.02,
            85.7,
            87.2,
            87.98,
            88.44,
            88.82,
            89.35,
            89.75,
            89.95,
            90.11,
            90.5,
            90.73,
            90.67,
            90.75,
            91.09,
            90.96,
            91.2,
            91.12,
            91.04,
            91.45,
            91.49,
            91.44,
            91.39,
            91.49,
            91.67,
            91.58,
            91.68,
            91.74,
            91.7
        ],
        "val_loss": [
            0.758865869140625,
            0.5742279907226563,
            0.4904684875488281,
            0.43794095764160157,
            0.40503367309570315,
            0.3822050384521484,
            0.3620537078857422,
            0.34970054931640626,
            0.33857863159179685,
            0.32785126342773435,
            0.32100477294921875,
            0.31493272705078124,
            0.3101672576904297,
            0.30328685455322263,
            0.29961966857910155,
            0.2955645721435547,
            0.2932213623046875,
            0.29200055389404295,
            0.2868973556518555,
            0.2848070343017578,
            0.2813519195556641,
            0.27905778045654295,
            0.278607080078125,
            0.27672510681152346,
            0.27407679443359373,
            0.2739450897216797,
            0.2735316848754883,
            0.2715747375488281,
            0.26796245727539064,
            0.2691809982299805
        ]
    }
}