{
    "desc": "Run 18 of hyperparameter search",
    "log_stdout": false,
    "params": {
        "batch_size": 128,
        "batch_size_eval": 1000,
        "learning_rate": 0.02,
        "momentum": 0.3,
        "num_epochs": 30,
        "scaling_factor": 2
    },
    "stdout": "",
    "timestamp": "2019-02-14 16:00:21.790423",
    "values": {
        "noisy_test_acc": [
            39.24038461538461,
            39.85096153846154,
            40.27884615384615,
            39.52403846153846,
            41.44711538461539,
            42.59134615384615,
            44.97115384615385,
            44.17307692307692,
            43.83173076923077,
            45.48076923076923,
            45.0,
            44.03846153846154,
            45.14903846153846,
            45.50961538461539,
            44.50480769230769,
            44.25480769230769,
            44.875,
            44.20673076923077,
            45.0625,
            45.41346153846154,
            44.46153846153846,
            43.91826923076923,
            45.28365384615385,
            46.03846153846154,
            45.24038461538461,
            46.40865384615385,
            43.95192307692308,
            44.76442307692308,
            43.80769230769231,
            45.17307692307692
        ],
        "noisy_test_loss": [
            2.212412470304049,
            2.1659843708918647,
            2.143596746004545,
            2.1724209154569185,
            2.060390407855694,
            2.049419652498685,
            1.940879994905912,
            1.9642259363027719,
            1.957611571091872,
            1.9514859038132888,
            1.9523978717510517,
            1.9960074028602013,
            1.9540271142812875,
            1.9913307277972883,
            1.9748593168992263,
            2.014184174170861,
            2.0217970892099233,
            2.036952385535607,
            2.0160552685077375,
            1.9943824826754057,
            2.047482032775879,
            2.0837070582463193,
            2.072801014826848,
            2.052480743114765,
            2.0628845332219052,
            2.0170138725867637,
            2.1507010005070613,
            2.1369835633497973,
            2.2069409443781924,
            2.1677706791804385
        ],
        "test_acc": [
            77.58173076923077,
            82.4951923076923,
            84.91826923076923,
            86.5048076923077,
            87.35576923076923,
            88.125,
            88.39903846153847,
            88.97115384615384,
            89.28846153846153,
            89.70192307692308,
            89.91826923076923,
            90.14423076923077,
            90.2451923076923,
            90.39903846153847,
            90.47596153846153,
            90.6201923076923,
            90.75,
            90.6923076923077,
            90.89423076923077,
            90.875,
            91.03846153846153,
            91.125,
            91.16346153846153,
            91.25,
            91.27403846153847,
            91.33173076923077,
            91.1923076923077,
            91.29326923076923,
            91.5,
            91.45673076923077
        ],
        "test_loss": [
            0.7937472636883075,
            0.6004631409278283,
            0.5144045859116775,
            0.45716165469242975,
            0.42276156938993015,
            0.3976344108581543,
            0.3783826365837684,
            0.36372917322012094,
            0.3517161391331599,
            0.34014365416306713,
            0.3326615656339205,
            0.3251657478625958,
            0.3218079743018517,
            0.3149013453263503,
            0.30838563625629134,
            0.305434329693134,
            0.3020706587571364,
            0.2992612831409161,
            0.2949296866930448,
            0.29441695029918963,
            0.2896361406032856,
            0.2872768277388353,
            0.28422688740950364,
            0.28381563113285946,
            0.2817530690706693,
            0.2814487545306866,
            0.2789481658201951,
            0.278269959963285,
            0.27468753521259015,
            0.2749004118259136
        ],
        "val_acc": [
            77.29,
            82.35,
            84.7,
            86.53,
            87.2,
            88.04,
            88.42,
            89.06,
            89.29,
            89.59,
            89.79,
            90.23,
            90.33,
            90.33,
            90.54,
            90.84,
            90.84,
            90.96,
            91.0,
            91.08,
            91.34,
            91.4,
            91.37,
            91.31,
            91.34,
            91.48,
            91.43,
            91.52,
            91.62,
            91.55
        ],
        "val_loss": [
            0.8012551574707031,
            0.6082410461425781,
            0.519687661743164,
            0.46175135803222656,
            0.4262240081787109,
            0.4012263061523437,
            0.3786762145996094,
            0.3646109313964844,
            0.35189408264160155,
            0.34052017211914065,
            0.3331488525390625,
            0.3249144500732422,
            0.3195671356201172,
            0.31340755920410157,
            0.30772269592285156,
            0.30355684814453127,
            0.3007188629150391,
            0.2988136993408203,
            0.2936876937866211,
            0.292139501953125,
            0.2877078216552734,
            0.2855120590209961,
            0.2846060302734375,
            0.28287361450195314,
            0.2795506744384766,
            0.27957987976074217,
            0.2782459701538086,
            0.2764813232421875,
            0.27244760437011717,
            0.2732843612670898
        ]
    }
}