{
    "desc": "Run 19 of hyperparameter search",
    "log_stdout": false,
    "params": {
        "batch_size": 128,
        "batch_size_eval": 1000,
        "learning_rate": 0.02,
        "momentum": 0.5,
        "num_epochs": 30,
        "scaling_factor": 2
    },
    "stdout": "",
    "timestamp": "2019-02-14 16:16:57.602156",
    "values": {
        "noisy_test_acc": [
            39.38461538461539,
            40.57211538461539,
            41.28846153846154,
            40.79326923076923,
            43.125,
            43.84134615384615,
            46.32211538461539,
            45.78365384615385,
            45.45192307692308,
            46.375,
            44.98557692307692,
            44.79326923076923,
            45.94711538461539,
            45.52884615384615,
            44.67788461538461,
            44.6875,
            44.59134615384615,
            44.0625,
            44.97115384615385,
            45.41346153846154,
            43.72115384615385,
            43.03365384615385,
            44.76442307692308,
            45.45673076923077,
            43.86057692307692,
            44.79326923076923,
            43.38461538461539,
            42.91826923076923,
            42.37019230769231,
            43.81730769230769
        ],
        "noisy_test_loss": [
            2.206399357135479,
            2.139571401155912,
            2.0954180849515476,
            2.1322567162146937,
            2.0090336462167593,
            2.0060329231849083,
            1.908300655071552,
            1.9206465471707859,
            1.9405785633967474,
            1.9486555715707632,
            1.9921861487168533,
            2.029105201134315,
            1.9714521232018103,
            2.064927344689002,
            2.0433987514789287,
            2.112729985163762,
            2.132585340646597,
            2.138573334033673,
            2.118686139033391,
            2.0993759301992565,
            2.2153849440354567,
            2.2847157845130335,
            2.2568535408606896,
            2.2365950672443096,
            2.2887755966186525,
            2.2627723576472354,
            2.3834819646982046,
            2.4442045798668492,
            2.506557162358211,
            2.450905207120455
        ],
        "test_acc": [
            79.96153846153847,
            84.35576923076923,
            86.49038461538461,
            87.71153846153847,
            88.6201923076923,
            89.15865384615384,
            89.45192307692308,
            89.7548076923077,
            89.96634615384616,
            90.375,
            90.64423076923077,
            90.78365384615384,
            90.73076923076923,
            90.875,
            90.89423076923077,
            91.07211538461539,
            91.27884615384616,
            91.16346153846153,
            91.3173076923077,
            91.26442307692308,
            91.4375,
            91.4423076923077,
            91.38942307692308,
            91.48076923076923,
            91.625,
            91.63942307692308,
            91.3798076923077,
            91.61538461538461,
            91.71634615384616,
            91.66346153846153
        ],
        "test_loss": [
            0.699363875755897,
            0.5273212095407339,
            0.4563829634739802,
            0.40831753070537863,
            0.38105481734642616,
            0.36034464542682354,
            0.3445328499720647,
            0.3340071868896484,
            0.3250474221889789,
            0.31466535421518177,
            0.3094050374397865,
            0.3037004305766179,
            0.3020193994962252,
            0.29570407390594483,
            0.2906253748673659,
            0.28927112359267015,
            0.2861313673166128,
            0.2851344842177171,
            0.2810904205762423,
            0.28136225370260387,
            0.2766375864469088,
            0.27527880081763634,
            0.272871361879202,
            0.2737286872130174,
            0.27194501363314116,
            0.27174927638127255,
            0.2697946621821477,
            0.2689781445723314,
            0.26659995005680964,
            0.26697663233830377
        ],
        "val_acc": [
            80.04,
            84.15,
            86.46,
            87.69,
            88.39,
            88.94,
            89.31,
            89.75,
            90.17,
            90.25,
            90.6,
            90.81,
            90.77,
            90.82,
            90.89,
            91.22,
            91.23,
            91.41,
            91.35,
            91.16,
            91.5,
            91.5,
            91.49,
            91.5,
            91.72,
            91.84,
            91.65,
            91.68,
            91.82,
            91.84
        ],
        "val_loss": [
            0.7063712036132812,
            0.5332499969482422,
            0.45942813415527345,
            0.4113233367919922,
            0.3823054077148437,
            0.3633759033203125,
            0.3453314056396484,
            0.33478173828125,
            0.3246560333251953,
            0.3150332275390625,
            0.3094085632324219,
            0.30393326416015626,
            0.3004283996582031,
            0.29439564514160155,
            0.29087847900390623,
            0.2879735549926758,
            0.28493179779052735,
            0.2848274841308594,
            0.27980023040771484,
            0.27894800567626954,
            0.2749160400390625,
            0.27336303253173827,
            0.27254830474853514,
            0.27176157989501953,
            0.26815217437744143,
            0.2688355514526367,
            0.2684432357788086,
            0.2672570358276367,
            0.2646586471557617,
            0.2650467010498047
        ]
    }
}