{
    "desc": "Run 2 of hyperparameter search",
    "log_stdout": false,
    "params": {
        "batch_size": 64,
        "batch_size_eval": 1000,
        "learning_rate": 0.005,
        "momentum": 0.7,
        "num_epochs": 30,
        "scaling_factor": 2
    },
    "stdout": "",
    "timestamp": "2019-02-14 01:10:02.316615",
    "values": {
        "noisy_test_acc": [
            39.89903846153846,
            39.88461538461539,
            39.23557692307692,
            40.88942307692308,
            39.30769230769231,
            41.75480769230769,
            42.88942307692308,
            43.87019230769231,
            42.74038461538461,
            44.75,
            43.91826923076923,
            43.9375,
            45.34615384615385,
            44.10576923076923,
            43.89903846153846,
            44.40384615384615,
            43.67788461538461,
            43.05288461538461,
            45.69230769230769,
            43.83173076923077,
            42.88461538461539,
            43.84615384615385,
            44.64903846153846,
            43.80288461538461,
            45.06730769230769,
            43.96153846153846,
            44.60576923076923,
            43.27884615384615,
            43.88942307692308,
            42.24519230769231
        ],
        "noisy_test_loss": [
            2.1801526729877176,
            2.1766647456242487,
            2.176352759141188,
            2.091713409423828,
            2.1731801135723408,
            2.079783612764799,
            2.04326408973107,
            2.018251225398137,
            2.0403202849168043,
            1.9879224923940806,
            2.0391019967886117,
            2.0162864010150616,
            1.9635517883300782,
            2.0328434225229115,
            2.0819820169302132,
            2.044792788578914,
            2.114273182795598,
            2.1770098554171047,
            2.07663578913762,
            2.1444481248121994,
            2.231281783764179,
            2.2268627680264985,
            2.2112920262263374,
            2.2330600004929764,
            2.203950130756085,
            2.298144474029541,
            2.266907379443829,
            2.3688393930288463,
            2.3395263818594128,
            2.4309762499882623
        ],
        "test_acc": [
            78.60096153846153,
            83.53365384615384,
            85.61057692307692,
            87.14903846153847,
            88.0048076923077,
            88.52884615384616,
            89.07692307692308,
            89.34134615384616,
            89.6298076923077,
            89.94711538461539,
            90.28846153846153,
            90.19711538461539,
            90.4951923076923,
            90.6298076923077,
            90.70673076923077,
            90.7548076923077,
            91.01442307692308,
            91.03365384615384,
            90.9423076923077,
            91.1298076923077,
            91.23076923076923,
            91.3798076923077,
            91.36057692307692,
            91.33173076923077,
            91.4375,
            91.38942307692308,
            91.52884615384616,
            91.59615384615384,
            91.50961538461539,
            91.4326923076923
        ],
        "test_loss": [
            0.7543890674297626,
            0.5680674479557918,
            0.48383359615619365,
            0.4338210707444411,
            0.4038775715461144,
            0.38079991267277646,
            0.36154760140639086,
            0.35000101529634914,
            0.3389304755284236,
            0.3290447946695181,
            0.3205241129948543,
            0.31455302238464355,
            0.3088600298074576,
            0.30466614759885347,
            0.2993355677678035,
            0.2959651543543889,
            0.29370858082404505,
            0.289210887322059,
            0.2877837676268358,
            0.28519027709960937,
            0.2821047812241774,
            0.28168271211477425,
            0.27896055331596964,
            0.2768774806536161,
            0.277064774953402,
            0.2758131584754357,
            0.2746942630180946,
            0.27174262560330903,
            0.2708404119198139,
            0.2705831182920016
        ],
        "val_acc": [
            78.75,
            83.24,
            85.65,
            87.0,
            88.13,
            88.57,
            89.09,
            89.56,
            89.85,
            90.07,
            90.33,
            90.52,
            90.43,
            90.73,
            90.92,
            91.05,
            91.2,
            91.04,
            91.26,
            91.25,
            91.55,
            91.34,
            91.63,
            91.63,
            91.46,
            91.63,
            91.75,
            91.67,
            91.73,
            91.62
        ],
        "val_loss": [
            0.7580538452148438,
            0.5730536376953125,
            0.48848373107910154,
            0.43438430786132814,
            0.402808935546875,
            0.3787663299560547,
            0.35990565185546874,
            0.34819743957519533,
            0.33703790588378907,
            0.32785943603515627,
            0.3183446228027344,
            0.3115505859375,
            0.3064398910522461,
            0.3037169952392578,
            0.29932896118164065,
            0.2948883560180664,
            0.2926772735595703,
            0.28809216613769534,
            0.2873546188354492,
            0.28444119873046875,
            0.28102303619384766,
            0.28194669036865233,
            0.2773762649536133,
            0.2759866500854492,
            0.278201545715332,
            0.27329510650634764,
            0.273425634765625,
            0.27170425567626955,
            0.2711383529663086,
            0.2717179992675781
        ]
    }
}