{
    "desc": "Run 20 of hyperparameter search",
    "log_stdout": false,
    "params": {
        "batch_size": 128,
        "batch_size_eval": 1000,
        "learning_rate": 0.02,
        "momentum": 0.7,
        "num_epochs": 30,
        "scaling_factor": 2
    },
    "stdout": "",
    "timestamp": "2019-02-14 16:33:41.531240",
    "values": {
        "noisy_test_acc": [
            40.61057692307692,
            41.46153846153846,
            44.04807692307692,
            41.60576923076923,
            44.76923076923077,
            44.40384615384615,
            48.33653846153846,
            46.13942307692308,
            45.76442307692308,
            46.14903846153846,
            44.50480769230769,
            44.08173076923077,
            45.34615384615385,
            44.82211538461539,
            43.61538461538461,
            42.60096153846154,
            42.90865384615385,
            42.09615384615385,
            44.42788461538461,
            44.28365384615385,
            42.42788461538461,
            41.57692307692308,
            43.02884615384615,
            42.60096153846154,
            41.32211538461539,
            42.03365384615385,
            41.93269230769231,
            40.72115384615385,
            39.77884615384615,
            41.08173076923077
        ],
        "noisy_test_loss": [
            2.143202620286208,
            2.114453389094426,
            1.9955552966778094,
            2.1370644818819486,
            1.998024403498723,
            2.0532919047429012,
            1.9229620214609,
            1.9947151213425856,
            2.075554177210881,
            2.1574829600407526,
            2.2121332520705,
            2.295166875399076,
            2.2710687828063967,
            2.4326631751427286,
            2.411138405433068,
            2.576646122565636,
            2.607501252981333,
            2.6429909896850585,
            2.5905837865976187,
            2.6215682777991662,
            2.7642342435396636,
            2.9291791417048527,
            2.8839366208589996,
            2.9045247386052058,
            3.1010417087261493,
            3.073728441091684,
            3.140281765277569,
            3.3195246124267577,
            3.433671754690317,
            3.327728344843938
        ],
        "test_acc": [
            82.95192307692308,
            86.3701923076923,
            88.13461538461539,
            89.20192307692308,
            89.91826923076923,
            90.02403846153847,
            90.2451923076923,
            90.58653846153847,
            90.79807692307692,
            91.02884615384616,
            91.26442307692308,
            91.2451923076923,
            91.17307692307692,
            91.26923076923077,
            91.3798076923077,
            91.39423076923077,
            91.61538461538461,
            91.5576923076923,
            91.58653846153847,
            91.65865384615384,
            91.80288461538461,
            91.65384615384616,
            91.67307692307692,
            91.67788461538461,
            91.8173076923077,
            91.76442307692308,
            91.70192307692308,
            91.84134615384616,
            91.875,
            91.98557692307692
        ],
        "test_loss": [
            0.5767630709134616,
            0.4436644656841571,
            0.3898180880913368,
            0.35610736260047327,
            0.3358177383129413,
            0.32174367317786584,
            0.3092825878583468,
            0.30496357477628266,
            0.2998778401888334,
            0.2894461433704083,
            0.28494419171259955,
            0.2823354009481577,
            0.2829709240106436,
            0.2781725003169133,
            0.2753332237096933,
            0.2747730746636024,
            0.2717977024958684,
            0.27303425018603983,
            0.2703839276387141,
            0.26979215145111085,
            0.26658242262326753,
            0.2660620792095478,
            0.2652357897391686,
            0.2663297363427969,
            0.26546543194697453,
            0.26693078848031854,
            0.2643201626264132,
            0.2638004343326275,
            0.2639038129953238,
            0.26238213612483097
        ],
        "val_acc": [
            83.09,
            86.41,
            88.24,
            89.15,
            89.58,
            90.09,
            90.32,
            90.44,
            90.86,
            90.99,
            91.18,
            91.22,
            91.28,
            91.23,
            91.22,
            91.54,
            91.46,
            91.5,
            91.48,
            91.51,
            91.96,
            91.56,
            91.7,
            91.78,
            91.99,
            91.93,
            91.88,
            91.78,
            91.89,
            92.05
        ],
        "val_loss": [
            0.5813045318603516,
            0.446816455078125,
            0.3913092041015625,
            0.35836051025390625,
            0.3354126953125,
            0.3246908599853516,
            0.3115299835205078,
            0.3075691131591797,
            0.3007774108886719,
            0.2902156234741211,
            0.285907453918457,
            0.2838876220703125,
            0.2830973785400391,
            0.27845716247558594,
            0.27680447540283204,
            0.2763194625854492,
            0.27183434143066404,
            0.27451434020996096,
            0.27075938262939453,
            0.27069505310058595,
            0.2656358200073242,
            0.26927957458496093,
            0.26834279937744143,
            0.2668208068847656,
            0.26383004913330077,
            0.26732325744628904,
            0.265874169921875,
            0.26445470581054686,
            0.2644079345703125,
            0.26302056274414065
        ]
    }
}