{
    "desc": "Run 21 of hyperparameter search",
    "log_stdout": false,
    "params": {
        "batch_size": 128,
        "batch_size_eval": 1000,
        "learning_rate": 0.04,
        "momentum": 0.3,
        "num_epochs": 30,
        "scaling_factor": 2
    },
    "stdout": "",
    "timestamp": "2019-02-14 16:52:25.996758",
    "values": {
        "noisy_test_acc": [
            40.35096153846154,
            40.88942307692308,
            43.09615384615385,
            42.16826923076923,
            44.24519230769231,
            44.40384615384615,
            48.23557692307692,
            46.00480769230769,
            44.98557692307692,
            46.70192307692308,
            45.17788461538461,
            44.29326923076923,
            45.58173076923077,
            45.60096153846154,
            44.05288461538461,
            43.80288461538461,
            42.64903846153846,
            43.33653846153846,
            44.29807692307692,
            44.31730769230769,
            42.37980769230769,
            41.79326923076923,
            42.74038461538461,
            43.68269230769231,
            40.75,
            42.07211538461539,
            41.53846153846154,
            40.36538461538461,
            40.6875,
            41.54326923076923
        ],
        "noisy_test_loss": [
            2.159630458538349,
            2.1244098575298604,
            2.0330999755859374,
            2.0967179430448093,
            1.9784747871985802,
            2.0520729974599985,
            1.8874259068415715,
            1.9644043247516338,
            2.046577339172363,
            2.059844700739934,
            2.1141120969332183,
            2.212406985943134,
            2.140293118403508,
            2.2746089671208307,
            2.2578649755624625,
            2.3967463684082033,
            2.4640588995126578,
            2.4118387119586653,
            2.4266917536808896,
            2.4292390236487758,
            2.628507012587327,
            2.68181646493765,
            2.723660243107722,
            2.6401643239534818,
            2.899485837496244,
            2.877084896381085,
            2.967010826697716,
            3.104642081627479,
            3.1564907895601713,
            3.089662038362943
        ],
        "test_acc": [
            82.50961538461539,
            86.02884615384616,
            87.69711538461539,
            88.8701923076923,
            89.58173076923077,
            89.7548076923077,
            90.04807692307692,
            90.32692307692308,
            90.48557692307692,
            90.91346153846153,
            91.10096153846153,
            91.16346153846153,
            91.16346153846153,
            91.17788461538461,
            91.26923076923077,
            91.2451923076923,
            91.51442307692308,
            91.41826923076923,
            91.54326923076923,
            91.59134615384616,
            91.71634615384616,
            91.63461538461539,
            91.5576923076923,
            91.61057692307692,
            91.72596153846153,
            91.7451923076923,
            91.53365384615384,
            91.71634615384616,
            91.8798076923077,
            91.94711538461539
        ],
        "test_loss": [
            0.607673769730788,
            0.46229396233191855,
            0.40633420430696926,
            0.3672368775881254,
            0.34738214492797853,
            0.33149175570561334,
            0.3179328159185556,
            0.31091004371643066,
            0.30413159993978645,
            0.29593369557307314,
            0.29129983718578634,
            0.28678552847642164,
            0.2864728318727933,
            0.28303993225097657,
            0.27819274755624623,
            0.2782599713252141,
            0.27409638661604663,
            0.2751740602346567,
            0.2713108491897583,
            0.2721050295462975,
            0.2677446009562566,
            0.26748701792496904,
            0.2659127869972816,
            0.2665204425958487,
            0.2652222699385423,
            0.26644763799814075,
            0.26570618042579064,
            0.26517156307513895,
            0.2629282720272358,
            0.26313537744375376
        ],
        "val_acc": [
            82.35,
            86.15,
            87.58,
            88.95,
            89.31,
            89.72,
            90.12,
            90.36,
            90.74,
            90.91,
            91.11,
            91.25,
            91.25,
            91.19,
            91.27,
            91.41,
            91.43,
            91.49,
            91.56,
            91.37,
            92.01,
            91.71,
            91.73,
            91.85,
            91.91,
            91.93,
            91.87,
            91.85,
            91.97,
            92.03
        ],
        "val_loss": [
            0.612834716796875,
            0.4665724243164063,
            0.40880836181640623,
            0.3689656982421875,
            0.3462867309570313,
            0.33393994140625,
            0.3190752868652344,
            0.31240901794433595,
            0.30411661071777346,
            0.29541699829101564,
            0.2921650650024414,
            0.2874074035644531,
            0.28576163482666017,
            0.28183345642089846,
            0.2786760559082031,
            0.27785365142822266,
            0.27508553924560547,
            0.27591192626953126,
            0.2705083267211914,
            0.2711517623901367,
            0.2657476837158203,
            0.2690049865722656,
            0.26727414093017576,
            0.2663446624755859,
            0.26285681457519533,
            0.2648828323364258,
            0.26449036407470705,
            0.26414519348144533,
            0.26192281646728516,
            0.2614152069091797
        ]
    }
}