{
    "desc": "Run 22 of hyperparameter search",
    "log_stdout": false,
    "params": {
        "batch_size": 128,
        "batch_size_eval": 1000,
        "learning_rate": 0.04,
        "momentum": 0.5,
        "num_epochs": 30,
        "scaling_factor": 2
    },
    "stdout": "",
    "timestamp": "2019-02-14 17:10:25.186661",
    "values": {
        "noisy_test_acc": [
            41.05769230769231,
            41.54807692307692,
            44.375,
            41.62019230769231,
            45.50480769230769,
            43.51923076923077,
            47.78365384615385,
            45.19230769230769,
            43.88942307692308,
            44.98557692307692,
            44.625,
            42.94711538461539,
            44.41346153846154,
            42.89903846153846,
            42.52403846153846,
            42.78846153846154,
            41.50480769230769,
            41.48076923076923,
            43.5625,
            43.50480769230769,
            40.23557692307692,
            39.58653846153846,
            40.88942307692308,
            41.99038461538461,
            40.46634615384615,
            40.24038461538461,
            41.63461538461539,
            39.06730769230769,
            38.78846153846154,
            40.81730769230769
        ],
        "noisy_test_loss": [
            2.11455322265625,
            2.1203086471557615,
            1.9907823797372672,
            2.1816649231543908,
            2.0226123105562652,
            2.1957969504136305,
            2.0230607825059157,
            2.1504786916879506,
            2.287445929600642,
            2.3330592903724083,
            2.3653836059570312,
            2.536710662841797,
            2.474847561762883,
            2.732167138319749,
            2.649621954697829,
            2.78323250403771,
            2.9101521301269533,
            2.973289360633263,
            2.8849888610839844,
            2.888545312147874,
            3.27776488670936,
            3.425879302391639,
            3.495399055480957,
            3.2877297122661884,
            3.5869477580143854,
            3.6621267230694112,
            3.5880891535832333,
            3.9605693024855393,
            4.040906703655536,
            3.833042846092811
        ],
        "test_acc": [
            84.0,
            87.1875,
            88.53846153846153,
            89.5,
            90.13942307692308,
            90.34615384615384,
            90.57211538461539,
            90.90384615384616,
            90.85096153846153,
            91.28365384615384,
            91.40865384615384,
            91.49038461538461,
            91.5,
            91.39903846153847,
            91.5576923076923,
            91.57692307692308,
            91.65384615384616,
            91.52884615384616,
            91.6923076923077,
            91.6826923076923,
            91.79326923076923,
            91.80288461538461,
            91.75961538461539,
            91.75961538461539,
            91.8076923076923,
            91.95673076923077,
            91.86057692307692,
            91.8798076923077,
            92.14423076923077,
            91.95192307692308
        ],
        "test_loss": [
            0.5395209620549128,
            0.4180560097327599,
            0.3724160414475661,
            0.3420529211484469,
            0.3253255822108342,
            0.31395915618309606,
            0.30196024601276106,
            0.2982020301085252,
            0.2936366715798011,
            0.28552263479966383,
            0.28118925681480994,
            0.27800161068256085,
            0.2794679106198824,
            0.2770444631576538,
            0.2716014040433444,
            0.2731122933901273,
            0.27047130437997674,
            0.27215053888467644,
            0.2708795840923603,
            0.27050530947171725,
            0.26605579449580263,
            0.2659821348923903,
            0.26469544924222504,
            0.26537551879882815,
            0.2654335036644569,
            0.26670125887944146,
            0.2661510445521428,
            0.26606615873483513,
            0.2649385679685152,
            0.26687077889075644
        ],
        "val_acc": [
            84.17,
            87.17,
            88.62,
            89.61,
            89.85,
            90.35,
            90.52,
            90.66,
            91.0,
            91.21,
            91.2,
            91.27,
            91.54,
            91.27,
            91.53,
            91.5,
            91.81,
            91.64,
            91.51,
            91.45,
            92.2,
            91.76,
            91.92,
            91.79,
            91.97,
            92.08,
            91.91,
            92.14,
            92.14,
            91.95
        ],
        "val_loss": [
            0.5436112701416016,
            0.4223003387451172,
            0.37413785705566405,
            0.34307003784179685,
            0.32467581481933594,
            0.3171980651855469,
            0.3037433349609375,
            0.3008174255371094,
            0.2943632110595703,
            0.28531298065185545,
            0.28293187255859376,
            0.28052026977539063,
            0.2789495849609375,
            0.27641940002441406,
            0.2735223129272461,
            0.2732144256591797,
            0.2703525177001953,
            0.27388981018066405,
            0.2679928024291992,
            0.27154740600585936,
            0.2648196701049805,
            0.2691543182373047,
            0.26672308807373046,
            0.2661257614135742,
            0.26227432861328126,
            0.2678851531982422,
            0.266894563293457,
            0.26460890655517577,
            0.2647697372436523,
            0.26561566009521487
        ]
    }
}