{
    "desc": "Run 23 of hyperparameter search",
    "log_stdout": false,
    "params": {
        "batch_size": 128,
        "batch_size_eval": 1000,
        "learning_rate": 0.04,
        "momentum": 0.7,
        "num_epochs": 30,
        "scaling_factor": 2
    },
    "stdout": "",
    "timestamp": "2019-02-14 17:28:07.372216",
    "values": {
        "noisy_test_acc": [
            44.40865384615385,
            42.25,
            44.51442307692308,
            39.86538461538461,
            44.16346153846154,
            42.93269230769231,
            44.11538461538461,
            43.23557692307692,
            40.51442307692308,
            43.05769230769231,
            39.46153846153846,
            40.53365384615385,
            40.29807692307692,
            38.64423076923077,
            38.74038461538461,
            37.99519230769231,
            40.80288461538461,
            37.97596153846154,
            37.83653846153846,
            38.78846153846154,
            36.71153846153846,
            36.84615384615385,
            37.38461538461539,
            37.79807692307692,
            36.80769230769231,
            35.56730769230769,
            36.4375,
            34.78365384615385,
            34.08173076923077,
            35.62019230769231
        ],
        "noisy_test_loss": [
            2.0221245252169098,
            2.177487986637996,
            2.137814931135911,
            2.544479343707745,
            2.393219126187838,
            2.650876391484187,
            2.6499420488797703,
            2.807972825857309,
            3.1466353328411394,
            3.1360619809077335,
            3.549367508521447,
            3.5644027504554163,
            3.7685564099825344,
            4.2419861103938175,
            4.060197536761944,
            4.369697051415077,
            4.097904407794659,
            4.61614732008714,
            4.781304426926833,
            4.655528048001803,
            5.1780609453641455,
            5.453153850848858,
            5.539446067810059,
            5.437640794607309,
            5.770066067622258,
            6.292600954495944,
            5.955633081289438,
            6.702676714383639,
            6.967209014892578,
            6.586279349693886
        ],
        "test_acc": [
            85.45192307692308,
            88.35576923076923,
            89.23557692307692,
            90.07692307692308,
            90.42307692307692,
            90.64903846153847,
            90.74038461538461,
            90.95192307692308,
            90.70673076923077,
            91.33173076923077,
            91.46634615384616,
            91.57692307692308,
            91.54807692307692,
            91.32692307692308,
            91.66826923076923,
            91.5625,
            91.66346153846153,
            91.67307692307692,
            91.625,
            91.63942307692308,
            91.71634615384616,
            91.75961538461539,
            91.70192307692308,
            91.77403846153847,
            91.79807692307692,
            91.79807692307692,
            91.6875,
            91.86538461538461,
            91.84134615384616,
            91.98076923076923
        ],
        "test_loss": [
            0.47130912927480845,
            0.3777568164238563,
            0.343756616298969,
            0.3216569137573242,
            0.3107319681461041,
            0.30261932409726655,
            0.2935854948483981,
            0.29345351732694186,
            0.2937865011508648,
            0.28504823024456316,
            0.27748512047987717,
            0.27754956502180833,
            0.28222312853886533,
            0.2824325348780705,
            0.2745403953698965,
            0.2804927822259756,
            0.2800219363432664,
            0.27896212614499605,
            0.27800536742577187,
            0.2821119979711679,
            0.27759207542125997,
            0.2756003159743089,
            0.27200756366436296,
            0.2757135211504423,
            0.2806134840158316,
            0.28091372049771823,
            0.2858997051532452,
            0.28162995008321906,
            0.2828750999157245,
            0.2827551695016714
        ],
        "val_acc": [
            85.71,
            88.39,
            89.44,
            90.1,
            90.31,
            90.64,
            90.82,
            91.0,
            91.02,
            91.17,
            91.43,
            91.5,
            91.58,
            91.37,
            91.46,
            91.54,
            91.64,
            91.9,
            91.63,
            91.71,
            91.83,
            92.02,
            91.77,
            91.88,
            91.81,
            91.97,
            91.82,
            91.98,
            92.12,
            91.95
        ],
        "val_loss": [
            0.4717767486572266,
            0.38198575439453125,
            0.34585635681152344,
            0.32234376525878905,
            0.30920327453613283,
            0.3048950958251953,
            0.2948544937133789,
            0.29277064208984377,
            0.2902827682495117,
            0.28411463623046873,
            0.2798535125732422,
            0.2774220428466797,
            0.28048955383300783,
            0.2830439163208008,
            0.27449799346923826,
            0.2761157211303711,
            0.2758975112915039,
            0.2783985870361328,
            0.2740584747314453,
            0.2811872695922852,
            0.2806788833618164,
            0.2782714019775391,
            0.2772213607788086,
            0.28050712890625,
            0.27676739501953124,
            0.2839119445800781,
            0.2853984878540039,
            0.28108585357666016,
            0.279879084777832,
            0.2825349395751953
        ]
    }
}