{
    "desc": "Run 3 of hyperparameter search",
    "log_stdout": false,
    "params": {
        "batch_size": 64,
        "batch_size_eval": 1000,
        "learning_rate": 0.01,
        "momentum": 0.3,
        "num_epochs": 30,
        "scaling_factor": 2
    },
    "stdout": "",
    "timestamp": "2019-02-14 01:28:43.315543",
    "values": {
        "noisy_test_acc": [
            39.71634615384615,
            38.96153846153846,
            38.66826923076923,
            40.37980769230769,
            39.64423076923077,
            41.08653846153846,
            42.08653846153846,
            43.51442307692308,
            42.24038461538461,
            44.71153846153846,
            43.4375,
            43.97115384615385,
            45.45673076923077,
            44.04326923076923,
            43.6875,
            44.97596153846154,
            43.29807692307692,
            43.60096153846154,
            45.05288461538461,
            44.54326923076923,
            42.92307692307692,
            43.68269230769231,
            45.03846153846154,
            43.99519230769231,
            44.66346153846154,
            43.91346153846154,
            44.95673076923077,
            44.12980769230769,
            43.32692307692308,
            43.74038461538461
        ],
        "noisy_test_loss": [
            2.180181092482347,
            2.2018426865797776,
            2.1904280237051155,
            2.129329214829665,
            2.1507173860990085,
            2.108271953876202,
            2.0653248801598183,
            2.0298594225369966,
            2.04278921860915,
            1.9873753943810095,
            2.020141492990347,
            1.9980682285015399,
            1.9352046409020056,
            2.013333666874812,
            2.066002584604117,
            1.9953973858173077,
            2.075972246023325,
            2.1034147321260894,
            2.0246234541672927,
            2.08587332212008,
            2.181891403198242,
            2.1585284423828126,
            2.122731405404898,
            2.149654191824106,
            2.138340395413912,
            2.200618770305927,
            2.1710759573716385,
            2.230622215270996,
            2.236474403968224,
            2.3014396814199594
        ],
        "test_acc": [
            77.47596153846153,
            82.58173076923077,
            84.83653846153847,
            86.39423076923077,
            87.4423076923077,
            88.07211538461539,
            88.57692307692308,
            88.90865384615384,
            89.25961538461539,
            89.63461538461539,
            89.97115384615384,
            89.89903846153847,
            90.26442307692308,
            90.38942307692308,
            90.4951923076923,
            90.64423076923077,
            90.71153846153847,
            90.67788461538461,
            90.78846153846153,
            91.01923076923077,
            91.09615384615384,
            91.20192307692308,
            91.20673076923077,
            91.25,
            91.25961538461539,
            91.29807692307692,
            91.35096153846153,
            91.36538461538461,
            91.48076923076923,
            91.38942307692308
        ],
        "test_loss": [
            0.7979947926447941,
            0.6037082862854004,
            0.5121231152461125,
            0.4583107126676119,
            0.4247788509955773,
            0.3986474917485164,
            0.3781339960831862,
            0.3645711884131798,
            0.3522252134176401,
            0.3413891880328839,
            0.33174909298236555,
            0.32539793381324184,
            0.31978586196899417,
            0.31393358450669506,
            0.30879535014812765,
            0.3047105954243587,
            0.3016496137472299,
            0.2965135842103225,
            0.29445957807394174,
            0.2921354084748488,
            0.28892460309542145,
            0.2878937816619873,
            0.2854724168777466,
            0.28269015128795916,
            0.2822313018945547,
            0.280807409286499,
            0.28011839169722336,
            0.27654966207650994,
            0.27518071504739616,
            0.27475202853863057
        ],
        "val_acc": [
            77.34,
            82.17,
            84.84,
            86.52,
            87.35,
            88.11,
            88.62,
            89.05,
            89.53,
            89.76,
            90.1,
            90.27,
            90.21,
            90.31,
            90.62,
            90.85,
            90.88,
            90.91,
            91.04,
            91.04,
            91.3,
            91.16,
            91.42,
            91.37,
            91.3,
            91.69,
            91.45,
            91.41,
            91.59,
            91.45
        ],
        "val_loss": [
            0.8026819519042969,
            0.6096883911132812,
            0.5175633605957031,
            0.4598989898681641,
            0.4240287780761719,
            0.3972733856201172,
            0.37731073608398435,
            0.3628424072265625,
            0.350220166015625,
            0.34003037719726564,
            0.32970371704101564,
            0.32244200439453125,
            0.31747243194580077,
            0.31287947387695314,
            0.3085224884033203,
            0.30331659851074216,
            0.3007180480957031,
            0.2953675537109375,
            0.2939502914428711,
            0.2911205078125,
            0.28777481231689456,
            0.2872488708496094,
            0.28266111450195314,
            0.28133671264648435,
            0.2828431274414063,
            0.2773656219482422,
            0.2782466995239258,
            0.27605429534912107,
            0.274400080871582,
            0.27493980255126954
        ]
    }
}