{
    "desc": "Run 4 of hyperparameter search",
    "log_stdout": false,
    "params": {
        "batch_size": 64,
        "batch_size_eval": 1000,
        "learning_rate": 0.01,
        "momentum": 0.5,
        "num_epochs": 30,
        "scaling_factor": 2
    },
    "stdout": "",
    "timestamp": "2019-02-14 01:46:02.270313",
    "values": {
        "noisy_test_acc": [
            40.20673076923077,
            39.55769230769231,
            39.70673076923077,
            41.85096153846154,
            40.19230769230769,
            42.42307692307692,
            43.52403846153846,
            44.27884615384615,
            42.19711538461539,
            44.37019230769231,
            43.75961538461539,
            43.85576923076923,
            46.02403846153846,
            44.10096153846154,
            43.45673076923077,
            43.67788461538461,
            43.13461538461539,
            42.32211538461539,
            44.84134615384615,
            43.13942307692308,
            41.58173076923077,
            41.81730769230769,
            43.93269230769231,
            42.85576923076923,
            43.55288461538461,
            42.53365384615385,
            43.86057692307692,
            42.50480769230769,
            42.56730769230769,
            41.35096153846154
        ],
        "noisy_test_loss": [
            2.171431060204139,
            2.184167536222018,
            2.154513758145846,
            2.072000673734225,
            2.145226290776179,
            2.078402172968938,
            2.030857919546274,
            2.028558264512282,
            2.0830144163278432,
            2.03184289932251,
            2.0788963347214917,
            2.0524879837036134,
            2.0099291845468374,
            2.1179411990825945,
            2.192954541719877,
            2.148184430049016,
            2.243045780475323,
            2.3149975512577936,
            2.184095746553861,
            2.2843788279019868,
            2.4201846269460825,
            2.428424001840445,
            2.385465224339412,
            2.416945881476769,
            2.422655894939716,
            2.5286297108576847,
            2.4795534603412337,
            2.559297567514273,
            2.5576971846360426,
            2.67586966587947
        ],
        "test_acc": [
            79.84134615384616,
            84.4423076923077,
            86.33173076923077,
            87.84615384615384,
            88.51923076923077,
            89.01442307692308,
            89.53846153846153,
            89.67307692307692,
            89.9326923076923,
            90.25961538461539,
            90.47115384615384,
            90.53846153846153,
            90.74038461538461,
            90.86538461538461,
            90.92788461538461,
            91.09615384615384,
            91.1201923076923,
            91.26442307692308,
            91.17788461538461,
            91.28365384615384,
            91.41346153846153,
            91.45192307692308,
            91.50961538461539,
            91.48076923076923,
            91.59134615384616,
            91.5048076923077,
            91.53365384615384,
            91.6875,
            91.7451923076923,
            91.61538461538461
        ],
        "test_loss": [
            0.7046837997436524,
            0.5309572748037485,
            0.45436487931471603,
            0.4084733317448543,
            0.3829104496882512,
            0.36267856964698203,
            0.34547170272240274,
            0.3354450453244723,
            0.32518522335932804,
            0.31646391501793497,
            0.30888339776259205,
            0.3041071638694176,
            0.3000411580159114,
            0.29583670396071216,
            0.2911664111797626,
            0.28765610988323503,
            0.2863763636809129,
            0.28245177195622373,
            0.2812965062948374,
            0.27952259137080265,
            0.276332368850708,
            0.27705000437222993,
            0.273704143670889,
            0.2722307986479539,
            0.2732798513999352,
            0.27214834983532243,
            0.2713228937295767,
            0.2679721337098342,
            0.26717386759244477,
            0.26688649984506463
        ],
        "val_acc": [
            79.97,
            84.27,
            86.48,
            87.81,
            88.75,
            89.04,
            89.52,
            89.93,
            90.29,
            90.44,
            90.66,
            90.83,
            90.67,
            90.95,
            91.02,
            91.2,
            91.27,
            91.22,
            91.3,
            91.47,
            91.71,
            91.27,
            91.72,
            91.63,
            91.61,
            91.73,
            91.58,
            91.76,
            91.88,
            91.68
        ],
        "val_loss": [
            0.7076800964355469,
            0.5346099853515625,
            0.45806922302246095,
            0.4074480682373047,
            0.38082994079589844,
            0.3598580841064453,
            0.3436205841064453,
            0.33348443908691405,
            0.3237511169433594,
            0.3156456512451172,
            0.3063715423583984,
            0.3010147613525391,
            0.2974661911010742,
            0.294876335144043,
            0.29049634704589844,
            0.286208235168457,
            0.28466798706054686,
            0.2809385009765625,
            0.28127921447753906,
            0.2783551483154297,
            0.27569538879394534,
            0.2771864288330078,
            0.2724818634033203,
            0.271360693359375,
            0.27394144744873045,
            0.26857904357910156,
            0.27033377838134764,
            0.26796120147705077,
            0.26678379516601564,
            0.26817625427246095
        ]
    }
}