{
    "desc": "Run 5 of hyperparameter search",
    "log_stdout": false,
    "params": {
        "batch_size": 64,
        "batch_size_eval": 1000,
        "learning_rate": 0.01,
        "momentum": 0.7,
        "num_epochs": 30,
        "scaling_factor": 2
    },
    "stdout": "",
    "timestamp": "2019-02-14 02:04:31.723577",
    "values": {
        "noisy_test_acc": [
            40.375,
            41.37980769230769,
            42.18269230769231,
            43.44711538461539,
            41.67788461538461,
            43.60576923076923,
            44.80769230769231,
            43.9375,
            42.13461538461539,
            44.52403846153846,
            41.79807692307692,
            42.55769230769231,
            44.5,
            42.32692307692308,
            42.26923076923077,
            41.90865384615385,
            41.29326923076923,
            40.07211538461539,
            42.64903846153846,
            40.99519230769231,
            40.49038461538461,
            39.36057692307692,
            41.69711538461539,
            40.04326923076923,
            41.39903846153846,
            40.85096153846154,
            40.48557692307692,
            39.79807692307692,
            39.72596153846154,
            37.94230769230769
        ],
        "noisy_test_loss": [
            2.133593928997333,
            2.100191908616286,
            2.075962351285494,
            2.0513487537090596,
            2.148690021221454,
            2.1361059130155122,
            2.106285400390625,
            2.175489381643442,
            2.2779748461796685,
            2.2334273074223443,
            2.436117327763484,
            2.398559631934533,
            2.3423449618999777,
            2.4879585236769457,
            2.5840971814669094,
            2.5538095826369065,
            2.7105786558297966,
            2.9356303669856145,
            2.761488245450533,
            2.925601187485915,
            3.01741886138916,
            3.155460885854868,
            3.05218057339008,
            3.168019321148212,
            3.1407544121375452,
            3.315821841313289,
            3.3784051660391,
            3.5222972165621242,
            3.4792755009577823,
            3.720885532085712
        ],
        "test_acc": [
            83.04326923076923,
            86.5576923076923,
            87.98557692307692,
            89.26923076923077,
            89.73076923076923,
            90.03365384615384,
            90.5673076923077,
            90.41346153846153,
            90.76442307692308,
            90.99038461538461,
            91.13942307692308,
            91.13461538461539,
            91.28846153846153,
            91.3076923076923,
            91.39903846153847,
            91.5,
            91.44711538461539,
            91.61538461538461,
            91.4951923076923,
            91.6826923076923,
            91.79807692307692,
            91.70192307692308,
            91.91346153846153,
            91.92307692307692,
            91.82211538461539,
            91.91346153846153,
            91.83653846153847,
            92.15384615384616,
            91.88942307692308,
            91.95192307692308
        ],
        "test_loss": [
            0.5819322747450608,
            0.4473162445655236,
            0.3904122646038349,
            0.35393552486713115,
            0.3396654319763184,
            0.3255346474280724,
            0.3107607716780442,
            0.3063892019712008,
            0.29704673510331375,
            0.29249699152432956,
            0.28636781545785756,
            0.28469189863938554,
            0.28297206145066484,
            0.2794374869419978,
            0.2765028407023503,
            0.27372666799105133,
            0.27387490969437817,
            0.27130917915931113,
            0.2717247984959529,
            0.27002996811499963,
            0.2686399584550124,
            0.2701519771722647,
            0.2661540776032668,
            0.265486677976755,
            0.26818855359004096,
            0.26771363808558535,
            0.2679102354783278,
            0.26478832501631516,
            0.2654261662409856,
            0.2663241819234995
        ],
        "val_acc": [
            83.3,
            86.54,
            88.22,
            89.32,
            89.75,
            89.9,
            90.46,
            90.5,
            90.95,
            91.07,
            91.59,
            91.37,
            91.3,
            91.47,
            91.32,
            91.53,
            91.48,
            91.48,
            91.71,
            91.72,
            91.87,
            91.55,
            91.88,
            91.86,
            91.79,
            91.87,
            91.77,
            91.87,
            92.03,
            91.93
        ],
        "val_loss": [
            0.5838342193603515,
            0.44794721069335935,
            0.39262440490722655,
            0.35155140075683594,
            0.3374274444580078,
            0.3223257598876953,
            0.3096556396484375,
            0.3049014099121094,
            0.29691980743408203,
            0.29122640380859377,
            0.2817571380615234,
            0.2807986663818359,
            0.2792059600830078,
            0.27679903717041016,
            0.2743907730102539,
            0.2730993698120117,
            0.27228638916015624,
            0.2699294921875,
            0.27155032958984376,
            0.2682896957397461,
            0.2649709457397461,
            0.26792839965820314,
            0.26376700286865234,
            0.2627929168701172,
            0.2677983810424805,
            0.26503642120361326,
            0.2656227279663086,
            0.2660669662475586,
            0.2630370422363281,
            0.26714029693603514
        ]
    }
}