{
    "desc": "Run 6 of hyperparameter search",
    "log_stdout": false,
    "params": {
        "batch_size": 64,
        "batch_size_eval": 1000,
        "learning_rate": 0.02,
        "momentum": 0.3,
        "num_epochs": 30,
        "scaling_factor": 2
    },
    "stdout": "",
    "timestamp": "2019-02-14 02:26:48.279279",
    "values": {
        "noisy_test_acc": [
            40.26923076923077,
            40.83173076923077,
            41.94230769230769,
            42.71153846153846,
            41.57211538461539,
            43.25,
            44.83653846153846,
            44.0,
            42.78846153846154,
            44.51442307692308,
            42.67788461538461,
            43.16346153846154,
            45.76442307692308,
            43.11057692307692,
            42.75480769230769,
            42.90384615384615,
            41.8125,
            41.03846153846154,
            43.32692307692308,
            41.67788461538461,
            40.67307692307692,
            41.0,
            42.88461538461539,
            41.37019230769231,
            41.68269230769231,
            40.17307692307692,
            40.62019230769231,
            40.24038461538461,
            39.53365384615385,
            38.21153846153846
        ],
        "noisy_test_loss": [
            2.1466571719829854,
            2.12762940626878,
            2.090141190748948,
            2.0447353509756234,
            2.125637086721567,
            2.115681730417105,
            2.0644967445960414,
            2.1179456388033353,
            2.2128984715388373,
            2.1632649744473973,
            2.2773180154653696,
            2.2567985974825344,
            2.1670210324800934,
            2.3519195894094613,
            2.4736924303494967,
            2.4084067623431866,
            2.540101127624512,
            2.6891813923762395,
            2.529961269085224,
            2.6938596637432393,
            2.8126325313861553,
            2.8560581119243915,
            2.739914458348201,
            2.879156200702374,
            2.9391343835683967,
            3.1518522321260893,
            3.1201736230116626,
            3.199232356731708,
            3.225740852355957,
            3.425875358581543
        ],
        "test_acc": [
            82.03365384615384,
            85.91826923076923,
            87.53365384615384,
            88.875,
            89.47115384615384,
            89.76923076923077,
            90.26442307692308,
            90.375,
            90.58173076923077,
            90.76442307692308,
            91.00961538461539,
            91.0048076923077,
            91.0673076923077,
            91.2451923076923,
            91.24038461538461,
            91.38461538461539,
            91.30288461538461,
            91.47115384615384,
            91.36057692307692,
            91.67307692307692,
            91.72596153846153,
            91.65865384615384,
            91.77403846153847,
            91.78365384615384,
            91.77403846153847,
            91.75961538461539,
            91.79807692307692,
            92.00961538461539,
            91.86057692307692,
            91.8173076923077
        ],
        "test_loss": [
            0.6162087557866023,
            0.4690917917398306,
            0.407643220608051,
            0.3678967886704665,
            0.3500894128359281,
            0.334584929392888,
            0.3199000101823073,
            0.31195885511545035,
            0.3041301837334266,
            0.29796902986673207,
            0.29254897044255185,
            0.2889593846981342,
            0.288166529582097,
            0.28239090479337253,
            0.27959085317758414,
            0.277069275195782,
            0.2760852670669556,
            0.2735505045377291,
            0.27335344608013445,
            0.2720236092347365,
            0.27016046083890477,
            0.2717473455575796,
            0.26786591603205756,
            0.2662359934586745,
            0.26711141476264366,
            0.26781572525317854,
            0.26823211669921876,
            0.26459588527679445,
            0.26404002629793605,
            0.26414466821230376
        ],
        "val_acc": [
            82.21,
            86.06,
            87.84,
            89.03,
            89.61,
            89.79,
            90.23,
            90.41,
            90.83,
            90.87,
            91.27,
            91.32,
            91.11,
            91.27,
            91.26,
            91.52,
            91.53,
            91.5,
            91.53,
            91.63,
            91.75,
            91.46,
            91.95,
            91.74,
            91.67,
            91.93,
            91.67,
            91.93,
            92.03,
            91.76
        ],
        "val_loss": [
            0.6183426879882813,
            0.46991693115234373,
            0.4098787109375,
            0.36503960266113283,
            0.34726043090820313,
            0.33091555786132815,
            0.3180268585205078,
            0.3103444122314453,
            0.30294390563964846,
            0.2966418395996094,
            0.28793256378173826,
            0.2852654739379883,
            0.2847207000732422,
            0.28123473205566407,
            0.27871536712646483,
            0.27476361999511717,
            0.2735383422851563,
            0.27142865295410157,
            0.2734267425537109,
            0.26976592407226563,
            0.2675316848754883,
            0.26999306182861327,
            0.26432637634277345,
            0.26355561828613283,
            0.26654944610595704,
            0.26367186126708986,
            0.26610232391357425,
            0.2641537887573242,
            0.2619667236328125,
            0.26606830291748046
        ]
    }
}