{
    "desc": "Run 7 of hyperparameter search",
    "log_stdout": false,
    "params": {
        "batch_size": 64,
        "batch_size_eval": 1000,
        "learning_rate": 0.02,
        "momentum": 0.5,
        "num_epochs": 30,
        "scaling_factor": 2
    },
    "stdout": "",
    "timestamp": "2019-02-14 02:48:23.388623",
    "values": {
        "noisy_test_acc": [
            41.65384615384615,
            42.15384615384615,
            42.60096153846154,
            44.01442307692308,
            42.34134615384615,
            41.88942307692308,
            45.34615384615385,
            43.92307692307692,
            42.88942307692308,
            44.94230769230769,
            41.39903846153846,
            42.18269230769231,
            43.93269230769231,
            42.32692307692308,
            41.87019230769231,
            42.23557692307692,
            41.20192307692308,
            39.75961538461539,
            41.42307692307692,
            39.69711538461539,
            39.56730769230769,
            39.32692307692308,
            40.75480769230769,
            40.94711538461539,
            40.625,
            39.12019230769231,
            39.98076923076923,
            38.66346153846154,
            39.37980769230769,
            37.07692307692308
        ],
        "noisy_test_loss": [
            2.0938342901376576,
            2.0879101709219126,
            2.079722900390625,
            2.055323594900278,
            2.1881993572528544,
            2.303821240938627,
            2.168857033069317,
            2.2656600057161773,
            2.3749019432067873,
            2.350032504155086,
            2.603820507342999,
            2.5771601134080155,
            2.523836397024301,
            2.6633559740506687,
            2.814623606755183,
            2.758203594501202,
            2.9683005127540003,
            3.2809268247164214,
            3.0876880821814905,
            3.3613234622661885,
            3.4051036922748272,
            3.5129108194204477,
            3.4441180566641,
            3.4816740476168118,
            3.502578811645508,
            3.8152324617826023,
            3.8007285279494067,
            4.043047262338492,
            3.946300336397611,
            4.273822526198167
        ],
        "test_acc": [
            83.7548076923077,
            87.04326923076923,
            88.40384615384616,
            89.67307692307692,
            89.89903846153847,
            90.20192307692308,
            90.63461538461539,
            90.6201923076923,
            90.90384615384616,
            90.9951923076923,
            91.20673076923077,
            91.29807692307692,
            91.29807692307692,
            91.39903846153847,
            91.4423076923077,
            91.58173076923077,
            91.46634615384616,
            91.66346153846153,
            91.50961538461539,
            91.76442307692308,
            91.83653846153847,
            91.83653846153847,
            91.92788461538461,
            91.89903846153847,
            91.99038461538461,
            91.77884615384616,
            91.71153846153847,
            91.99038461538461,
            91.92788461538461,
            91.9375
        ],
        "test_loss": [
            0.5478510944659893,
            0.42467002135056714,
            0.3737555716587947,
            0.3398017641214224,
            0.32876565272991476,
            0.31588486011211686,
            0.30309845740978536,
            0.29970153331756594,
            0.291766258753263,
            0.2874116648160494,
            0.2829960016103891,
            0.28065177514002876,
            0.2822047523351816,
            0.27701857896951526,
            0.27567518894488996,
            0.2730710873237023,
            0.274592101757343,
            0.27009081070239727,
            0.2720574888816247,
            0.2693279295701247,
            0.26922871259542613,
            0.2697177846615131,
            0.26843053854428806,
            0.2674645027747521,
            0.2688401152537419,
            0.2710898219622099,
            0.27106513463533843,
            0.2676798468369704,
            0.2669927134880653,
            0.2702183668430035
        ],
        "val_acc": [
            84.01,
            87.23,
            88.63,
            89.72,
            89.99,
            90.27,
            90.59,
            90.7,
            91.18,
            91.16,
            91.54,
            91.46,
            91.33,
            91.49,
            91.5,
            91.59,
            91.4,
            91.49,
            91.67,
            91.67,
            91.81,
            91.79,
            92.02,
            91.88,
            91.73,
            92.0,
            91.63,
            91.68,
            92.04,
            91.62
        ],
        "val_loss": [
            0.5494867584228516,
            0.4244395751953125,
            0.3763300567626953,
            0.33669442138671873,
            0.3253084533691406,
            0.3131078552246094,
            0.3020376190185547,
            0.29763339385986326,
            0.2908549072265625,
            0.2857366455078125,
            0.2783637451171875,
            0.2765508041381836,
            0.2773353546142578,
            0.2759948989868164,
            0.27217027587890624,
            0.2725021301269531,
            0.2713798843383789,
            0.2693853042602539,
            0.27102708282470706,
            0.2665037551879883,
            0.268159782409668,
            0.2680079162597656,
            0.26617930145263674,
            0.2637203582763672,
            0.26708800964355467,
            0.2668429641723633,
            0.2698055130004883,
            0.2699172622680664,
            0.2671845703125,
            0.2739827880859375
        ]
    }
}