{
    "desc": "Run 8 of hyperparameter search",
    "log_stdout": false,
    "params": {
        "batch_size": 64,
        "batch_size_eval": 1000,
        "learning_rate": 0.02,
        "momentum": 0.7,
        "num_epochs": 30,
        "scaling_factor": 2
    },
    "stdout": "",
    "timestamp": "2019-02-14 03:06:09.752255",
    "values": {
        "noisy_test_acc": [
            44.0625,
            44.34615384615385,
            43.03846153846154,
            44.14423076923077,
            41.35576923076923,
            42.10576923076923,
            44.57211538461539,
            41.63461538461539,
            42.40384615384615,
            44.12019230769231,
            40.22596153846154,
            40.28846153846154,
            42.41826923076923,
            39.04807692307692,
            38.5,
            39.52403846153846,
            38.72596153846154,
            38.64903846153846,
            40.37019230769231,
            37.1875,
            38.13942307692308,
            36.61057692307692,
            38.81730769230769,
            37.37980769230769,
            39.07211538461539,
            37.3125,
            40.48076923076923,
            36.51923076923077,
            37.69711538461539,
            35.73076923076923
        ],
        "noisy_test_loss": [
            2.0053050349308896,
            2.1124885881864106,
            2.2715816145676833,
            2.309556809938871,
            2.5902840702350325,
            2.7065033311110276,
            2.62022282233605,
            2.928745935880221,
            2.943586946634146,
            3.0661369470449595,
            3.5538073583749625,
            3.5450753608116736,
            3.4125936038677507,
            3.990888252258301,
            4.199695593026968,
            4.161222763061524,
            4.375429983872634,
            4.618485365647536,
            4.330398301344651,
            4.9651332620474005,
            4.868483945406401,
            5.2523725920457105,
            5.156377589886005,
            5.481332905109112,
            5.314740048922025,
            5.925237567608173,
            5.187770250760592,
            6.160407022329477,
            5.914212206326998,
            6.521666083702674
        ],
        "test_acc": [
            85.57692307692308,
            88.0,
            89.35096153846153,
            90.34134615384616,
            90.33653846153847,
            90.60096153846153,
            90.77403846153847,
            90.77884615384616,
            91.10576923076923,
            91.15865384615384,
            91.40865384615384,
            91.23076923076923,
            91.45673076923077,
            91.6201923076923,
            91.59615384615384,
            91.72115384615384,
            91.49038461538461,
            91.8076923076923,
            91.6201923076923,
            91.85576923076923,
            91.8798076923077,
            91.9423076923077,
            91.98557692307692,
            91.9326923076923,
            91.73557692307692,
            92.02403846153847,
            91.79326923076923,
            91.99038461538461,
            91.95192307692308,
            91.75
        ],
        "test_loss": [
            0.4757619116856502,
            0.38374589699965256,
            0.34236500153174765,
            0.31818764539865346,
            0.312025728225708,
            0.30257496467003453,
            0.29521951161898097,
            0.29138220640329215,
            0.28605339490450343,
            0.2895146406613863,
            0.2815997780286349,
            0.283676055761484,
            0.2816452642587515,
            0.2804004401427049,
            0.2784866839188796,
            0.2752417608407828,
            0.28034189884479227,
            0.2736723815477811,
            0.277893155171321,
            0.27902865703289326,
            0.27863784826718846,
            0.2829872839267437,
            0.28259451902829685,
            0.2819583225250244,
            0.28399124145507815,
            0.2817805979802058,
            0.2872362232208252,
            0.2813091674217811,
            0.28504660679743843,
            0.28933761596679686
        ],
        "val_acc": [
            85.77,
            88.32,
            89.6,
            90.42,
            90.31,
            90.56,
            90.75,
            90.95,
            91.08,
            91.15,
            91.76,
            91.44,
            91.31,
            91.48,
            91.53,
            91.71,
            91.66,
            91.52,
            91.54,
            91.45,
            91.62,
            91.61,
            91.84,
            91.73,
            91.65,
            91.62,
            91.8,
            91.97,
            91.88,
            91.8
        ],
        "val_loss": [
            0.4763062255859375,
            0.3825644836425781,
            0.344182080078125,
            0.3120842544555664,
            0.30866100463867185,
            0.3001833465576172,
            0.2946347106933594,
            0.28801630859375,
            0.28406966857910154,
            0.2882620361328125,
            0.27673393096923826,
            0.2787268600463867,
            0.27987961273193357,
            0.28033134155273437,
            0.2763727386474609,
            0.273093913269043,
            0.2740858184814453,
            0.27555526580810547,
            0.27510695190429685,
            0.2784813323974609,
            0.27749910888671875,
            0.28106871185302734,
            0.27910973358154295,
            0.28015605773925784,
            0.27942759552001956,
            0.2813599456787109,
            0.2831080062866211,
            0.280736328125,
            0.28188990936279296,
            0.28676877593994143
        ]
    }
}