{
    "desc": "Run 9 of hyperparameter search",
    "log_stdout": false,
    "params": {
        "batch_size": 64,
        "batch_size_eval": 1000,
        "learning_rate": 0.04,
        "momentum": 0.3,
        "num_epochs": 30,
        "scaling_factor": 2
    },
    "stdout": "",
    "timestamp": "2019-02-14 03:23:24.136934",
    "values": {
        "noisy_test_acc": [
            41.95192307692308,
            43.31730769230769,
            43.22596153846154,
            44.62980769230769,
            41.85576923076923,
            40.90384615384615,
            43.88461538461539,
            42.49519230769231,
            41.77403846153846,
            43.79326923076923,
            40.03365384615385,
            41.11057692307692,
            43.54326923076923,
            39.01442307692308,
            38.54807692307692,
            39.32692307692308,
            38.03846153846154,
            36.81730769230769,
            40.24038461538461,
            35.99519230769231,
            38.08173076923077,
            36.80769230769231,
            36.98076923076923,
            37.24038461538461,
            38.54326923076923,
            35.89903846153846,
            38.40384615384615,
            36.86538461538461,
            38.23076923076923,
            35.72115384615385
        ],
        "noisy_test_loss": [
            2.069289700434758,
            2.1243072172311637,
            2.1595130861722507,
            2.1873135405320387,
            2.448044919234056,
            2.641714313213642,
            2.481401464022123,
            2.728105175311749,
            2.793471926175631,
            2.8623097874568058,
            3.231279795720027,
            3.160021177438589,
            3.0442164963942306,
            3.557336763235239,
            3.802003546494704,
            3.7389374630267804,
            3.9939879490778996,
            4.330696044334998,
            4.020890887333796,
            4.577351540785569,
            4.408201769315279,
            4.643262678293081,
            4.777272620567909,
            4.761239629892202,
            4.70897771688608,
            5.2789282813439,
            4.883740718548115,
            5.2692228698730466,
            5.1377806590153625,
            5.625238940899188
        ],
        "test_acc": [
            84.83653846153847,
            87.8076923076923,
            88.9423076923077,
            90.10576923076923,
            89.9951923076923,
            90.77403846153847,
            90.8701923076923,
            90.90384615384616,
            91.0673076923077,
            91.10576923076923,
            91.4951923076923,
            91.2451923076923,
            91.41826923076923,
            91.60576923076923,
            91.55288461538461,
            91.72596153846153,
            91.5625,
            91.70673076923077,
            91.59134615384616,
            91.83653846153847,
            91.86538461538461,
            91.76923076923077,
            91.89423076923077,
            91.85576923076923,
            91.9423076923077,
            92.01442307692308,
            91.89903846153847,
            91.98557692307692,
            91.9326923076923,
            91.8076923076923
        ],
        "test_loss": [
            0.4976035895714393,
            0.3931312531691331,
            0.3505966487297645,
            0.32219147535470816,
            0.3176417402120737,
            0.30216069478255053,
            0.2939458494919997,
            0.291597701219412,
            0.2837915724974412,
            0.2872368911596445,
            0.27899132618537315,
            0.2792662763595581,
            0.2819237356919509,
            0.27546837329864504,
            0.2760513789837177,
            0.2744274568557739,
            0.2764878903902494,
            0.2742319624240582,
            0.2734882743542011,
            0.27469323378342847,
            0.2754289788466234,
            0.27983330506544846,
            0.27426799554091236,
            0.27600785878988415,
            0.2727280697455773,
            0.27523337107438306,
            0.277340460557204,
            0.2767589646119338,
            0.2756655135521522,
            0.28273015132317175
        ],
        "val_acc": [
            84.81,
            88.19,
            89.32,
            90.53,
            90.33,
            90.92,
            90.84,
            90.96,
            91.36,
            91.24,
            91.76,
            91.59,
            91.24,
            91.47,
            91.6,
            91.68,
            91.6,
            91.62,
            91.72,
            91.75,
            91.8,
            91.75,
            91.88,
            91.74,
            91.73,
            91.87,
            91.73,
            92.02,
            92.14,
            91.59
        ],
        "val_loss": [
            0.49720887756347654,
            0.3897046356201172,
            0.35262960510253905,
            0.3183087875366211,
            0.3131664825439453,
            0.29831187286376953,
            0.2943345626831055,
            0.2882254684448242,
            0.28392005310058593,
            0.28488233489990233,
            0.2729165802001953,
            0.27510405120849607,
            0.2797380065917969,
            0.2765012237548828,
            0.27489903717041014,
            0.275662646484375,
            0.27345811920166013,
            0.2728525375366211,
            0.27325165100097654,
            0.27170371246337893,
            0.2741783660888672,
            0.2802348693847656,
            0.2739460006713867,
            0.2740716201782227,
            0.2748993713378906,
            0.27374147186279296,
            0.2776593521118164,
            0.27799616088867185,
            0.27668516235351565,
            0.28324376373291016
        ]
    }
}