{
    "desc": "Run 0 of hyperparameter search",
    "log_stdout": false,
    "params": {
        "alpha": 0.3,
        "batch_size": 64,
        "batch_size_eval": 1000,
        "learning_rate": 0.005,
        "momentum": 0.3,
        "num_epochs": 30,
        "num_passes": 2,
        "scaling_factor": 2
    },
    "stdout": "",
    "timestamp": "2019-02-03 18:23:51.425566",
    "values": {
        "noisy_test_acc": [
            40.96153846153846,
            39.67307692307692,
            41.90865384615385,
            42.05769230769231,
            43.67307692307692,
            43.01923076923077,
            44.20192307692308,
            44.70673076923077,
            45.94230769230769,
            46.95673076923077,
            46.27403846153846,
            46.23557692307692,
            47.99519230769231,
            49.41346153846154,
            50.62980769230769,
            50.99038461538461,
            51.85576923076923,
            53.10576923076923,
            52.34134615384615,
            53.69230769230769,
            53.71634615384615,
            54.61538461538461,
            55.52403846153846,
            55.90865384615385,
            55.54326923076923,
            56.56730769230769,
            57.01442307692308,
            56.94711538461539,
            56.62980769230769,
            57.04326923076923
        ],
        "noisy_test_loss": [
            2.111501681988056,
            2.1862475145780125,
            2.091946648817796,
            2.0674407841609073,
            1.9882361221313476,
            1.9837618725116437,
            1.9412237548828124,
            1.9307468649057242,
            1.8684641236525315,
            1.8092607791607196,
            1.8285787376990685,
            1.8117669765765851,
            1.7494726298405574,
            1.7014674186706542,
            1.6522505774864784,
            1.6428264104402983,
            1.610368210719182,
            1.5714611273545485,
            1.5933920273414024,
            1.5371441958500789,
            1.5478883919349085,
            1.4870315214303824,
            1.4843035081716685,
            1.462018849299504,
            1.474985501216008,
            1.432897685124324,
            1.420647682776818,
            1.4148602676391602,
            1.4138158416748048,
            1.4148139396080603
        ],
        "test_acc": [
            68.15865384615384,
            74.03365384615384,
            77.77403846153847,
            80.5048076923077,
            82.45192307692308,
            83.58173076923077,
            84.60576923076923,
            85.3701923076923,
            86.02884615384616,
            86.50961538461539,
            86.82692307692308,
            87.4326923076923,
            87.77884615384616,
            87.91346153846153,
            88.21153846153847,
            88.51442307692308,
            88.77884615384616,
            88.92307692307692,
            89.0625,
            89.2548076923077,
            89.35576923076923,
            89.52403846153847,
            89.64423076923077,
            89.8076923076923,
            89.88942307692308,
            89.95192307692308,
            90.09134615384616,
            90.21153846153847,
            90.15865384615384,
            90.26442307692308
        ],
        "test_loss": [
            1.1223392193134014,
            0.9062109932532677,
            0.7702537565964919,
            0.6765509913517879,
            0.6099275970458984,
            0.5617966783963717,
            0.5249789223304162,
            0.496547238276555,
            0.4725258064270019,
            0.4527745041480431,
            0.437219756933359,
            0.42110547652611363,
            0.4089675543858455,
            0.39973917594322794,
            0.3901104684976431,
            0.3804908128885122,
            0.3724198400057279,
            0.3657378724905161,
            0.3589922582186185,
            0.3530131362034724,
            0.3472696135594295,
            0.3429909508044903,
            0.3380433280651386,
            0.33338636765113244,
            0.3295856380462647,
            0.3257587990394005,
            0.32227256188025843,
            0.31853614036853495,
            0.31545840703524075,
            0.3126995482811561
        ],
        "val_acc": [
            67.55,
            73.68,
            77.2,
            79.86,
            81.87,
            83.11,
            84.11,
            84.82,
            85.71,
            86.2,
            86.84,
            87.26,
            87.64,
            87.8,
            88.09,
            88.38,
            88.68,
            88.88,
            89.0,
            89.24,
            89.43,
            89.67,
            89.72,
            89.6,
            89.65,
            90.05,
            90.0,
            90.18,
            90.3,
            90.35
        ],
        "val_loss": [
            1.129009716796875,
            0.912873046875,
            0.7777324584960937,
            0.6851448120117187,
            0.6174214050292969,
            0.5676944091796875,
            0.5319093566894532,
            0.5022548858642578,
            0.47659845275878904,
            0.4574532104492188,
            0.43992723999023436,
            0.42370828247070313,
            0.41044146728515624,
            0.40125399169921877,
            0.3907207275390625,
            0.38160413208007815,
            0.3728555694580078,
            0.36557246704101565,
            0.3580234222412109,
            0.3528120788574219,
            0.3460815734863281,
            0.34163030700683594,
            0.3355316162109375,
            0.33208438720703126,
            0.32902573852539063,
            0.32390537109375,
            0.3208768524169922,
            0.31706884155273435,
            0.31479073486328124,
            0.31073062438964844
        ]
    }
}