{
    "desc": "Run 1 of hyperparameter search",
    "log_stdout": false,
    "params": {
        "alpha": 0.3,
        "batch_size": 64,
        "batch_size_eval": 1000,
        "learning_rate": 0.005,
        "momentum": 0.5,
        "num_epochs": 30,
        "num_passes": 2,
        "scaling_factor": 2
    },
    "stdout": "",
    "timestamp": "2019-02-03 18:45:11.873429",
    "values": {
        "noisy_test_acc": [
            40.72596153846154,
            40.15384615384615,
            43.12980769230769,
            43.46634615384615,
            45.44230769230769,
            44.94711538461539,
            46.27403846153846,
            47.1875,
            49.05288461538461,
            50.33653846153846,
            48.49038461538461,
            49.45673076923077,
            51.84134615384615,
            52.70192307692308,
            54.32211538461539,
            54.54326923076923,
            55.17788461538461,
            55.97596153846154,
            55.84134615384615,
            57.20192307692308,
            57.25480769230769,
            58.29807692307692,
            58.23076923076923,
            58.96634615384615,
            58.33173076923077,
            58.71634615384615,
            59.40865384615385,
            59.26442307692308,
            59.60096153846154,
            59.12980769230769
        ],
        "noisy_test_loss": [
            2.1406712869497446,
            2.1549691009521483,
            2.016749279315655,
            1.9938006180983323,
            1.8990266653207633,
            1.8894565993088943,
            1.830322500375601,
            1.803857548053448,
            1.7263247592632587,
            1.6736084365844726,
            1.7196879504277156,
            1.6863257217407226,
            1.6132859391432541,
            1.5746239559467021,
            1.5105587709867037,
            1.5147807502746582,
            1.48070709668673,
            1.4516643700232872,
            1.4554080889775203,
            1.4242822603078988,
            1.4200911888709435,
            1.3721397018432617,
            1.3701198328458346,
            1.3437446638254018,
            1.3779311136099008,
            1.3547804832458497,
            1.3420904496999888,
            1.3380455956092248,
            1.3349333132230319,
            1.3458259450472319
        ],
        "test_acc": [
            70.63461538461539,
            77.11538461538461,
            80.77884615384616,
            83.16346153846153,
            84.53846153846153,
            85.4326923076923,
            86.47596153846153,
            86.875,
            87.6875,
            87.9951923076923,
            88.13942307692308,
            88.6826923076923,
            89.0673076923077,
            89.11538461538461,
            89.30288461538461,
            89.60576923076923,
            89.75961538461539,
            89.85096153846153,
            89.92788461538461,
            90.09134615384616,
            90.33173076923077,
            90.24038461538461,
            90.46153846153847,
            90.50961538461539,
            90.52884615384616,
            90.60096153846153,
            90.80288461538461,
            90.8173076923077,
            90.91826923076923,
            90.90384615384616
        ],
        "test_loss": [
            1.0217935092632586,
            0.7948736939063439,
            0.6625993156433105,
            0.5815578915522649,
            0.5262706888639009,
            0.4877113195566031,
            0.45770923907940203,
            0.4351285560314472,
            0.41523811266972466,
            0.3994774987147405,
            0.38734960629389836,
            0.373466278222891,
            0.36342603243314303,
            0.35703564717219427,
            0.348792243370643,
            0.34105671369112456,
            0.33481781739455,
            0.32936791053185094,
            0.32379379639258754,
            0.31974475933955265,
            0.31494781567500185,
            0.31131550202002894,
            0.3078142162469717,
            0.3040620785493117,
            0.3012478468968318,
            0.297777519592872,
            0.2951651397118202,
            0.29205707036531886,
            0.2900277812664325,
            0.2881586529658391
        ],
        "val_acc": [
            70.23,
            76.71,
            80.26,
            82.49,
            84.07,
            85.39,
            86.18,
            86.79,
            87.43,
            87.82,
            88.28,
            88.43,
            88.86,
            88.95,
            89.44,
            89.41,
            89.69,
            89.79,
            90.2,
            90.06,
            90.35,
            90.46,
            90.58,
            90.55,
            90.6,
            90.88,
            90.89,
            91.2,
            91.09,
            91.26
        ],
        "val_loss": [
            1.0287810729980469,
            0.8027906494140625,
            0.6704503356933593,
            0.5891887573242187,
            0.5321259490966797,
            0.4920007354736328,
            0.4626835754394531,
            0.43849703674316404,
            0.4164428009033203,
            0.4015134582519531,
            0.38747876586914065,
            0.3741115051269531,
            0.3629296264648437,
            0.3566717651367188,
            0.34721644592285156,
            0.34108861389160156,
            0.3335404602050781,
            0.32763102111816406,
            0.32153243103027346,
            0.31832872619628905,
            0.3128516815185547,
            0.3090871643066406,
            0.3041329895019531,
            0.30180775756835937,
            0.29955062255859377,
            0.29478844909667967,
            0.2925661376953125,
            0.28964898223876956,
            0.28835505981445314,
            0.28440300903320315
        ]
    }
}