{
    "desc": "Run 10 of hyperparameter search",
    "log_stdout": false,
    "params": {
        "alpha": 0.3,
        "batch_size": 64,
        "batch_size_eval": 1000,
        "learning_rate": 0.04,
        "momentum": 0.5,
        "num_epochs": 30,
        "num_passes": 2,
        "scaling_factor": 2
    },
    "stdout": "",
    "timestamp": "2019-02-03 22:02:23.313257",
    "values": {
        "noisy_test_acc": [
            49.02403846153846,
            55.35096153846154,
            59.71634615384615,
            59.97596153846154,
            63.16346153846154,
            61.75961538461539,
            61.8125,
            59.87019230769231,
            61.34615384615385,
            57.70192307692308,
            57.26923076923077,
            58.31730769230769,
            56.57692307692308,
            53.5,
            51.96634615384615,
            52.33173076923077,
            50.0,
            47.72115384615385,
            49.91826923076923,
            46.27884615384615,
            48.73557692307692,
            46.52884615384615,
            45.8125,
            44.54326923076923,
            43.6875,
            43.30769230769231,
            40.41826923076923,
            40.32692307692308,
            37.875,
            40.65384615384615
        ],
        "noisy_test_loss": [
            1.7145717239379883,
            1.471805792588454,
            1.3064292291494517,
            1.2904158856318546,
            1.1900864615807167,
            1.2717325870807354,
            1.2746840697068436,
            1.3836010654156026,
            1.3139828080397387,
            1.4791457557678223,
            1.5212007493239184,
            1.5055934788630558,
            1.6497404171870305,
            1.9751123487032376,
            1.9848612154447116,
            2.1108631896972656,
            2.2278073413555437,
            2.4330155944824217,
            2.4951614790696364,
            2.8996437923724834,
            2.7380309383685772,
            3.0818133603609525,
            3.3930740033663236,
            3.6665463198148287,
            3.9681114314152643,
            4.008786315917969,
            4.515503768920898,
            4.545836445735051,
            5.151860451331506,
            4.884896457378681
        ],
        "test_acc": [
            85.44711538461539,
            88.2451923076923,
            89.6923076923077,
            90.5,
            90.6875,
            90.84134615384616,
            91.0576923076923,
            91.39423076923077,
            91.79807692307692,
            91.51442307692308,
            91.70192307692308,
            91.83173076923077,
            91.8173076923077,
            91.77884615384616,
            91.89423076923077,
            91.86538461538461,
            92.14423076923077,
            92.1201923076923,
            91.96634615384616,
            91.97596153846153,
            92.11057692307692,
            92.05288461538461,
            91.96634615384616,
            92.0576923076923,
            92.14423076923077,
            91.9326923076923,
            91.9326923076923,
            91.97115384615384,
            92.23076923076923,
            92.15865384615384
        ],
        "test_loss": [
            0.4746043748121995,
            0.37919860693124624,
            0.3305329469534067,
            0.2979197432444646,
            0.28974705402667705,
            0.2849767776635977,
            0.27900344078357403,
            0.2677887923900898,
            0.26250682574052076,
            0.26549400843106785,
            0.2614947608801035,
            0.2691983094582191,
            0.2718981610811674,
            0.273135824570289,
            0.26965507360605095,
            0.27132898770845854,
            0.2679912699185885,
            0.26549209154569187,
            0.2765436110129723,
            0.28994105669168324,
            0.28063767726604755,
            0.28753989953261155,
            0.29650782915262075,
            0.30284935767834004,
            0.30807044909550596,
            0.3055756814663227,
            0.3180529730136578,
            0.30339541068443887,
            0.3064732775321374,
            0.3274308989598201
        ],
        "val_acc": [
            85.54,
            88.73,
            89.72,
            90.43,
            90.81,
            90.66,
            91.04,
            91.6,
            91.89,
            91.74,
            91.68,
            92.03,
            91.79,
            91.95,
            92.18,
            92.09,
            92.14,
            92.2,
            92.25,
            91.94,
            92.05,
            92.37,
            92.3,
            92.14,
            92.04,
            92.22,
            92.3,
            92.21,
            92.32,
            92.33
        ],
        "val_loss": [
            0.4780599304199219,
            0.3760463439941406,
            0.3277491760253906,
            0.3020147003173828,
            0.2931303176879883,
            0.28755538482666015,
            0.27691067352294924,
            0.26839461822509764,
            0.25512164611816407,
            0.263327197265625,
            0.255673649597168,
            0.2625710906982422,
            0.2623515518188477,
            0.26017190704345705,
            0.25878731231689456,
            0.2595572509765625,
            0.25448766021728514,
            0.2555467742919922,
            0.26200770263671874,
            0.27495174102783204,
            0.27162935028076174,
            0.27383139495849607,
            0.2834651733398437,
            0.297660124206543,
            0.29583045654296874,
            0.28990208892822267,
            0.292739013671875,
            0.2824573547363281,
            0.29177299194335937,
            0.30215303497314455
        ]
    }
}