{
    "desc": "Run 11 of hyperparameter search",
    "log_stdout": false,
    "params": {
        "alpha": 0.3,
        "batch_size": 64,
        "batch_size_eval": 1000,
        "learning_rate": 0.04,
        "momentum": 0.7,
        "num_epochs": 30,
        "num_passes": 2,
        "scaling_factor": 2
    },
    "stdout": "",
    "timestamp": "2019-02-03 22:25:01.229918",
    "values": {
        "noisy_test_acc": [
            55.67788461538461,
            61.14903846153846,
            61.50961538461539,
            59.29807692307692,
            61.82692307692308,
            62.27403846153846,
            58.64423076923077,
            57.53365384615385,
            55.77403846153846,
            52.48076923076923,
            53.54326923076923,
            50.70192307692308,
            48.42307692307692,
            50.15865384615385,
            44.92307692307692,
            45.42307692307692,
            42.18269230769231,
            44.33653846153846,
            44.70192307692308,
            41.23557692307692,
            40.70192307692308,
            41.99519230769231,
            41.52884615384615,
            39.94230769230769,
            37.18269230769231,
            36.84615384615385,
            36.70673076923077,
            38.64903846153846,
            39.33173076923077,
            36.74038461538461
        ],
        "noisy_test_loss": [
            1.4554605469336876,
            1.270851603287917,
            1.2543103592212383,
            1.3737064053462102,
            1.3541829468653752,
            1.4827402833791878,
            1.6615413416348972,
            1.846338864839994,
            2.034962956355168,
            2.5973448591965895,
            2.388334714449369,
            3.055254633976863,
            3.8495653651310846,
            4.055238964374249,
            4.961361594566932,
            5.061390633216271,
            5.518482173039363,
            5.935245243952824,
            5.966870633638822,
            7.088768873948317,
            7.846351647010216,
            7.3353241318922775,
            8.62563241811899,
            8.757285743126502,
            11.99653827373798,
            11.708835261418269,
            11.781697598970853,
            11.506924661489633,
            10.624036560058594,
            12.004769169734075
        ],
        "test_acc": [
            86.8701923076923,
            88.6875,
            89.89903846153847,
            90.80288461538461,
            91.13942307692308,
            90.9423076923077,
            91.25,
            91.52884615384616,
            91.58173076923077,
            91.46634615384616,
            91.3798076923077,
            91.6826923076923,
            91.5673076923077,
            91.53365384615384,
            91.72115384615384,
            91.84134615384616,
            91.59134615384616,
            91.625,
            91.54326923076923,
            91.7548076923077,
            91.8798076923077,
            91.70673076923077,
            91.92788461538461,
            91.86538461538461,
            91.89423076923077,
            91.64423076923077,
            91.8076923076923,
            91.69711538461539,
            91.53365384615384,
            91.72596153846153
        ],
        "test_loss": [
            0.41871780175429124,
            0.35303368935218227,
            0.311663488974938,
            0.2873527028010442,
            0.28125521403092607,
            0.2895890199221097,
            0.28431532859802244,
            0.2781942268518301,
            0.27319741615882287,
            0.28524627355428844,
            0.28190124805157,
            0.29048193784860465,
            0.3036990114358755,
            0.29940700164208045,
            0.3026219654083252,
            0.2931480858876155,
            0.2927342224121094,
            0.31251171625577484,
            0.31881028248713567,
            0.3183222224162175,
            0.32871764036325307,
            0.32089680158174955,
            0.3435476838625394,
            0.3350525584587684,
            0.3686265563964844,
            0.349545348240779,
            0.3508225807776818,
            0.3449053089435284,
            0.35890031301058256,
            0.36935498531048117
        ],
        "val_acc": [
            86.95,
            89.13,
            90.22,
            90.77,
            91.36,
            90.89,
            91.22,
            91.8,
            91.79,
            91.57,
            91.47,
            91.77,
            91.7,
            91.55,
            92.0,
            91.92,
            92.13,
            92.17,
            91.99,
            91.76,
            91.76,
            92.06,
            91.99,
            92.03,
            91.7,
            91.89,
            91.94,
            92.04,
            91.98,
            92.2
        ],
        "val_loss": [
            0.4250664489746094,
            0.3523088409423828,
            0.3074070251464844,
            0.28992704315185547,
            0.27687096252441407,
            0.284775,
            0.2769740814208984,
            0.27164725494384767,
            0.26786312408447266,
            0.27293154296875,
            0.26711186981201174,
            0.27805011291503906,
            0.2840218963623047,
            0.2878654083251953,
            0.2869400848388672,
            0.2837575866699219,
            0.27528971405029296,
            0.2968181854248047,
            0.3050669189453125,
            0.29584141845703127,
            0.3114033905029297,
            0.3123707168579102,
            0.3258758972167969,
            0.3200279815673828,
            0.35613270568847655,
            0.33010467224121093,
            0.32655477294921875,
            0.3396772430419922,
            0.3274418243408203,
            0.35118272705078124
        ]
    }
}