{
    "desc": "Run 12 of hyperparameter search",
    "log_stdout": false,
    "params": {
        "alpha": 0.3,
        "batch_size": 128,
        "batch_size_eval": 1000,
        "learning_rate": 0.005,
        "momentum": 0.3,
        "num_epochs": 30,
        "num_passes": 2,
        "scaling_factor": 2
    },
    "stdout": "",
    "timestamp": "2019-02-03 22:44:48.170222",
    "values": {
        "noisy_test_acc": [
            42.00480769230769,
            39.64903846153846,
            40.27884615384615,
            40.0625,
            40.375,
            41.05288461538461,
            40.78846153846154,
            41.55288461538461,
            42.27403846153846,
            43.03846153846154,
            43.15865384615385,
            43.15865384615385,
            43.86538461538461,
            44.20192307692308,
            44.67788461538461,
            45.5625,
            46.06730769230769,
            45.94230769230769,
            46.15865384615385,
            46.125,
            46.96634615384615,
            47.6875,
            48.01923076923077,
            47.99038461538461,
            48.14423076923077,
            48.94711538461539,
            48.99038461538461,
            49.9375,
            50.00961538461539,
            50.54326923076923
        ],
        "noisy_test_loss": [
            2.1416370098407453,
            2.1488913198617787,
            2.1574513948880707,
            2.1700344291100135,
            2.160973255450909,
            2.1417539655245266,
            2.1432020040658806,
            2.085142775315505,
            2.065905350905198,
            2.0188906068068286,
            2.01147216796875,
            1.9957716076190655,
            1.966581406226525,
            1.939571005014273,
            1.9305869029118465,
            1.8839450924213117,
            1.8647412109375,
            1.860489038320688,
            1.8374773260263297,
            1.8351757020216721,
            1.8095804009070764,
            1.7873361264742338,
            1.769237204331618,
            1.7636155876746544,
            1.74372925391564,
            1.7195382220928486,
            1.7164073826716497,
            1.694442809178279,
            1.6771972245436448,
            1.654735480088454
        ],
        "test_acc": [
            62.875,
            68.26923076923077,
            71.4423076923077,
            74.17788461538461,
            76.29326923076923,
            77.91346153846153,
            79.48557692307692,
            80.58173076923077,
            81.61538461538461,
            82.46153846153847,
            83.1875,
            83.73076923076923,
            84.27884615384616,
            84.74038461538461,
            85.11538461538461,
            85.45192307692308,
            85.83173076923077,
            85.9951923076923,
            86.3701923076923,
            86.67307692307692,
            86.72115384615384,
            87.04326923076923,
            87.27884615384616,
            87.39423076923077,
            87.625,
            87.78846153846153,
            88.0,
            88.03846153846153,
            88.08653846153847,
            88.24038461538461
        ],
        "test_loss": [
            1.3735462570190429,
            1.119696496816782,
            0.9941168388953576,
            0.905225692162147,
            0.8304500961303711,
            0.768799991607666,
            0.7181421646705041,
            0.6761555715707632,
            0.639630722632775,
            0.6079993145282452,
            0.5828214630713829,
            0.5605962944030761,
            0.5411516849811261,
            0.5235595673781175,
            0.5083301441486066,
            0.49581433076124926,
            0.4829215695307805,
            0.47129303418673,
            0.4617116040449876,
            0.451652471102201,
            0.443893713584313,
            0.43600150108337404,
            0.4280010912968562,
            0.4214210781684289,
            0.4146430565760686,
            0.4092603147946871,
            0.4024742515270527,
            0.3967236621563251,
            0.3933335010822003,
            0.3890219336289626
        ],
        "val_acc": [
            62.12,
            67.7,
            71.23,
            73.69,
            75.93,
            77.57,
            78.99,
            80.17,
            81.18,
            81.92,
            82.65,
            83.13,
            83.82,
            84.35,
            84.81,
            84.97,
            85.46,
            85.92,
            85.99,
            86.37,
            86.68,
            86.89,
            86.96,
            87.44,
            87.5,
            87.54,
            87.79,
            87.91,
            87.97,
            88.19
        ],
        "val_loss": [
            1.378571484375,
            1.126287060546875,
            1.0004414428710937,
            0.9117076538085938,
            0.8370110290527344,
            0.775475244140625,
            0.7250763061523438,
            0.6831797546386719,
            0.64602529296875,
            0.6146755187988281,
            0.5893291625976562,
            0.5658884979248047,
            0.5460324096679687,
            0.5290537902832031,
            0.5132774139404297,
            0.50050234375,
            0.48650225524902346,
            0.47444638671875,
            0.4651731262207031,
            0.45437318420410155,
            0.4462565185546875,
            0.43849288024902344,
            0.43082059326171873,
            0.4229657745361328,
            0.4163769561767578,
            0.41072056274414065,
            0.4042492370605469,
            0.3981833770751953,
            0.3941913238525391,
            0.3897462921142578
        ]
    }
}