{
    "desc": "Run 13 of hyperparameter search",
    "log_stdout": false,
    "params": {
        "alpha": 0.3,
        "batch_size": 128,
        "batch_size_eval": 1000,
        "learning_rate": 0.005,
        "momentum": 0.5,
        "num_epochs": 30,
        "num_passes": 2,
        "scaling_factor": 2
    },
    "stdout": "",
    "timestamp": "2019-02-03 23:03:19.438132",
    "values": {
        "noisy_test_acc": [
            42.40865384615385,
            39.03365384615385,
            39.82211538461539,
            40.30288461538461,
            41.68269230769231,
            41.75961538461539,
            41.84615384615385,
            43.48076923076923,
            44.03846153846154,
            45.11538461538461,
            44.98557692307692,
            45.86538461538461,
            46.10576923076923,
            46.46153846153846,
            46.95673076923077,
            48.58653846153846,
            48.92788461538461,
            48.75480769230769,
            49.35096153846154,
            48.99038461538461,
            50.52884615384615,
            51.45192307692308,
            51.09615384615385,
            51.87019230769231,
            52.05288461538461,
            52.32692307692308,
            52.8125,
            52.83653846153846,
            54.28365384615385,
            54.50961538461539
        ],
        "noisy_test_loss": [
            2.0929073392427884,
            2.1854255470862753,
            2.173569570688101,
            2.146227678152231,
            2.1029380739652193,
            2.081209399883564,
            2.071405067443848,
            1.9983700180053712,
            1.968395514855018,
            1.9119363491351788,
            1.901452396099384,
            1.8849777104304386,
            1.8586428510225736,
            1.8291682668832632,
            1.8025539310161884,
            1.7617477534367487,
            1.7280358710655799,
            1.7410676662738507,
            1.7081391085111177,
            1.7232519604609562,
            1.6643828509404108,
            1.6299765689556416,
            1.6469740016643817,
            1.6095568700937124,
            1.5949144774216872,
            1.5935950235220102,
            1.5878550910949707,
            1.568823305276724,
            1.5157310309776892,
            1.5191921395521897
        ],
        "test_acc": [
            65.39423076923077,
            71.04807692307692,
            74.5625,
            77.24038461538461,
            79.28365384615384,
            81.11057692307692,
            82.3173076923077,
            83.2548076923077,
            83.96634615384616,
            84.71153846153847,
            85.26442307692308,
            85.64903846153847,
            86.02403846153847,
            86.54807692307692,
            86.82692307692308,
            87.11538461538461,
            87.3798076923077,
            87.5576923076923,
            87.84134615384616,
            88.05288461538461,
            88.20192307692308,
            88.3798076923077,
            88.57211538461539,
            88.76923076923077,
            88.96634615384616,
            89.04326923076923,
            89.26923076923077,
            89.3701923076923,
            89.38942307692308,
            89.4951923076923
        ],
        "test_loss": [
            1.2381355314988356,
            1.0181683290921726,
            0.8877704737736629,
            0.7940684435917781,
            0.7184513884324294,
            0.6601291392399714,
            0.6150834934528058,
            0.5800263845003568,
            0.5496338330782377,
            0.5234696769714355,
            0.503399228316087,
            0.48564080018263595,
            0.4699354179088886,
            0.4554887771606445,
            0.4436912536621094,
            0.43403492047236514,
            0.42343548994797925,
            0.4138806181687575,
            0.40650585101200987,
            0.39801547857431263,
            0.3920750148479755,
            0.3854591890481802,
            0.37901153491093564,
            0.37330485784090484,
            0.3679509397653433,
            0.3641063770881066,
            0.3581764235863319,
            0.3532543959984413,
            0.35107303546025204,
            0.3474706194950984
        ],
        "val_acc": [
            64.85,
            70.55,
            74.03,
            76.88,
            78.93,
            80.48,
            81.57,
            82.61,
            83.67,
            84.31,
            84.9,
            85.32,
            86.0,
            86.18,
            86.5,
            86.82,
            87.23,
            87.64,
            87.64,
            87.94,
            88.14,
            88.25,
            88.46,
            88.8,
            88.88,
            88.88,
            89.03,
            89.18,
            89.34,
            89.43
        ],
        "val_loss": [
            1.2442713012695312,
            1.024828192138672,
            0.8948182678222656,
            0.8012213317871094,
            0.7249644287109375,
            0.6667001281738282,
            0.6216451354980469,
            0.5860407287597657,
            0.55476904296875,
            0.5289434814453124,
            0.5088984130859375,
            0.48955142822265624,
            0.4735676330566406,
            0.4594032775878906,
            0.44663843688964844,
            0.43664691162109376,
            0.4253293212890625,
            0.41491074829101565,
            0.40832583618164064,
            0.39875018920898436,
            0.392674462890625,
            0.38632344970703125,
            0.3803640380859375,
            0.3732796173095703,
            0.36782509765625,
            0.36354572143554686,
            0.3584779083251953,
            0.35309387817382815,
            0.35052769775390624,
            0.3466539031982422
        ]
    }
}