{
    "desc": "Run 14 of hyperparameter search",
    "log_stdout": false,
    "params": {
        "alpha": 0.3,
        "batch_size": 128,
        "batch_size_eval": 1000,
        "learning_rate": 0.005,
        "momentum": 0.7,
        "num_epochs": 30,
        "num_passes": 2,
        "scaling_factor": 2
    },
    "stdout": "",
    "timestamp": "2019-02-03 23:21:49.911784",
    "values": {
        "noisy_test_acc": [
            40.55288461538461,
            39.72115384615385,
            41.03846153846154,
            41.89903846153846,
            44.07211538461539,
            44.48557692307692,
            45.14423076923077,
            46.64423076923077,
            47.25480769230769,
            48.90865384615385,
            49.46634615384615,
            49.88942307692308,
            50.68269230769231,
            51.01923076923077,
            52.32211538461539,
            53.39903846153846,
            54.23557692307692,
            53.53365384615385,
            54.0,
            54.00961538461539,
            56.09615384615385,
            56.62019230769231,
            56.38461538461539,
            57.10096153846154,
            57.54807692307692,
            57.4375,
            57.62980769230769,
            57.87019230769231,
            59.26923076923077,
            59.73557692307692
        ],
        "noisy_test_loss": [
            2.1207789729191706,
            2.199767285860502,
            2.1035919248140775,
            2.046506065955529,
            1.979650506239671,
            1.9351099923940804,
            1.9115359555757963,
            1.827312475351187,
            1.8039709003155049,
            1.7408254682100737,
            1.7031650528540978,
            1.6925398753239558,
            1.6529953237680288,
            1.634322131230281,
            1.597025489807129,
            1.5419253569382887,
            1.5105764961242676,
            1.534609552530142,
            1.5065782649700459,
            1.524652454669659,
            1.454176123692439,
            1.4232681450477014,
            1.4361528088496283,
            1.4069362977834847,
            1.3946891300494855,
            1.3924699988731972,
            1.397698367192195,
            1.3755211932842548,
            1.3413183623093825,
            1.3375423035254845
        ],
        "test_acc": [
            69.1201923076923,
            75.3798076923077,
            79.23557692307692,
            81.65865384615384,
            83.55288461538461,
            84.57211538461539,
            85.46634615384616,
            85.9951923076923,
            86.60096153846153,
            87.25961538461539,
            87.59134615384616,
            87.89423076923077,
            88.22115384615384,
            88.67307692307692,
            88.95192307692308,
            89.02403846153847,
            89.29807692307692,
            89.5673076923077,
            89.5,
            89.88942307692308,
            89.7548076923077,
            90.01923076923077,
            90.03846153846153,
            90.21153846153847,
            90.34615384615384,
            90.3076923076923,
            90.49038461538461,
            90.54326923076923,
            90.52884615384616,
            90.7548076923077
        ],
        "test_loss": [
            1.0763166867769682,
            0.8571108275193434,
            0.7189424881568321,
            0.633178154872014,
            0.5700213036170373,
            0.5250025910597581,
            0.4926914919339693,
            0.46846358225895807,
            0.4464217017247127,
            0.42751541651212255,
            0.413155706845797,
            0.4002968406677246,
            0.38896440726060133,
            0.37725773077744706,
            0.368979119520921,
            0.3632059977604793,
            0.3548481273651123,
            0.3473940291771522,
            0.342293795805711,
            0.3363088475740873,
            0.3325441844646747,
            0.32798234205979565,
            0.32310364209688625,
            0.3180134311089149,
            0.31485557556152344,
            0.3130091454432561,
            0.30810002913841833,
            0.3041133697216327,
            0.30292245094592757,
            0.300027500299307
        ],
        "val_acc": [
            68.8,
            75.02,
            78.83,
            81.28,
            82.93,
            84.44,
            85.11,
            85.75,
            86.38,
            86.97,
            87.48,
            88.08,
            88.34,
            88.45,
            88.64,
            89.01,
            89.05,
            89.41,
            89.42,
            89.79,
            89.76,
            89.77,
            90.13,
            90.21,
            90.27,
            90.42,
            90.5,
            90.54,
            90.64,
            90.65
        ],
        "val_loss": [
            1.0832377807617188,
            0.8644833374023437,
            0.7266199951171874,
            0.6400978515625,
            0.5750738220214844,
            0.5297349700927735,
            0.4967413787841797,
            0.4712547180175781,
            0.44843892822265624,
            0.42974815979003905,
            0.41582322387695314,
            0.40056203002929686,
            0.38937261657714844,
            0.37782550659179687,
            0.3684951263427734,
            0.36238301086425784,
            0.3539601043701172,
            0.34534188537597654,
            0.34227838134765626,
            0.33421103515625,
            0.33090057373046877,
            0.3263792053222656,
            0.32208846130371094,
            0.3160372619628906,
            0.31231113891601564,
            0.30952679443359377,
            0.30591239624023436,
            0.3018992462158203,
            0.30089257354736326,
            0.29721412048339846
        ]
    }
}