{
    "desc": "Run 15 of hyperparameter search",
    "log_stdout": false,
    "params": {
        "alpha": 0.3,
        "batch_size": 128,
        "batch_size_eval": 1000,
        "learning_rate": 0.01,
        "momentum": 0.3,
        "num_epochs": 30,
        "num_passes": 2,
        "scaling_factor": 2
    },
    "stdout": "",
    "timestamp": "2019-02-03 23:40:21.090185",
    "values": {
        "noisy_test_acc": [
            41.67788461538461,
            39.16826923076923,
            40.59615384615385,
            41.00961538461539,
            42.95192307692308,
            43.59615384615385,
            43.59134615384615,
            45.55288461538461,
            45.93269230769231,
            47.83173076923077,
            48.20192307692308,
            48.39903846153846,
            49.38461538461539,
            49.59615384615385,
            50.39903846153846,
            52.20673076923077,
            52.63942307692308,
            51.87019230769231,
            53.26442307692308,
            52.24519230769231,
            54.17307692307692,
            55.33173076923077,
            55.15384615384615,
            55.15865384615385,
            56.34134615384615,
            56.49519230769231,
            56.15384615384615,
            56.72596153846154,
            57.72596153846154,
            58.51923076923077
        ],
        "noisy_test_loss": [
            2.1055309178279,
            2.2041432277972883,
            2.133698037954477,
            2.0855457775409407,
            2.030422116793119,
            1.9865293620182918,
            1.971549072265625,
            1.8900370377760667,
            1.8520799020620493,
            1.7920198704646184,
            1.7547828556941105,
            1.7498214310866136,
            1.7084806060791016,
            1.6878891313993014,
            1.6589334458571214,
            1.608993722475492,
            1.5729691256009615,
            1.6040866206242488,
            1.5621778957660382,
            1.577047874744122,
            1.518310249035175,
            1.4854366082411545,
            1.491298873607929,
            1.473438284947322,
            1.4482599214407115,
            1.4424546095041129,
            1.4425503114553597,
            1.4275635264470028,
            1.391425311748798,
            1.380609789628249
        ],
        "test_acc": [
            68.1201923076923,
            74.1923076923077,
            77.90865384615384,
            80.6298076923077,
            82.375,
            83.6826923076923,
            84.64423076923077,
            85.2451923076923,
            85.92307692307692,
            86.63461538461539,
            86.99038461538461,
            87.36057692307692,
            87.61538461538461,
            88.08173076923077,
            88.4375,
            88.4375,
            88.8125,
            89.0576923076923,
            89.08173076923077,
            89.38942307692308,
            89.34615384615384,
            89.64903846153847,
            89.66346153846153,
            89.875,
            89.96153846153847,
            90.01923076923077,
            90.1923076923077,
            90.3125,
            90.11538461538461,
            90.41826923076923
        ],
        "test_loss": [
            1.121738659785344,
            0.9066520485511192,
            0.7686371979346642,
            0.6780559187669021,
            0.610669185931866,
            0.5612911840585562,
            0.5252176842322717,
            0.49807577279897836,
            0.4735494408240685,
            0.45282147847689114,
            0.4369743559910701,
            0.4230062983586238,
            0.4106719339810885,
            0.3979229795015775,
            0.38880982545705944,
            0.3820351277864896,
            0.3731736102470985,
            0.36503824013930103,
            0.359169555077186,
            0.352267673932589,
            0.34829399622403656,
            0.343051605958205,
            0.337739687699538,
            0.33273325259868913,
            0.32906890135544997,
            0.32640521709735576,
            0.32135016147906964,
            0.3170936474433312,
            0.31568205760075496,
            0.31292645197648267
        ],
        "val_acc": [
            67.48,
            73.6,
            77.45,
            80.07,
            81.81,
            83.17,
            84.1,
            85.05,
            85.73,
            86.26,
            86.67,
            87.22,
            87.64,
            87.9,
            88.06,
            88.45,
            88.53,
            88.92,
            89.0,
            89.43,
            89.33,
            89.38,
            89.67,
            89.87,
            89.92,
            90.08,
            90.09,
            90.13,
            90.22,
            90.18
        ],
        "val_loss": [
            1.1285287231445313,
            0.91384677734375,
            0.7764508972167968,
            0.6853108215332031,
            0.6162946228027344,
            0.5668129669189453,
            0.5301773345947266,
            0.5021188232421875,
            0.47646092529296874,
            0.45605057067871096,
            0.44043255004882814,
            0.4245347930908203,
            0.41199432373046874,
            0.39936422119140624,
            0.3893881134033203,
            0.38225545043945314,
            0.3728092956542969,
            0.36387711181640625,
            0.3595491149902344,
            0.3511426513671875,
            0.3473213134765625,
            0.3423262817382812,
            0.33739017639160157,
            0.33114991149902345,
            0.32698228759765624,
            0.32360679931640624,
            0.3199116424560547,
            0.31530126037597656,
            0.3140133514404297,
            0.31088538818359374
        ]
    }
}