{
    "desc": "Run 16 of hyperparameter search",
    "log_stdout": false,
    "params": {
        "alpha": 0.3,
        "batch_size": 128,
        "batch_size_eval": 1000,
        "learning_rate": 0.01,
        "momentum": 0.5,
        "num_epochs": 30,
        "num_passes": 2,
        "scaling_factor": 2
    },
    "stdout": "",
    "timestamp": "2019-02-03 23:58:55.158611",
    "values": {
        "noisy_test_acc": [
            40.74038461538461,
            39.86538461538461,
            42.34615384615385,
            42.26442307692308,
            44.82692307692308,
            45.67788461538461,
            46.69230769230769,
            47.86057692307692,
            48.86057692307692,
            50.81730769230769,
            50.77884615384615,
            51.57211538461539,
            52.98076923076923,
            52.54326923076923,
            54.68269230769231,
            55.35576923076923,
            55.5,
            55.21634615384615,
            56.59615384615385,
            55.94230769230769,
            58.17788461538461,
            58.79807692307692,
            58.30769230769231,
            59.08173076923077,
            59.57692307692308,
            59.03365384615385,
            59.13461538461539,
            59.45192307692308,
            60.37980769230769,
            60.75961538461539
        ],
        "noisy_test_loss": [
            2.1353802666297326,
            2.1801357239943284,
            2.0590275162916916,
            1.9984224114051232,
            1.9274372364924504,
            1.8792174412653997,
            1.8488354462843675,
            1.7620698723426231,
            1.7267163790189304,
            1.6468086946927585,
            1.6296687742379996,
            1.605004131610577,
            1.5571732168931227,
            1.564285624577449,
            1.5074266301668606,
            1.4653268095163199,
            1.4604015673123873,
            1.477435789841872,
            1.4385093527573805,
            1.4556385847238393,
            1.3782455869821402,
            1.3680068661616398,
            1.3829877750690167,
            1.3557372283935547,
            1.3417156424889198,
            1.3486963330782378,
            1.3533303833007813,
            1.344303952730619,
            1.3125767135620117,
            1.3184043444119966
        ],
        "test_acc": [
            70.46634615384616,
            76.9423076923077,
            80.9375,
            82.89903846153847,
            84.57692307692308,
            85.45673076923077,
            86.36538461538461,
            86.8076923076923,
            87.30288461538461,
            87.98076923076923,
            88.3076923076923,
            88.61538461538461,
            88.8701923076923,
            89.28846153846153,
            89.48076923076923,
            89.5576923076923,
            89.77403846153847,
            89.96153846153847,
            89.98557692307692,
            90.36538461538461,
            90.1923076923077,
            90.33173076923077,
            90.4951923076923,
            90.58173076923077,
            90.6201923076923,
            90.67307692307692,
            90.82692307692308,
            90.88461538461539,
            90.875,
            91.01442307692308
        ],
        "test_loss": [
            1.0207967816866361,
            0.7959902866070088,
            0.6613872263981746,
            0.5833828251178448,
            0.5269782433143029,
            0.4868786151592548,
            0.4586000295785757,
            0.4374930587181678,
            0.4170454142643855,
            0.3999874782562256,
            0.3869382799588717,
            0.37574536396906927,
            0.36613778334397534,
            0.35473907177264874,
            0.34762227865365836,
            0.3431008984492375,
            0.3353476891150841,
            0.32868253047649676,
            0.32366025044367863,
            0.31853845266195446,
            0.3158774911440336,
            0.3116314488190871,
            0.3070085848294772,
            0.30224578087146464,
            0.2998434910407433,
            0.2986336293587318,
            0.29400174911205584,
            0.29030946878286507,
            0.2897244446094219,
            0.2872211738733145
        ],
        "val_acc": [
            70.26,
            76.66,
            80.59,
            82.58,
            84.15,
            85.3,
            86.03,
            86.81,
            87.32,
            87.81,
            88.03,
            88.72,
            88.85,
            89.01,
            89.15,
            89.43,
            89.69,
            89.85,
            90.0,
            90.15,
            90.07,
            90.21,
            90.54,
            90.67,
            90.64,
            90.82,
            91.0,
            90.98,
            91.1,
            91.05
        ],
        "val_loss": [
            1.0276769348144532,
            0.8038976379394531,
            0.6691567810058594,
            0.5899450256347656,
            0.5310309692382813,
            0.4908391418457031,
            0.4614157531738281,
            0.43874475708007815,
            0.4180042724609375,
            0.4010570709228516,
            0.38886275024414063,
            0.3750921142578125,
            0.3656744384765625,
            0.35456582641601564,
            0.3468937042236328,
            0.3414687744140625,
            0.3336708984375,
            0.3262749145507812,
            0.323532177734375,
            0.31616254272460936,
            0.31410551147460936,
            0.30984172668457033,
            0.30655184478759767,
            0.3005229537963867,
            0.2977063659667969,
            0.2950667694091797,
            0.2919407440185547,
            0.28791837463378905,
            0.287561442565918,
            0.2845272399902344
        ]
    }
}