{
    "desc": "Run 17 of hyperparameter search",
    "log_stdout": false,
    "params": {
        "alpha": 0.3,
        "batch_size": 128,
        "batch_size_eval": 1000,
        "learning_rate": 0.01,
        "momentum": 0.7,
        "num_epochs": 30,
        "num_passes": 2,
        "scaling_factor": 2
    },
    "stdout": "",
    "timestamp": "2019-02-04 00:19:39.469154",
    "values": {
        "noisy_test_acc": [
            41.1875,
            41.41346153846154,
            44.91346153846154,
            45.94230769230769,
            48.90384615384615,
            50.32692307692308,
            51.30288461538461,
            53.0625,
            53.97115384615385,
            56.62980769230769,
            56.16826923076923,
            56.21634615384615,
            57.79326923076923,
            58.03365384615385,
            59.02884615384615,
            59.84134615384615,
            59.47596153846154,
            58.75961538461539,
            59.09615384615385,
            58.45192307692308,
            60.25,
            61.58173076923077,
            59.16826923076923,
            58.86538461538461,
            59.0,
            57.84134615384615,
            58.82211538461539,
            58.61057692307692,
            58.65865384615385,
            58.32211538461539
        ],
        "noisy_test_loss": [
            2.130901991037222,
            2.0861031840397763,
            1.9184076485267052,
            1.8342501038771408,
            1.7404823860755334,
            1.665382527571458,
            1.6386633110046387,
            1.5533826329157903,
            1.5173267203110914,
            1.439498267540565,
            1.430931534400353,
            1.4196566596397986,
            1.3770780020493727,
            1.3786691518930287,
            1.3339736439631535,
            1.3142144247201772,
            1.3253217168954703,
            1.3502914487398587,
            1.343842532818134,
            1.3586327464763934,
            1.3010729393592249,
            1.2774036070016714,
            1.365292722261869,
            1.3396025466918946,
            1.3559296270517203,
            1.389695912874662,
            1.3584505800100473,
            1.3779456578768217,
            1.3818183422088623,
            1.4054142922621506
        ],
        "test_acc": [
            75.38461538461539,
            81.21634615384616,
            84.4375,
            85.70192307692308,
            86.98557692307692,
            87.76923076923077,
            88.3125,
            88.6826923076923,
            89.32211538461539,
            89.60096153846153,
            89.875,
            90.02884615384616,
            90.07211538461539,
            90.29326923076923,
            90.73557692307692,
            90.5625,
            90.8173076923077,
            90.92307692307692,
            91.0673076923077,
            91.16346153846153,
            91.15865384615384,
            91.3076923076923,
            91.34134615384616,
            91.50961538461539,
            91.36057692307692,
            91.3125,
            91.6201923076923,
            91.65384615384616,
            91.64423076923077,
            91.66346153846153
        ],
        "test_loss": [
            0.8613826487614559,
            0.6379287543663612,
            0.5297179163419283,
            0.47468855931208687,
            0.4304924568763146,
            0.4019784355163574,
            0.3826291847229004,
            0.3682837640322172,
            0.35163941016564004,
            0.3398291110992432,
            0.33062334060668946,
            0.32182735663193923,
            0.3156083745222825,
            0.3068465320880596,
            0.30161451193002553,
            0.29977002143859866,
            0.2944756790307852,
            0.2902032995223999,
            0.28465802302727333,
            0.2822811764937181,
            0.2809342354994554,
            0.27821865668663615,
            0.2754216920412504,
            0.27183770950023944,
            0.2710056264583881,
            0.2710344516313993,
            0.2669078295047467,
            0.2637897777557373,
            0.2653120481050931,
            0.26306896136357233
        ],
        "val_acc": [
            74.56,
            80.72,
            84.0,
            85.52,
            86.95,
            87.87,
            88.24,
            88.79,
            89.11,
            89.52,
            89.74,
            90.26,
            90.25,
            90.5,
            90.74,
            90.87,
            90.93,
            91.22,
            91.14,
            91.35,
            91.39,
            91.19,
            91.4,
            91.56,
            91.5,
            91.78,
            91.75,
            91.81,
            91.91,
            91.81
        ],
        "val_loss": [
            0.8701243896484375,
            0.6460782897949219,
            0.5361781372070312,
            0.47880316467285156,
            0.4318807586669922,
            0.4036744689941406,
            0.38273330688476564,
            0.36594060974121095,
            0.35077955627441404,
            0.3383568572998047,
            0.32991597290039065,
            0.31902930908203125,
            0.3132528411865234,
            0.30505654296875,
            0.2988640380859375,
            0.2955183776855469,
            0.2906594619750977,
            0.28554148559570314,
            0.2830825454711914,
            0.2781908340454102,
            0.27672183685302737,
            0.2738661437988281,
            0.2738461090087891,
            0.26865645599365234,
            0.26811876678466795,
            0.2667648910522461,
            0.2635183074951172,
            0.2606022796630859,
            0.26204801635742186,
            0.2604295166015625
        ]
    }
}