{
    "desc": "Run 18 of hyperparameter search",
    "log_stdout": false,
    "params": {
        "alpha": 0.3,
        "batch_size": 128,
        "batch_size_eval": 1000,
        "learning_rate": 0.02,
        "momentum": 0.3,
        "num_epochs": 30,
        "num_passes": 2,
        "scaling_factor": 2
    },
    "stdout": "",
    "timestamp": "2019-02-04 00:38:28.353875",
    "values": {
        "noisy_test_acc": [
            41.19230769230769,
            41.17307692307692,
            43.75961538461539,
            44.54807692307692,
            47.32211538461539,
            48.60576923076923,
            49.45192307692308,
            51.54326923076923,
            52.04326923076923,
            54.38942307692308,
            54.89423076923077,
            55.44230769230769,
            56.50480769230769,
            56.51442307692308,
            57.76442307692308,
            58.95673076923077,
            58.90865384615385,
            58.15865384615385,
            58.875,
            57.97596153846154,
            59.8125,
            60.88942307692308,
            59.76923076923077,
            59.50961538461539,
            59.79807692307692,
            58.94711538461539,
            59.25,
            58.58653846153846,
            59.60096153846154,
            59.47115384615385
        ],
        "noisy_test_loss": [
            2.1341600564809946,
            2.127425595797025,
            1.967249262883113,
            1.880164410517766,
            1.8078163381723258,
            1.7367853458111102,
            1.7031193645183857,
            1.6173853830190805,
            1.5927877836961013,
            1.513479800591102,
            1.4833130939190204,
            1.4703882276094877,
            1.4265808486938476,
            1.4272541765066293,
            1.3805753326416015,
            1.3475268129202036,
            1.3551087276752178,
            1.3656575643099271,
            1.3483072119492752,
            1.3741151927067683,
            1.3124208010160006,
            1.2814484845674954,
            1.3384366328899677,
            1.3168602004418006,
            1.3225624128488394,
            1.3650498999082126,
            1.3472111789996808,
            1.3666410842308632,
            1.3423720425825854,
            1.3499582055898813
        ],
        "test_acc": [
            73.8798076923077,
            80.22596153846153,
            83.53846153846153,
            85.19711538461539,
            86.34134615384616,
            87.14903846153847,
            87.86057692307692,
            88.1875,
            88.89903846153847,
            89.21634615384616,
            89.53846153846153,
            89.67788461538461,
            89.72596153846153,
            90.0625,
            90.39423076923077,
            90.32211538461539,
            90.52403846153847,
            90.69711538461539,
            90.84615384615384,
            90.96153846153847,
            90.91826923076923,
            91.03365384615384,
            91.14903846153847,
            91.3076923076923,
            91.19711538461539,
            91.13461538461539,
            91.42788461538461,
            91.51442307692308,
            91.4423076923077,
            91.51442307692308
        ],
        "test_loss": [
            0.9100290767963116,
            0.6815941370450533,
            0.5645025091904861,
            0.5021397708012507,
            0.4565273879124568,
            0.4246819320091834,
            0.4022825021010179,
            0.3865918269524207,
            0.36826807022094726,
            0.3556103420257568,
            0.3447231850257287,
            0.33563787827124963,
            0.3286664522611178,
            0.3181630171262301,
            0.31331892453707183,
            0.31064121393057015,
            0.30454104276803823,
            0.2994988019649799,
            0.2946728460605328,
            0.29126717750842757,
            0.2896544856291551,
            0.2870380951808049,
            0.2829350662231445,
            0.27895200912769025,
            0.2777432027229896,
            0.27767290115356447,
            0.27351179086245025,
            0.26996124561016377,
            0.2704449070416964,
            0.26947839150061975
        ],
        "val_acc": [
            73.2,
            79.64,
            83.14,
            84.96,
            86.07,
            87.18,
            87.87,
            88.44,
            88.84,
            89.03,
            89.36,
            89.74,
            89.75,
            90.14,
            90.18,
            90.35,
            90.59,
            90.8,
            90.8,
            91.09,
            91.1,
            90.87,
            91.23,
            91.34,
            91.36,
            91.42,
            91.39,
            91.61,
            91.57,
            91.52
        ],
        "val_loss": [
            0.9179745971679687,
            0.6898263305664063,
            0.5717083068847656,
            0.5070610961914063,
            0.45867894897460937,
            0.4272862365722656,
            0.40279710998535156,
            0.3847687713623047,
            0.3676494140625,
            0.3547114990234375,
            0.34491612548828127,
            0.33356814575195315,
            0.32689674987792966,
            0.3173472198486328,
            0.31147283325195313,
            0.3072032470703125,
            0.30146595458984377,
            0.2961351745605469,
            0.2935441314697266,
            0.2878450973510742,
            0.28613231201171874,
            0.2837685287475586,
            0.2821359176635742,
            0.27641333923339845,
            0.27508359832763674,
            0.27356949462890623,
            0.2707489730834961,
            0.2674475692749023,
            0.26728543395996096,
            0.26647015380859373
        ]
    }
}