{
    "desc": "Run 19 of hyperparameter search",
    "log_stdout": false,
    "params": {
        "alpha": 0.3,
        "batch_size": 128,
        "batch_size_eval": 1000,
        "learning_rate": 0.02,
        "momentum": 0.5,
        "num_epochs": 30,
        "num_passes": 2,
        "scaling_factor": 2
    },
    "stdout": "",
    "timestamp": "2019-02-04 00:56:58.882854",
    "values": {
        "noisy_test_acc": [
            41.93269230769231,
            42.46153846153846,
            46.58173076923077,
            47.28846153846154,
            50.30288461538461,
            52.13461538461539,
            53.26442307692308,
            54.90865384615385,
            55.39423076923077,
            58.51442307692308,
            58.23076923076923,
            57.71153846153846,
            59.43269230769231,
            58.3125,
            60.43269230769231,
            59.94230769230769,
            59.35096153846154,
            58.78846153846154,
            57.91826923076923,
            59.02403846153846,
            59.28365384615385,
            59.66346153846154,
            57.71153846153846,
            58.36538461538461,
            58.4375,
            56.76923076923077,
            56.75,
            56.24519230769231,
            56.61057692307692,
            55.88461538461539
        ],
        "noisy_test_loss": [
            2.105050852848933,
            2.0384129979060246,
            1.844620337853065,
            1.761817477299617,
            1.6675515908461351,
            1.591144583775447,
            1.552117233276367,
            1.47714721092811,
            1.4625135054955116,
            1.3676328013493464,
            1.367643819955679,
            1.3736833851154033,
            1.3286354901240423,
            1.350923321063702,
            1.2997878177349385,
            1.3000468254089355,
            1.3234553586519682,
            1.338946418762207,
            1.3702438603914702,
            1.3525827283125658,
            1.3376523443368764,
            1.3326265701880822,
            1.4237398749131422,
            1.387698475764348,
            1.395986763880803,
            1.4641719231238732,
            1.4536715008662298,
            1.485647258758545,
            1.4999599097325251,
            1.5366337321354793
        ],
        "test_acc": [
            76.88942307692308,
            82.5,
            85.41826923076923,
            86.55288461538461,
            87.6923076923077,
            88.32211538461539,
            88.96634615384616,
            89.23076923076923,
            89.83173076923077,
            90.07211538461539,
            90.14423076923077,
            90.26442307692308,
            90.45673076923077,
            90.6923076923077,
            91.0576923076923,
            90.84615384615384,
            91.03846153846153,
            91.22115384615384,
            91.35576923076923,
            91.42788461538461,
            91.41346153846153,
            91.48076923076923,
            91.53846153846153,
            91.63461538461539,
            91.54807692307692,
            91.5625,
            91.8173076923077,
            91.79807692307692,
            91.76923076923077,
            91.92307692307692
        ],
        "test_loss": [
            0.801164006453294,
            0.5888048039949857,
            0.49225851645836466,
            0.4422287082672119,
            0.4035837672306941,
            0.3781170001396766,
            0.36059998805706317,
            0.34901872708247256,
            0.3322683598445012,
            0.3231109303694505,
            0.31438148498535157,
            0.30663757617657,
            0.3019501121227558,
            0.29365960634671723,
            0.2897780025922335,
            0.2880652556052575,
            0.2835439131810115,
            0.2793473504139827,
            0.27435736399430494,
            0.27311247972341685,
            0.2715599089402419,
            0.27136411776909464,
            0.26699606308570273,
            0.26521044217623196,
            0.26551596128023586,
            0.2657898891889132,
            0.2618976923135611,
            0.2598682895073524,
            0.26139558425316445,
            0.2597216063279372
        ],
        "val_acc": [
            76.24,
            82.08,
            85.12,
            86.64,
            87.81,
            88.6,
            88.79,
            89.4,
            89.78,
            90.08,
            90.22,
            90.68,
            90.48,
            90.82,
            91.01,
            91.14,
            91.33,
            91.39,
            91.54,
            91.67,
            91.62,
            91.36,
            91.76,
            91.83,
            91.74,
            91.9,
            92.06,
            91.98,
            92.07,
            92.09
        ],
        "val_loss": [
            0.8104819763183594,
            0.5967300109863282,
            0.49783681945800784,
            0.4450157348632813,
            0.40342100830078126,
            0.3787845275878906,
            0.3592749053955078,
            0.3454110107421875,
            0.3310591781616211,
            0.32050830078125,
            0.3126015228271484,
            0.30320306396484376,
            0.2993947769165039,
            0.291332421875,
            0.28567825469970703,
            0.28207789459228516,
            0.2785824508666992,
            0.2751218154907227,
            0.271550862121582,
            0.26935550384521484,
            0.26747466888427734,
            0.26646431884765626,
            0.265642463684082,
            0.2624252258300781,
            0.26233815155029294,
            0.2621776901245117,
            0.25802169342041015,
            0.2564933639526367,
            0.2575732147216797,
            0.256382633972168
        ]
    }
}