{
    "desc": "Run 2 of hyperparameter search",
    "log_stdout": false,
    "params": {
        "alpha": 0.3,
        "batch_size": 64,
        "batch_size_eval": 1000,
        "learning_rate": 0.005,
        "momentum": 0.7,
        "num_epochs": 30,
        "num_passes": 2,
        "scaling_factor": 2
    },
    "stdout": "",
    "timestamp": "2019-02-03 19:05:56.703946",
    "values": {
        "noisy_test_acc": [
            40.98557692307692,
            43.00480769230769,
            45.53365384615385,
            46.63461538461539,
            49.08653846153846,
            48.54807692307692,
            51.35576923076923,
            51.69230769230769,
            53.6875,
            55.9375,
            54.37019230769231,
            55.48076923076923,
            57.39423076923077,
            57.73557692307692,
            59.42307692307692,
            58.65865384615385,
            59.42788461538461,
            59.94230769230769,
            59.22596153846154,
            60.38942307692308,
            60.33173076923077,
            59.79326923076923,
            60.14903846153846,
            60.15384615384615,
            58.82211538461539,
            58.83653846153846,
            59.07211538461539,
            58.68269230769231,
            57.625,
            57.58173076923077
        ],
        "noisy_test_loss": [
            2.1387317862877477,
            2.0506633024949292,
            1.8911358378483698,
            1.841122926565317,
            1.728250485933744,
            1.7306787300109863,
            1.6269819039564866,
            1.6154383571331317,
            1.537342191842886,
            1.4625967245835525,
            1.497628489274245,
            1.4712383226247934,
            1.4041914220956655,
            1.3852898759108323,
            1.3390378189086913,
            1.3667769285348745,
            1.3252658755962665,
            1.3119255740825946,
            1.341154367006742,
            1.3115082696767955,
            1.3191536492567797,
            1.3332221647409292,
            1.3317462723071758,
            1.3129116623218242,
            1.3902696631504938,
            1.3769169183877799,
            1.3849924043508677,
            1.3867005252838134,
            1.3988532946659968,
            1.4537224886967586
        ],
        "test_acc": [
            75.39423076923077,
            81.5,
            84.35096153846153,
            85.90865384615384,
            87.09615384615384,
            87.625,
            88.5673076923077,
            88.6923076923077,
            89.35096153846153,
            89.52884615384616,
            89.64903846153847,
            90.13461538461539,
            90.32692307692308,
            90.33173076923077,
            90.5673076923077,
            90.69711538461539,
            90.78365384615384,
            90.85576923076923,
            90.91826923076923,
            91.02884615384616,
            91.22596153846153,
            91.38461538461539,
            91.28365384615384,
            91.4326923076923,
            91.50961538461539,
            91.5,
            91.59134615384616,
            91.59615384615384,
            91.66826923076923,
            91.71634615384616
        ],
        "test_loss": [
            0.8616605670635517,
            0.6349566224905161,
            0.530835104722243,
            0.4717448036487286,
            0.43032455884493315,
            0.402736303622906,
            0.3808870579646184,
            0.36572067260742186,
            0.3494328755598802,
            0.3396535081129808,
            0.3301649937262902,
            0.3193119371854342,
            0.31280301424173207,
            0.3105142270601713,
            0.30334323736337515,
            0.2969140647007869,
            0.2935356514270489,
            0.2894253760117751,
            0.28442176928887003,
            0.28349132501162017,
            0.27995108677790714,
            0.27650575967935415,
            0.27657030765826884,
            0.27342735363886905,
            0.2724086167262151,
            0.269308480482835,
            0.2683355925633357,
            0.26536368956932654,
            0.26531181555527905,
            0.2637511095633874
        ],
        "val_acc": [
            74.62,
            81.13,
            83.93,
            85.74,
            86.94,
            87.85,
            88.21,
            88.74,
            89.25,
            89.54,
            89.78,
            89.94,
            90.51,
            90.66,
            90.91,
            90.88,
            91.08,
            91.04,
            91.36,
            91.29,
            91.53,
            91.51,
            91.44,
            91.65,
            91.48,
            91.79,
            91.6,
            91.98,
            91.78,
            92.06
        ],
        "val_loss": [
            0.8708007202148438,
            0.6432327880859375,
            0.5369818664550782,
            0.47709296875,
            0.4340558319091797,
            0.4039246948242188,
            0.3837526123046875,
            0.36691633911132815,
            0.34820528259277345,
            0.3380484191894531,
            0.3278627227783203,
            0.31871773376464846,
            0.3107034881591797,
            0.30769365234375,
            0.2989684631347656,
            0.2960700164794922,
            0.29051004333496094,
            0.2865779815673828,
            0.2818903182983398,
            0.2814170867919922,
            0.2780107131958008,
            0.2747664154052734,
            0.2725219146728516,
            0.2699287414550781,
            0.27138956451416013,
            0.2651104507446289,
            0.2652195617675781,
            0.26161688690185547,
            0.26208609771728514,
            0.257093505859375
        ]
    }
}