{
    "desc": "Run 20 of hyperparameter search",
    "log_stdout": false,
    "params": {
        "alpha": 0.3,
        "batch_size": 128,
        "batch_size_eval": 1000,
        "learning_rate": 0.02,
        "momentum": 0.7,
        "num_epochs": 30,
        "num_passes": 2,
        "scaling_factor": 2
    },
    "stdout": "",
    "timestamp": "2019-02-04 01:17:35.480196",
    "values": {
        "noisy_test_acc": [
            44.92307692307692,
            46.19230769230769,
            51.33173076923077,
            52.09615384615385,
            55.77884615384615,
            57.41346153846154,
            59.49519230769231,
            59.51442307692308,
            60.19230769230769,
            62.28846153846154,
            60.62980769230769,
            59.5,
            61.02884615384615,
            60.36538461538461,
            59.88461538461539,
            59.72115384615385,
            58.84615384615385,
            58.95192307692308,
            56.95192307692308,
            57.64903846153846,
            57.53846153846154,
            56.67307692307692,
            54.49038461538461,
            55.51923076923077,
            55.39903846153846,
            51.44230769230769,
            53.05288461538461,
            52.71153846153846,
            51.74519230769231,
            50.39903846153846
        ],
        "noisy_test_loss": [
            1.9709086931668796,
            1.862208715585562,
            1.6375209309504581,
            1.5526190992502067,
            1.4564410209655763,
            1.3817072662940393,
            1.322344432243934,
            1.3101678906954253,
            1.2859940206087552,
            1.231528107569768,
            1.2853264353825495,
            1.3271015181908241,
            1.2877850914001465,
            1.3061370071998009,
            1.3188528794508714,
            1.337704287308913,
            1.3878765854468713,
            1.3781831037081205,
            1.4617018919724685,
            1.4660025391211877,
            1.4693393809978779,
            1.548203503535344,
            1.671980925339919,
            1.5989651914743277,
            1.6552865923368014,
            1.8666695492084209,
            1.8163659183795635,
            1.8382230582604042,
            1.9896331948500414,
            2.045384339552659
        ],
        "test_acc": [
            81.00961538461539,
            85.11538461538461,
            87.47596153846153,
            88.38942307692308,
            89.3173076923077,
            89.85576923076923,
            90.03846153846153,
            90.3076923076923,
            90.6923076923077,
            91.09615384615384,
            91.1298076923077,
            91.14423076923077,
            91.21634615384616,
            91.47115384615384,
            91.64903846153847,
            91.59134615384616,
            91.6826923076923,
            91.8076923076923,
            91.76442307692308,
            91.86057692307692,
            92.0,
            91.85576923076923,
            92.0673076923077,
            92.125,
            92.0625,
            91.9951923076923,
            92.21634615384616,
            92.14423076923077,
            92.15865384615384,
            92.03365384615384
        ],
        "test_loss": [
            0.6472863505436824,
            0.48458706562335674,
            0.4106634000631479,
            0.37639696488013635,
            0.34497950113736664,
            0.3261299954927885,
            0.3173586361224835,
            0.30780219921698937,
            0.29336590436788706,
            0.2898335863993718,
            0.2836547484764686,
            0.2758966743029081,
            0.27489660373100866,
            0.26932989267202523,
            0.2654207435021034,
            0.2646570997971755,
            0.26543152552384597,
            0.26091724909268893,
            0.2566057036473201,
            0.2602833469097431,
            0.25829417118659387,
            0.26314864598787746,
            0.2580210641714243,
            0.25577903013962966,
            0.259178875042842,
            0.26256739396315354,
            0.25797290105086107,
            0.2584641584983239,
            0.2647098897053645,
            0.26208346917079045
        ],
        "val_acc": [
            80.56,
            85.0,
            87.45,
            88.41,
            89.66,
            89.82,
            90.04,
            90.38,
            90.89,
            91.1,
            91.12,
            91.72,
            91.07,
            91.59,
            91.74,
            91.91,
            91.83,
            91.9,
            92.1,
            91.9,
            91.98,
            91.84,
            92.02,
            92.1,
            91.95,
            91.99,
            92.36,
            92.19,
            92.13,
            92.12
        ],
        "val_loss": [
            0.6573632690429687,
            0.4892416717529297,
            0.41194957580566405,
            0.37646332397460935,
            0.3420160186767578,
            0.32769994506835937,
            0.3151390289306641,
            0.30408614196777345,
            0.2932519287109375,
            0.2875088928222656,
            0.2818151641845703,
            0.2727807113647461,
            0.27379504547119143,
            0.2682304443359375,
            0.26301436004638673,
            0.2605757751464844,
            0.26090350189208983,
            0.2574206466674805,
            0.2554046401977539,
            0.25725011138916015,
            0.25465462036132813,
            0.25931895141601563,
            0.25861458587646485,
            0.25418280181884767,
            0.2560083114624023,
            0.26068285827636717,
            0.25420806732177736,
            0.2545166961669922,
            0.2600263763427734,
            0.26376544342041014
        ]
    }
}