{
    "desc": "Run 21 of hyperparameter search",
    "log_stdout": false,
    "params": {
        "alpha": 0.3,
        "batch_size": 128,
        "batch_size_eval": 1000,
        "learning_rate": 0.04,
        "momentum": 0.3,
        "num_epochs": 30,
        "num_passes": 2,
        "scaling_factor": 2
    },
    "stdout": "",
    "timestamp": "2019-02-04 01:38:29.776214",
    "values": {
        "noisy_test_acc": [
            43.875,
            44.16346153846154,
            50.19711538461539,
            51.14423076923077,
            55.11538461538461,
            57.39903846153846,
            58.27884615384615,
            59.32211538461539,
            60.26442307692308,
            62.14423076923077,
            60.82211538461539,
            59.99038461538461,
            61.35096153846154,
            60.16826923076923,
            60.70673076923077,
            60.32211538461539,
            59.89903846153846,
            59.24519230769231,
            57.34615384615385,
            58.6875,
            58.65384615384615,
            58.07211538461539,
            56.28365384615385,
            56.58173076923077,
            56.27884615384615,
            54.17788461538461,
            53.93269230769231,
            54.50480769230769,
            53.59615384615385,
            51.46153846153846
        ],
        "noisy_test_loss": [
            2.0065751735980695,
            1.9369663209181565,
            1.6944453899676983,
            1.6059771288358249,
            1.4817701779879056,
            1.4099216299790602,
            1.368193840613732,
            1.34334323149461,
            1.2996646235539362,
            1.247471407376803,
            1.2715306619497446,
            1.3123728722792405,
            1.2828326474703275,
            1.3042035660376916,
            1.2910266788189229,
            1.3055742799318755,
            1.345432369525616,
            1.3485552905156062,
            1.4298264180696927,
            1.4025800543565017,
            1.418687170468844,
            1.4490511483412523,
            1.560172028174767,
            1.5152108705960787,
            1.5542702043973482,
            1.6637799864548903,
            1.678787348820613,
            1.6774222124539888,
            1.743230524796706,
            1.8697133210989145
        ],
        "test_acc": [
            79.9423076923077,
            84.625,
            86.92788461538461,
            87.9326923076923,
            88.82692307692308,
            89.5,
            89.70192307692308,
            90.08653846153847,
            90.41346153846153,
            90.75961538461539,
            90.91346153846153,
            91.03365384615384,
            91.04807692307692,
            91.20673076923077,
            91.47115384615384,
            91.42307692307692,
            91.49038461538461,
            91.5625,
            91.64423076923077,
            91.8798076923077,
            91.70192307692308,
            91.66346153846153,
            91.92307692307692,
            91.94711538461539,
            91.85576923076923,
            91.85576923076923,
            92.09615384615384,
            92.04326923076923,
            92.09615384615384,
            92.10096153846153
        ],
        "test_loss": [
            0.6896283223078801,
            0.510531149644118,
            0.4320243204556979,
            0.3919730252486009,
            0.36065735963674694,
            0.340422718341534,
            0.3288869857788086,
            0.3198856955308181,
            0.3033123522538405,
            0.2991356746967022,
            0.2911724835175734,
            0.28316102541410004,
            0.28129008219792295,
            0.2754154608799861,
            0.2718482472346379,
            0.2699410944718581,
            0.26996327730325553,
            0.2650850802201491,
            0.26031502540294943,
            0.26217507142287033,
            0.261312145453233,
            0.26369912440960225,
            0.2579663999264057,
            0.2589436021217933,
            0.2595789667276236,
            0.2631752230570866,
            0.2595295517261212,
            0.25676953829251803,
            0.25906960377326377,
            0.2600371668888972
        ],
        "val_acc": [
            79.23,
            84.12,
            86.89,
            87.99,
            89.08,
            89.5,
            89.85,
            90.27,
            90.61,
            90.91,
            90.9,
            91.38,
            91.0,
            91.49,
            91.55,
            91.79,
            91.76,
            91.69,
            92.0,
            91.96,
            91.8,
            91.76,
            92.12,
            91.94,
            91.95,
            91.95,
            92.13,
            92.15,
            92.07,
            92.35
        ],
        "val_loss": [
            0.6993725219726562,
            0.5170329620361328,
            0.4352838775634766,
            0.39287855529785154,
            0.3583420379638672,
            0.3408423980712891,
            0.3253223419189453,
            0.3151401550292969,
            0.30159457397460937,
            0.29586871643066404,
            0.2880649185180664,
            0.27958320922851565,
            0.2800638153076172,
            0.27342117309570313,
            0.26848350677490235,
            0.26413542785644534,
            0.26434190826416015,
            0.26153336181640624,
            0.2574483947753906,
            0.2595728485107422,
            0.2576111328125,
            0.2594580291748047,
            0.2574978073120117,
            0.2569861633300781,
            0.25706106567382814,
            0.25903397216796875,
            0.25477221832275393,
            0.2528463806152344,
            0.255775927734375,
            0.2556153167724609
        ]
    }
}