{
    "desc": "Run 22 of hyperparameter search",
    "log_stdout": false,
    "params": {
        "alpha": 0.3,
        "batch_size": 128,
        "batch_size_eval": 1000,
        "learning_rate": 0.04,
        "momentum": 0.5,
        "num_epochs": 30,
        "num_passes": 2,
        "scaling_factor": 2
    },
    "stdout": "",
    "timestamp": "2019-02-04 01:57:16.688039",
    "values": {
        "noisy_test_acc": [
            46.50480769230769,
            47.64423076923077,
            53.3125,
            54.24038461538461,
            57.99519230769231,
            58.99038461538461,
            60.22596153846154,
            60.21634615384615,
            61.57211538461539,
            62.55288461538461,
            60.10576923076923,
            59.73076923076923,
            60.37980769230769,
            58.99519230769231,
            59.125,
            57.85576923076923,
            57.97596153846154,
            57.62980769230769,
            55.03365384615385,
            55.77884615384615,
            54.70192307692308,
            54.36057692307692,
            53.28846153846154,
            53.75,
            53.42307692307692,
            50.07211538461539,
            51.78846153846154,
            50.11538461538461,
            50.34615384615385,
            48.18269230769231
        ],
        "noisy_test_loss": [
            1.9079914415799655,
            1.7872931348360501,
            1.5650312614440918,
            1.4910246071448694,
            1.383490339425894,
            1.3400236291151781,
            1.2888352555495042,
            1.29139586522029,
            1.2498446743304912,
            1.2332678149296687,
            1.3062778560931867,
            1.3183446429325985,
            1.311302679502047,
            1.3693340932405913,
            1.3559585336538462,
            1.4272142204871545,
            1.446004346700815,
            1.4403229449345516,
            1.5751768258901744,
            1.6067471401508038,
            1.6252670948322003,
            1.708154066525973,
            1.784875076000507,
            1.7436689420846792,
            1.826229947897104,
            2.066949524512658,
            1.9791878157395584,
            2.139452477968656,
            2.187895427116981,
            2.337486688173734
        ],
        "test_acc": [
            82.10096153846153,
            86.08653846153847,
            88.1298076923077,
            88.91826923076923,
            89.77403846153847,
            90.14903846153847,
            90.52403846153847,
            90.59134615384616,
            91.1201923076923,
            91.34134615384616,
            91.36057692307692,
            91.52403846153847,
            91.5048076923077,
            91.59615384615384,
            91.88461538461539,
            91.82692307692308,
            91.875,
            91.89423076923077,
            92.0048076923077,
            92.00961538461539,
            92.0625,
            91.9423076923077,
            92.1923076923077,
            92.11057692307692,
            92.28846153846153,
            92.0673076923077,
            92.27884615384616,
            92.28365384615384,
            92.1923076923077,
            92.26442307692308
        ],
        "test_loss": [
            0.6009409611041729,
            0.4539152255425086,
            0.388066065128033,
            0.3565101036658654,
            0.32898890275221604,
            0.31201686418973484,
            0.3025630576793964,
            0.2958912214866051,
            0.28105611360990085,
            0.28030114870805006,
            0.2754179914181049,
            0.2677870126870962,
            0.26625652643350456,
            0.26360363923586333,
            0.2607818896953876,
            0.2580625343322754,
            0.2604576701384324,
            0.2574916667204637,
            0.2537956898029034,
            0.2637506859119122,
            0.2585979043520414,
            0.2654431717212384,
            0.25553851219323964,
            0.2618976328923152,
            0.26384921330672045,
            0.26632959806002104,
            0.26409696432260366,
            0.26321289209219123,
            0.27087338557610147,
            0.2677293726114126
        ],
        "val_acc": [
            81.63,
            85.89,
            88.03,
            88.97,
            90.0,
            90.25,
            90.55,
            90.81,
            91.16,
            91.27,
            91.43,
            91.62,
            91.28,
            91.78,
            91.73,
            92.13,
            91.93,
            91.94,
            92.2,
            92.15,
            92.19,
            91.66,
            92.15,
            92.16,
            92.21,
            91.9,
            92.28,
            92.21,
            92.38,
            92.27
        ],
        "val_loss": [
            0.6103568176269532,
            0.4576308776855469,
            0.3886531555175781,
            0.354922412109375,
            0.32544586791992186,
            0.31348379821777345,
            0.30118516845703125,
            0.2928562805175781,
            0.2818651062011719,
            0.27916736145019533,
            0.2736528854370117,
            0.2669397094726563,
            0.265489013671875,
            0.26288017578125,
            0.25776741485595706,
            0.25422186889648435,
            0.25657315368652345,
            0.2543583236694336,
            0.25305060729980466,
            0.2572888137817383,
            0.2525705368041992,
            0.2617533172607422,
            0.2552091003417969,
            0.258848991394043,
            0.25940664978027345,
            0.2616196029663086,
            0.25556144714355467,
            0.2569783737182617,
            0.2606947113037109,
            0.2627072067260742
        ]
    }
}