{
    "desc": "Run 23 of hyperparameter search",
    "log_stdout": false,
    "params": {
        "alpha": 0.3,
        "batch_size": 128,
        "batch_size_eval": 1000,
        "learning_rate": 0.04,
        "momentum": 0.7,
        "num_epochs": 30,
        "num_passes": 2,
        "scaling_factor": 2
    },
    "stdout": "",
    "timestamp": "2019-02-04 02:15:46.220123",
    "values": {
        "noisy_test_acc": [
            50.28365384615385,
            54.46634615384615,
            58.52884615384615,
            60.05288461538461,
            60.14903846153846,
            60.21634615384615,
            62.00480769230769,
            60.375,
            61.68269230769231,
            58.74519230769231,
            57.98557692307692,
            58.36057692307692,
            57.78846153846154,
            55.03846153846154,
            53.39903846153846,
            50.62019230769231,
            52.85576923076923,
            52.55769230769231,
            50.97115384615385,
            47.91826923076923,
            49.50480769230769,
            45.74519230769231,
            44.37980769230769,
            48.98557692307692,
            45.79807692307692,
            43.08173076923077,
            43.34134615384615,
            42.61538461538461,
            44.08653846153846,
            42.5625
        ],
        "noisy_test_loss": [
            1.7254507387601412,
            1.5113949731680063,
            1.3744487997201773,
            1.2991553379939154,
            1.2971522727379432,
            1.3193655417515682,
            1.254924097794753,
            1.331752574627216,
            1.264815760392409,
            1.406499025638287,
            1.473768961246197,
            1.4959356454702524,
            1.546258509709285,
            1.6896088629502517,
            1.8216324336712177,
            2.081664201296293,
            1.9743420615563025,
            2.0334969388521635,
            2.1827096645648663,
            2.6879810010469876,
            2.462759499183068,
            2.979520067068247,
            3.2189001758282,
            2.7157287157498873,
            3.1660572902972883,
            3.725113692650428,
            3.701624474158654,
            3.844185491708609,
            3.7763744060809796,
            3.9606872118436374
        ],
        "test_acc": [
            84.7548076923077,
            87.65865384615384,
            89.13461538461539,
            89.99038461538461,
            90.61538461538461,
            91.04807692307692,
            91.11538461538461,
            91.03846153846153,
            91.61057692307692,
            91.64423076923077,
            91.72115384615384,
            91.67788461538461,
            91.80288461538461,
            91.6923076923077,
            92.03365384615384,
            91.90384615384616,
            92.02403846153847,
            92.25961538461539,
            92.16346153846153,
            92.10576923076923,
            92.15384615384616,
            91.97115384615384,
            92.05288461538461,
            91.9951923076923,
            92.17788461538461,
            91.90865384615384,
            92.09134615384616,
            92.22115384615384,
            92.03365384615384,
            92.13942307692308
        ],
        "test_loss": [
            0.49911427864661584,
            0.3963468580979567,
            0.34408638367286093,
            0.3190070761167086,
            0.2937726460970365,
            0.2822276049393874,
            0.28050571258251483,
            0.2771660801080557,
            0.2631604587114774,
            0.2709557371873122,
            0.2655837843968318,
            0.26167121813847466,
            0.2601217633027297,
            0.26674246824704684,
            0.25648568116701564,
            0.262624641931974,
            0.26909172021425687,
            0.2609521242288443,
            0.26538212336026706,
            0.2757221350303063,
            0.2755775576371413,
            0.2769723290663499,
            0.2797846214587872,
            0.2836948567170363,
            0.2909799315379216,
            0.29842099446516773,
            0.29328818247868466,
            0.29422273195706883,
            0.31021579228914703,
            0.3054791883321909
        ],
        "val_acc": [
            84.3,
            87.66,
            89.41,
            89.88,
            90.65,
            90.96,
            90.82,
            91.34,
            91.7,
            91.54,
            91.79,
            91.99,
            91.42,
            92.03,
            91.89,
            92.2,
            92.18,
            91.97,
            92.07,
            92.03,
            92.21,
            91.94,
            91.87,
            92.12,
            92.18,
            92.02,
            92.03,
            92.13,
            92.24,
            92.14
        ],
        "val_loss": [
            0.5069459869384766,
            0.39621417236328127,
            0.3418162078857422,
            0.3144773254394531,
            0.2913372161865234,
            0.2840218673706055,
            0.27971666564941405,
            0.27426308898925783,
            0.2632378890991211,
            0.26772974090576174,
            0.2617022430419922,
            0.25589874572753907,
            0.2581964614868164,
            0.26086804046630857,
            0.2515959243774414,
            0.2510759094238281,
            0.2561289138793945,
            0.2596915283203125,
            0.2620278518676758,
            0.26714759826660156,
            0.2634068588256836,
            0.264780224609375,
            0.27520309448242186,
            0.2776194122314453,
            0.27679705657958986,
            0.27827382049560545,
            0.2845364547729492,
            0.28317584228515624,
            0.291449169921875,
            0.2924002990722656
        ]
    }
}