{
    "desc": "Run 24 of hyperparameter search",
    "log_stdout": false,
    "params": {
        "alpha": 0.5,
        "batch_size": 64,
        "batch_size_eval": 1000,
        "learning_rate": 0.005,
        "momentum": 0.3,
        "num_epochs": 30,
        "num_passes": 2,
        "scaling_factor": 2
    },
    "stdout": "",
    "timestamp": "2019-02-04 02:34:18.218616",
    "values": {
        "noisy_test_acc": [
            40.82692307692308,
            40.09134615384615,
            42.16346153846154,
            41.77884615384615,
            43.75480769230769,
            42.17307692307692,
            43.76442307692308,
            44.71634615384615,
            46.29807692307692,
            48.42307692307692,
            46.99038461538461,
            47.16346153846154,
            50.62980769230769,
            51.32211538461539,
            53.03365384615385,
            52.62019230769231,
            54.60576923076923,
            55.40384615384615,
            54.41346153846154,
            55.86057692307692,
            56.09134615384615,
            56.46153846153846,
            57.00480769230769,
            57.71153846153846,
            56.66826923076923,
            57.11057692307692,
            57.45192307692308,
            57.0,
            58.41826923076923,
            56.65865384615385
        ],
        "noisy_test_loss": [
            2.114727243276743,
            2.1717813374445987,
            2.053455511239859,
            2.050035611666166,
            1.9660684468195988,
            1.9607678310687726,
            1.8956686254648063,
            1.8767065517718975,
            1.8101573151808519,
            1.7229782720712514,
            1.7568811592688927,
            1.7409886169433593,
            1.6402029947134165,
            1.612879082606389,
            1.560238312941331,
            1.5697710946890024,
            1.5104416641822227,
            1.493388843536377,
            1.5131375826322115,
            1.4796712112426758,
            1.4706699268634502,
            1.44431118451632,
            1.4208686051001915,
            1.406066389817458,
            1.434864089672382,
            1.4318374721820537,
            1.4270129262484037,
            1.4276608188335713,
            1.406405660189115,
            1.4482500853905311
        ],
        "test_acc": [
            66.85576923076923,
            73.5673076923077,
            77.98557692307692,
            81.1201923076923,
            83.0625,
            84.19711538461539,
            85.29807692307692,
            85.9423076923077,
            86.69711538461539,
            87.04326923076923,
            87.4375,
            87.84134615384616,
            88.28846153846153,
            88.49038461538461,
            88.83653846153847,
            89.15384615384616,
            89.38461538461539,
            89.49038461538461,
            89.64423076923077,
            89.89423076923077,
            90.00961538461539,
            90.10096153846153,
            90.2548076923077,
            90.46634615384616,
            90.51442307692308,
            90.63942307692308,
            90.73557692307692,
            90.6923076923077,
            90.90384615384616,
            90.97115384615384
        ],
        "test_loss": [
            1.1562019553551308,
            0.9063577710665189,
            0.7518496131896972,
            0.649141066624568,
            0.5793430504432091,
            0.5309050501309909,
            0.4942853120657114,
            0.4663668969961313,
            0.44281548793499287,
            0.423880741412823,
            0.4085023593902588,
            0.39341231126051684,
            0.3806937210376446,
            0.3724032974243164,
            0.36202795322124776,
            0.35376323993389425,
            0.34479747258699855,
            0.33849138479966384,
            0.33178705068734976,
            0.3259005517225999,
            0.32124671275799094,
            0.315949638073261,
            0.3128024233304537,
            0.30827169565054086,
            0.30526947058164156,
            0.29982455033522387,
            0.2975120526093703,
            0.2946505487882174,
            0.29137981194716234,
            0.28971831578474777
        ],
        "val_acc": [
            66.58,
            73.38,
            77.42,
            80.29,
            82.29,
            83.78,
            84.79,
            85.61,
            86.4,
            86.97,
            87.49,
            87.81,
            88.37,
            88.55,
            88.85,
            89.15,
            89.24,
            89.55,
            89.89,
            89.9,
            90.1,
            90.38,
            90.32,
            90.51,
            90.46,
            90.78,
            90.76,
            90.83,
            90.68,
            90.9
        ],
        "val_loss": [
            1.163342236328125,
            0.9139184387207031,
            0.7607485778808594,
            0.6596418884277344,
            0.5884882995605468,
            0.5385147521972656,
            0.502424267578125,
            0.47258843994140626,
            0.44651048889160155,
            0.42833573303222655,
            0.409868896484375,
            0.3943084533691406,
            0.38047923889160157,
            0.3714246307373047,
            0.36019022521972655,
            0.3525471160888672,
            0.3430739715576172,
            0.3356550689697266,
            0.3279657958984375,
            0.32259074096679685,
            0.31776415100097655,
            0.3128963562011719,
            0.3080220825195312,
            0.30434083251953126,
            0.3022906555175781,
            0.2953986450195312,
            0.2927677001953125,
            0.2899945251464844,
            0.28756607055664063,
            0.28342579040527344
        ]
    }
}