{
    "desc": "Run 25 of hyperparameter search",
    "log_stdout": false,
    "params": {
        "alpha": 0.5,
        "batch_size": 64,
        "batch_size_eval": 1000,
        "learning_rate": 0.005,
        "momentum": 0.5,
        "num_epochs": 30,
        "num_passes": 2,
        "scaling_factor": 2
    },
    "stdout": "",
    "timestamp": "2019-02-04 02:53:51.522148",
    "values": {
        "noisy_test_acc": [
            40.25961538461539,
            41.22596153846154,
            42.77884615384615,
            42.72115384615385,
            45.45673076923077,
            43.92788461538461,
            47.1875,
            48.44230769230769,
            49.71634615384615,
            52.58653846153846,
            51.73076923076923,
            51.50961538461539,
            54.47115384615385,
            55.125,
            56.23557692307692,
            55.86538461538461,
            57.54807692307692,
            58.16826923076923,
            57.22596153846154,
            58.53846153846154,
            57.67307692307692,
            58.05769230769231,
            58.08173076923077,
            57.875,
            56.90865384615385,
            56.42307692307692,
            57.05769230769231,
            56.72596153846154,
            57.22115384615385,
            55.72115384615385
        ],
        "noisy_test_loss": [
            2.1454489253117486,
            2.130570819561298,
            1.991780363229605,
            1.9716779268704927,
            1.8638016627385066,
            1.8673909143301157,
            1.7631253257164587,
            1.7263778451772835,
            1.6681698755117562,
            1.5800700466449444,
            1.5971681081331692,
            1.6022989185039813,
            1.5086971092224122,
            1.483014747913067,
            1.4525901926480806,
            1.4642735892075758,
            1.4096530987666203,
            1.4064946761498085,
            1.42277768942026,
            1.3869196422283465,
            1.3954154043931228,
            1.4084658740117,
            1.4055673291133,
            1.401175675025353,
            1.4515908065209022,
            1.4623105606665978,
            1.4450314037616436,
            1.4453317554180438,
            1.434571166405311,
            1.5059861095135028
        ],
        "test_acc": [
            69.7548076923077,
            77.20673076923077,
            81.28846153846153,
            83.79807692307692,
            85.00961538461539,
            86.03846153846153,
            86.90384615384616,
            87.5,
            88.17788461538461,
            88.46634615384616,
            88.82692307692308,
            89.34134615384616,
            89.65865384615384,
            89.66826923076923,
            90.01442307692308,
            90.14903846153847,
            90.3125,
            90.42788461538461,
            90.5048076923077,
            90.74038461538461,
            90.80288461538461,
            90.84134615384616,
            90.94711538461539,
            90.98076923076923,
            91.0576923076923,
            91.20673076923077,
            91.27884615384616,
            91.20192307692308,
            91.45192307692308,
            91.4326923076923
        ],
        "test_loss": [
            1.0383818494356596,
            0.7802287292480469,
            0.633842509343074,
            0.5506997167147123,
            0.49573067591740533,
            0.4585603589278001,
            0.4295279180086576,
            0.40696731494023247,
            0.3871901160020095,
            0.3725121542123648,
            0.35995916806734524,
            0.3473222571152907,
            0.3367342017247127,
            0.33101234729473406,
            0.32229298224815955,
            0.3155903544792762,
            0.30852904759920563,
            0.3041696313711313,
            0.29894479421468884,
            0.29486185257251446,
            0.2920543164473314,
            0.2878150279705341,
            0.2876319225017841,
            0.2839975885244516,
            0.28214963766244744,
            0.27666326596186713,
            0.27579992624429556,
            0.2742401585212121,
            0.2728880838247446,
            0.27060189173771787
        ],
        "val_acc": [
            69.48,
            76.69,
            80.9,
            83.15,
            84.79,
            86.02,
            86.58,
            87.5,
            88.19,
            88.6,
            88.93,
            89.18,
            89.65,
            89.78,
            89.98,
            90.28,
            90.47,
            90.52,
            90.92,
            90.89,
            91.0,
            90.95,
            91.07,
            91.13,
            91.07,
            91.39,
            91.41,
            91.34,
            91.51,
            91.66
        ],
        "val_loss": [
            1.0462891357421875,
            0.7894218200683594,
            0.6436257873535156,
            0.5602514343261719,
            0.5033004211425781,
            0.4628252410888672,
            0.43482466125488284,
            0.4098881042480469,
            0.3866545135498047,
            0.372679150390625,
            0.3570582214355469,
            0.3449272399902344,
            0.3332693084716797,
            0.3270815948486328,
            0.31766889343261717,
            0.31276867065429687,
            0.30450838012695314,
            0.2993355072021484,
            0.2934100860595703,
            0.2904724273681641,
            0.287622834777832,
            0.28371967926025393,
            0.28141945343017577,
            0.27848966979980466,
            0.27859462432861326,
            0.27154446716308595,
            0.27043069610595705,
            0.2680433547973633,
            0.2681014419555664,
            0.26260543212890625
        ]
    }
}