{
    "desc": "Run 26 of hyperparameter search",
    "log_stdout": false,
    "params": {
        "alpha": 0.5,
        "batch_size": 64,
        "batch_size_eval": 1000,
        "learning_rate": 0.005,
        "momentum": 0.7,
        "num_epochs": 30,
        "num_passes": 2,
        "scaling_factor": 2
    },
    "stdout": "",
    "timestamp": "2019-02-04 03:13:26.377205",
    "values": {
        "noisy_test_acc": [
            41.03846153846154,
            42.21634615384615,
            44.83173076923077,
            46.72115384615385,
            49.95673076923077,
            48.96634615384615,
            53.51923076923077,
            54.82692307692308,
            56.01442307692308,
            57.76923076923077,
            56.78365384615385,
            56.79326923076923,
            59.48076923076923,
            59.35576923076923,
            58.81730769230769,
            57.70192307692308,
            58.92307692307692,
            59.40384615384615,
            57.5625,
            57.21153846153846,
            57.70192307692308,
            55.61057692307692,
            55.27403846153846,
            54.32211538461539,
            52.32692307692308,
            52.69230769230769,
            50.92788461538461,
            52.68269230769231,
            50.77884615384615,
            50.21634615384615
        ],
        "noisy_test_loss": [
            2.1185342641977165,
            2.0382059948260967,
            1.849447731604943,
            1.786532451923077,
            1.66741123346182,
            1.6807857219989484,
            1.523694953918457,
            1.5027885950528659,
            1.4571935374920184,
            1.4011609899080717,
            1.4248276182321402,
            1.4031909267718976,
            1.3580828901437614,
            1.3689481793917142,
            1.3686224027780387,
            1.4150484642615686,
            1.3629795720027043,
            1.3536242294311522,
            1.4221973521892841,
            1.4464361983079177,
            1.421465129852295,
            1.5199267930250902,
            1.5403520466731144,
            1.5884427584134615,
            1.7094185315645658,
            1.6801248521071215,
            1.7702334213256836,
            1.6821443411020132,
            1.7769792703481821,
            1.8894642228346605
        ],
        "test_acc": [
            75.07211538461539,
            82.20192307692308,
            84.85576923076923,
            86.46153846153847,
            87.67307692307692,
            88.29326923076923,
            89.09615384615384,
            89.3076923076923,
            89.84134615384616,
            90.14423076923077,
            90.48076923076923,
            90.72596153846153,
            90.875,
            90.88461538461539,
            91.07211538461539,
            91.16346153846153,
            91.35096153846153,
            91.3173076923077,
            91.26923076923077,
            91.51442307692308,
            91.48557692307692,
            91.59134615384616,
            91.54326923076923,
            91.59615384615384,
            91.66826923076923,
            91.72115384615384,
            91.7548076923077,
            91.66826923076923,
            91.89423076923077,
            91.99038461538461
        ],
        "test_loss": [
            0.8557493033775917,
            0.606757749410776,
            0.5013543774531438,
            0.4426435587956355,
            0.40185304641723635,
            0.37679949613717884,
            0.35519455249492937,
            0.338838137113131,
            0.3243857376392071,
            0.31475355735191934,
            0.3065712114480826,
            0.29646919800685,
            0.29109311507298397,
            0.28806721723996676,
            0.28312191266279957,
            0.27783334218538724,
            0.2733765040911161,
            0.27300045820382923,
            0.26966318387251637,
            0.26750705352196325,
            0.2684519382623526,
            0.26560475166027364,
            0.26822060915140006,
            0.26865205508012036,
            0.2657725466214694,
            0.26069579161130463,
            0.26313313410832334,
            0.26041757656977726,
            0.2627908622301542,
            0.26093424283541167
        ],
        "val_acc": [
            74.66,
            81.38,
            84.49,
            86.32,
            87.77,
            88.42,
            88.91,
            89.46,
            90.06,
            90.36,
            90.43,
            90.7,
            91.24,
            91.11,
            91.26,
            91.28,
            91.64,
            91.51,
            91.74,
            91.62,
            91.66,
            91.75,
            91.79,
            91.72,
            91.64,
            91.92,
            91.81,
            92.07,
            91.85,
            92.32
        ],
        "val_loss": [
            0.8653780578613282,
            0.6178465270996094,
            0.508813510131836,
            0.449025732421875,
            0.4052728820800781,
            0.37660995178222656,
            0.35607513732910157,
            0.33774569396972653,
            0.3194394958496094,
            0.3112707824707031,
            0.300777734375,
            0.29154453582763673,
            0.2846670654296875,
            0.2829289779663086,
            0.2746296432495117,
            0.273456559753418,
            0.2668931671142578,
            0.2674060806274414,
            0.2633302444458008,
            0.2605256072998047,
            0.2645646362304688,
            0.2611670364379883,
            0.2622116744995117,
            0.26213294982910157,
            0.2618514144897461,
            0.25480244903564453,
            0.25714710998535156,
            0.25266745910644534,
            0.2569005676269531,
            0.2514144836425781
        ]
    }
}