{
    "desc": "Run 27 of hyperparameter search",
    "log_stdout": false,
    "params": {
        "alpha": 0.5,
        "batch_size": 64,
        "batch_size_eval": 1000,
        "learning_rate": 0.01,
        "momentum": 0.3,
        "num_epochs": 30,
        "num_passes": 2,
        "scaling_factor": 2
    },
    "stdout": "",
    "timestamp": "2019-02-04 03:32:56.476303",
    "values": {
        "noisy_test_acc": [
            40.73076923076923,
            41.99038461538461,
            44.47596153846154,
            45.48557692307692,
            48.74038461538461,
            46.97596153846154,
            51.45192307692308,
            52.8125,
            54.1875,
            56.00961538461539,
            56.01442307692308,
            56.03365384615385,
            58.73076923076923,
            58.39423076923077,
            58.82692307692308,
            58.04326923076923,
            58.69711538461539,
            58.74519230769231,
            57.96153846153846,
            58.05288461538461,
            58.67788461538461,
            57.30288461538461,
            56.25,
            55.95192307692308,
            54.23076923076923,
            53.95192307692308,
            53.42788461538461,
            54.34615384615385,
            52.50961538461539,
            51.83653846153846
        ],
        "noisy_test_loss": [
            2.1351025361281173,
            2.070324357839731,
            1.8949735817542444,
            1.8512412232619067,
            1.7281408720750076,
            1.7392703540508563,
            1.5945628650371846,
            1.5582253074645995,
            1.5148075455885668,
            1.4479228533231294,
            1.4587948124225323,
            1.452828639103816,
            1.380369293506329,
            1.3786432853111854,
            1.374032836327186,
            1.4105904109661396,
            1.3660491781968336,
            1.3704897748506986,
            1.4077020248999963,
            1.4062585889376127,
            1.3968893799415,
            1.4589232723529522,
            1.506916722517747,
            1.5129723020700308,
            1.5866608810424805,
            1.5991798797020544,
            1.628200001349816,
            1.5910560211768516,
            1.6611682040874776,
            1.7391548127394456
        ],
        "test_acc": [
            73.45192307692308,
            80.96153846153847,
            84.0048076923077,
            85.78365384615384,
            86.9375,
            87.70192307692308,
            88.46153846153847,
            88.875,
            89.47115384615384,
            89.64903846153847,
            89.98557692307692,
            90.42307692307692,
            90.59134615384616,
            90.4951923076923,
            90.80288461538461,
            90.875,
            91.0576923076923,
            91.07211538461539,
            91.0048076923077,
            91.3701923076923,
            91.46634615384616,
            91.40384615384616,
            91.46634615384616,
            91.45673076923077,
            91.55288461538461,
            91.65865384615384,
            91.7451923076923,
            91.60096153846153,
            91.8701923076923,
            91.83173076923077
        ],
        "test_loss": [
            0.9113952255249024,
            0.653159242776724,
            0.5357155755849985,
            0.4706823554405799,
            0.4271243476867676,
            0.3989254592015193,
            0.37579675087561976,
            0.3565856383397029,
            0.34006810701810397,
            0.33026935724111706,
            0.32090628623962403,
            0.30882737233088564,
            0.3023232034536508,
            0.2990884934938871,
            0.292438341654264,
            0.2871777772903442,
            0.2817710718741784,
            0.2796045655470628,
            0.2755198331979605,
            0.2726047310462365,
            0.2710025647970346,
            0.27003626383267915,
            0.2727401564671443,
            0.26974589091080886,
            0.26712129262777473,
            0.2627183701441838,
            0.26269921779632566,
            0.26242717779599706,
            0.26289104021512544,
            0.2616761321287889
        ],
        "val_acc": [
            73.15,
            80.18,
            83.52,
            85.56,
            86.88,
            87.84,
            88.31,
            88.86,
            89.5,
            90.01,
            90.13,
            90.49,
            90.78,
            90.82,
            91.04,
            91.03,
            91.27,
            91.27,
            91.41,
            91.32,
            91.43,
            91.53,
            91.46,
            91.55,
            91.48,
            91.73,
            91.54,
            91.77,
            91.71,
            92.04
        ],
        "val_loss": [
            0.9199327270507812,
            0.663928125,
            0.5442878845214844,
            0.4778364776611328,
            0.43180084533691404,
            0.39956663208007814,
            0.37781964111328126,
            0.35607909240722657,
            0.3362617614746094,
            0.3276148223876953,
            0.3157770202636719,
            0.3046970886230469,
            0.29689441986083986,
            0.29389823303222656,
            0.2848181976318359,
            0.28363541259765623,
            0.2764001724243164,
            0.2743440231323242,
            0.2697037307739258,
            0.2673039978027344,
            0.26805396575927737,
            0.2664665252685547,
            0.2676515289306641,
            0.2638136505126953,
            0.2645173828125,
            0.25765687255859376,
            0.2584348861694336,
            0.25541571197509766,
            0.25926743011474607,
            0.2531780258178711
        ]
    }
}