{
    "desc": "Run 28 of hyperparameter search",
    "log_stdout": false,
    "params": {
        "alpha": 0.5,
        "batch_size": 64,
        "batch_size_eval": 1000,
        "learning_rate": 0.01,
        "momentum": 0.5,
        "num_epochs": 30,
        "num_passes": 2,
        "scaling_factor": 2
    },
    "stdout": "",
    "timestamp": "2019-02-04 03:52:31.004583",
    "values": {
        "noisy_test_acc": [
            41.84615384615385,
            43.45192307692308,
            46.34134615384615,
            49.06730769230769,
            51.74519230769231,
            51.34615384615385,
            55.48076923076923,
            56.86538461538461,
            58.28365384615385,
            59.14903846153846,
            57.92788461538461,
            58.04326923076923,
            60.70673076923077,
            59.40384615384615,
            58.92788461538461,
            57.84615384615385,
            58.78846153846154,
            58.96634615384615,
            57.06730769230769,
            56.77403846153846,
            57.39903846153846,
            54.26442307692308,
            55.01923076923077,
            54.38942307692308,
            51.92307692307692,
            51.33173076923077,
            49.73557692307692,
            50.94711538461539,
            49.64903846153846,
            48.15384615384615
        ],
        "noisy_test_loss": [
            2.0921115904587966,
            1.981412714444674,
            1.7935695794912485,
            1.7045060950059157,
            1.5991184894855206,
            1.5874307383023776,
            1.4528955151484564,
            1.4278207734914927,
            1.3908587866563062,
            1.35971955372737,
            1.4007814568739672,
            1.3756844946054312,
            1.323711757659912,
            1.3545852264991174,
            1.3726836013793946,
            1.402619130061223,
            1.3775903540391188,
            1.380935626396766,
            1.4477543830871582,
            1.4536260707561786,
            1.4519918573819675,
            1.5794147256704476,
            1.5789404018108661,
            1.612331450535701,
            1.7442540726294884,
            1.7643793898362379,
            1.8634742047236517,
            1.7879546092106746,
            1.8677352083646335,
            2.0037300946162295
        ],
        "test_acc": [
            77.0576923076923,
            83.47596153846153,
            85.71153846153847,
            87.40865384615384,
            88.4326923076923,
            89.0576923076923,
            89.69711538461539,
            89.78365384615384,
            90.40384615384616,
            90.53365384615384,
            90.75,
            91.1201923076923,
            91.23557692307692,
            91.23557692307692,
            91.35096153846153,
            91.4375,
            91.5576923076923,
            91.61538461538461,
            91.52403846153847,
            91.65384615384616,
            91.61057692307692,
            91.75,
            91.67307692307692,
            91.6923076923077,
            91.77884615384616,
            91.78846153846153,
            91.9951923076923,
            91.89423076923077,
            91.98557692307692,
            92.04326923076923
        ],
        "test_loss": [
            0.786725220313439,
            0.5565735640892616,
            0.46573141318101147,
            0.41256515429570123,
            0.3751350402832031,
            0.3536792043539194,
            0.33585020505464996,
            0.3195084916628324,
            0.30766658562880295,
            0.3010071959862342,
            0.2946113795500535,
            0.2843478705332829,
            0.2807771657063411,
            0.2787241697311401,
            0.27445568231435924,
            0.2686924461218027,
            0.2651149485661433,
            0.26549487077272854,
            0.2623917429263775,
            0.2630153351563674,
            0.2643125079228328,
            0.2631985308573796,
            0.26768659628354585,
            0.2664767019565289,
            0.26487240057725175,
            0.2604415981586163,
            0.26285997097308816,
            0.26040086159339315,
            0.26443319944234994,
            0.26234321447519154
        ],
        "val_acc": [
            76.25,
            82.83,
            85.58,
            87.47,
            88.49,
            89.08,
            89.64,
            90.08,
            90.55,
            90.79,
            90.84,
            91.16,
            91.44,
            91.31,
            91.55,
            91.59,
            91.89,
            91.85,
            91.87,
            91.6,
            91.77,
            91.74,
            91.81,
            92.04,
            91.78,
            91.97,
            91.82,
            92.08,
            92.03,
            92.4
        ],
        "val_loss": [
            0.7967359130859375,
            0.5662966735839844,
            0.47119991149902346,
            0.41628757019042967,
            0.3762640869140625,
            0.352015283203125,
            0.3342396759033203,
            0.31744398498535153,
            0.30147528381347655,
            0.29593020935058595,
            0.2880845520019531,
            0.27811083984375,
            0.27338646392822263,
            0.2732373291015625,
            0.26577429046630857,
            0.2645531723022461,
            0.25801496124267576,
            0.2594188552856445,
            0.2575454528808594,
            0.2556409698486328,
            0.26078702087402345,
            0.2579603759765625,
            0.26158246765136717,
            0.25864293060302734,
            0.2602042083740234,
            0.2546229202270508,
            0.2570031463623047,
            0.25274196166992186,
            0.25721461486816405,
            0.2512773971557617
        ]
    }
}