{
    "desc": "Run 29 of hyperparameter search",
    "log_stdout": false,
    "params": {
        "alpha": 0.5,
        "batch_size": 64,
        "batch_size_eval": 1000,
        "learning_rate": 0.01,
        "momentum": 0.7,
        "num_epochs": 30,
        "num_passes": 2,
        "scaling_factor": 2
    },
    "stdout": "",
    "timestamp": "2019-02-04 04:12:09.120691",
    "values": {
        "noisy_test_acc": [
            42.79326923076923,
            46.78846153846154,
            52.17307692307692,
            54.27884615384615,
            57.81730769230769,
            57.73557692307692,
            60.44711538461539,
            59.92788461538461,
            61.17788461538461,
            59.65865384615385,
            58.19230769230769,
            59.26442307692308,
            59.79326923076923,
            58.95192307692308,
            57.74038461538461,
            54.3125,
            55.62019230769231,
            55.40865384615385,
            55.42788461538461,
            52.35576923076923,
            54.625,
            51.07211538461539,
            52.92307692307692,
            49.3125,
            47.39423076923077,
            45.91346153846154,
            44.74038461538461,
            47.65384615384615,
            46.90384615384615,
            46.22596153846154
        ],
        "noisy_test_loss": [
            2.005305278484638,
            1.8011282231257513,
            1.5863317108154298,
            1.5061141395568847,
            1.405488344339224,
            1.3980052771935096,
            1.3096597510117751,
            1.3248230024484489,
            1.2860641655555138,
            1.333676471710205,
            1.3863639112619253,
            1.348820881476769,
            1.3360608203594502,
            1.3790004114004282,
            1.447885632148156,
            1.5627837665264424,
            1.51436793253972,
            1.547887083200308,
            1.5565843230027419,
            1.7410666759197528,
            1.6490979766845704,
            1.8786585352971004,
            1.8145657788790188,
            1.9837117371192345,
            2.1757626372117262,
            2.2278034224876992,
            2.3656104982816255,
            2.1567433327894943,
            2.27846009181096,
            2.3827998234675483
        ],
        "test_acc": [
            81.73076923076923,
            86.13942307692308,
            87.78365384615384,
            89.22115384615384,
            89.95673076923077,
            90.26442307692308,
            90.6298076923077,
            90.86538461538461,
            91.29807692307692,
            91.25961538461539,
            91.40384615384616,
            91.6298076923077,
            91.71634615384616,
            91.57211538461539,
            91.625,
            91.76442307692308,
            91.79326923076923,
            91.8798076923077,
            91.53365384615384,
            91.67307692307692,
            91.41346153846153,
            91.76442307692308,
            91.84615384615384,
            91.73076923076923,
            91.83653846153847,
            91.78846153846153,
            91.96153846153847,
            91.89903846153847,
            92.0048076923077,
            92.04807692307692
        ],
        "test_loss": [
            0.6166687627939077,
            0.45393400852496807,
            0.38673779194171615,
            0.34835853723379284,
            0.31938300206111025,
            0.30793053443615254,
            0.29428724692418023,
            0.28174979980175313,
            0.27491815346937915,
            0.276952705016503,
            0.269197049507728,
            0.2646896391648513,
            0.26852449233715353,
            0.26534137138953573,
            0.26491420379051794,
            0.2614723667731652,
            0.2614454324428852,
            0.2610827035170335,
            0.26639893421759975,
            0.27072470078101524,
            0.27847878309396595,
            0.27099768088414117,
            0.28026945150815524,
            0.2823370874845065,
            0.2761554963772114,
            0.27566911110511194,
            0.28187573469602145,
            0.2821144144351666,
            0.2832713952431312,
            0.2877697783250075
        ],
        "val_acc": [
            81.26,
            86.03,
            87.99,
            89.22,
            90.17,
            90.28,
            90.61,
            90.85,
            91.45,
            91.46,
            91.57,
            91.74,
            91.76,
            91.73,
            91.99,
            91.95,
            91.81,
            91.97,
            92.03,
            91.72,
            91.37,
            92.08,
            92.02,
            92.05,
            92.12,
            92.08,
            92.03,
            92.05,
            92.32,
            92.38
        ],
        "val_loss": [
            0.6262661499023437,
            0.4582777984619141,
            0.38733160400390626,
            0.3482531829833984,
            0.3185955352783203,
            0.30640103454589845,
            0.29115041961669924,
            0.28147413330078125,
            0.27007440490722656,
            0.2714289611816406,
            0.2642291305541992,
            0.2574080764770508,
            0.25821607513427736,
            0.25972637939453125,
            0.2541062271118164,
            0.25321405487060544,
            0.25271963958740234,
            0.25525057525634764,
            0.25827459869384767,
            0.2634580276489258,
            0.2706645050048828,
            0.2614464004516602,
            0.2684013366699219,
            0.27016997375488283,
            0.26819109802246094,
            0.26133946533203123,
            0.2741620101928711,
            0.26672859649658204,
            0.2691324661254883,
            0.26842239227294923
        ]
    }
}