{
    "desc": "Run 3 of hyperparameter search",
    "log_stdout": false,
    "params": {
        "alpha": 0.3,
        "batch_size": 64,
        "batch_size_eval": 1000,
        "learning_rate": 0.01,
        "momentum": 0.3,
        "num_epochs": 30,
        "num_passes": 2,
        "scaling_factor": 2
    },
    "stdout": "",
    "timestamp": "2019-02-03 19:26:50.601300",
    "values": {
        "noisy_test_acc": [
            41.06730769230769,
            42.08173076923077,
            44.4375,
            45.33173076923077,
            47.53846153846154,
            47.1875,
            49.41346153846154,
            50.27403846153846,
            52.42307692307692,
            53.5,
            52.82692307692308,
            53.22115384615385,
            55.42788461538461,
            55.97115384615385,
            57.72115384615385,
            57.47596153846154,
            58.35576923076923,
            59.17307692307692,
            58.96634615384615,
            59.69230769230769,
            59.00961538461539,
            60.15384615384615,
            60.30769230769231,
            60.53846153846154,
            58.70192307692308,
            58.97596153846154,
            58.75961538461539,
            59.06730769230769,
            58.74038461538461,
            58.38942307692308
        ],
        "noisy_test_loss": [
            2.1458145200289214,
            2.0953258573091946,
            1.9350150797917294,
            1.894913787841797,
            1.7919977100078877,
            1.7777457530681904,
            1.692371344933143,
            1.6788219349200908,
            1.5960883786128117,
            1.5378473472595215,
            1.5687938161996695,
            1.534840133373554,
            1.4706544509300818,
            1.4495434086139385,
            1.389013202373798,
            1.4001517941401556,
            1.3689490215594953,
            1.3397694543691783,
            1.3713509163489708,
            1.320404454744779,
            1.3483361200185922,
            1.3212437717731182,
            1.3190922612410325,
            1.3049086805490346,
            1.3635081423245943,
            1.3572364557706393,
            1.3611966301844671,
            1.348257200534527,
            1.360801658630371,
            1.395300738994892
        ],
        "test_acc": [
            73.90865384615384,
            80.34134615384616,
            83.34134615384616,
            85.21634615384616,
            86.3125,
            87.11057692307692,
            87.90865384615384,
            88.10096153846153,
            88.89903846153847,
            89.16346153846153,
            89.1923076923077,
            89.85576923076923,
            89.97115384615384,
            89.99038461538461,
            90.20673076923077,
            90.28365384615384,
            90.47596153846153,
            90.59134615384616,
            90.64903846153847,
            90.78365384615384,
            90.89423076923077,
            90.9951923076923,
            91.08653846153847,
            91.19711538461539,
            91.29326923076923,
            91.24038461538461,
            91.39903846153847,
            91.3076923076923,
            91.61538461538461,
            91.5
        ],
        "test_loss": [
            0.9107095014131986,
            0.6794372661297138,
            0.5661630014272837,
            0.500961369734544,
            0.45651263090280386,
            0.42553105647747336,
            0.4015481222592867,
            0.3845064992171067,
            0.36675595136789174,
            0.35580365621126614,
            0.34619440665611856,
            0.33388947120079626,
            0.32618707950298603,
            0.3228043431502122,
            0.31563974380493165,
            0.3089154159105741,
            0.304447540136484,
            0.30020818196810206,
            0.29530116081237795,
            0.2924126639732948,
            0.2889798754912156,
            0.28579210171332725,
            0.28418751056377706,
            0.28124461870927076,
            0.2793004743869488,
            0.27616582283606894,
            0.27552348687098577,
            0.2718073217685406,
            0.2708113523629995,
            0.2696079730987549
        ],
        "val_acc": [
            73.22,
            79.85,
            82.93,
            84.81,
            86.06,
            87.12,
            87.69,
            88.24,
            88.8,
            89.12,
            89.38,
            89.48,
            90.01,
            90.04,
            90.38,
            90.41,
            90.56,
            90.8,
            91.09,
            91.0,
            91.11,
            91.19,
            91.23,
            91.25,
            91.34,
            91.53,
            91.36,
            91.79,
            91.66,
            91.88
        ],
        "val_loss": [
            0.9190227661132813,
            0.6879526916503906,
            0.5728430908203125,
            0.5069904815673828,
            0.460966943359375,
            0.4278164306640625,
            0.40532254943847656,
            0.38611872253417967,
            0.3660516845703125,
            0.3551778747558594,
            0.34456331481933594,
            0.33347997131347656,
            0.3247216857910156,
            0.3206140075683594,
            0.31213302001953125,
            0.3080549102783203,
            0.30192530975341797,
            0.29719364013671873,
            0.29240819396972656,
            0.2906727722167969,
            0.2870230865478516,
            0.28363707122802734,
            0.2802614990234375,
            0.27790860595703126,
            0.27746852111816406,
            0.2727065216064453,
            0.2728455123901367,
            0.2690316558837891,
            0.2683951522827148,
            0.2645350433349609
        ]
    }
}