{
    "desc": "Run 30 of hyperparameter search",
    "log_stdout": false,
    "params": {
        "alpha": 0.5,
        "batch_size": 64,
        "batch_size_eval": 1000,
        "learning_rate": 0.02,
        "momentum": 0.3,
        "num_epochs": 30,
        "num_passes": 2,
        "scaling_factor": 2
    },
    "stdout": "",
    "timestamp": "2019-02-04 04:31:47.307716",
    "values": {
        "noisy_test_acc": [
            42.45192307692308,
            45.44711538461539,
            49.30288461538461,
            52.65384615384615,
            55.29807692307692,
            56.01442307692308,
            58.13942307692308,
            59.14903846153846,
            60.375,
            59.74519230769231,
            58.16826923076923,
            59.32211538461539,
            59.81730769230769,
            58.38942307692308,
            57.37980769230769,
            56.21634615384615,
            57.36057692307692,
            57.11538461538461,
            56.58653846153846,
            54.10096153846154,
            55.02403846153846,
            52.5625,
            53.34615384615385,
            51.63461538461539,
            50.17307692307692,
            48.43269230769231,
            46.04807692307692,
            50.15865384615385,
            48.90384615384615,
            46.90384615384615
        ],
        "noisy_test_loss": [
            2.039477263230544,
            1.877227061345027,
            1.6636776381272536,
            1.5677997838533841,
            1.471686948629526,
            1.4433834207974947,
            1.3634999979459324,
            1.344236871279203,
            1.3079506023113545,
            1.3403796592125525,
            1.3905391942537748,
            1.3359457221397988,
            1.3320855903625488,
            1.3977362926189716,
            1.4337058302072379,
            1.4839566920353817,
            1.4389900706364558,
            1.4704814852201022,
            1.5012527964665339,
            1.6271155445392316,
            1.570190773010254,
            1.7453926776005673,
            1.7367920846205491,
            1.8188354404156024,
            1.9844820844210111,
            2.028844671982985,
            2.2148834727360653,
            1.9388986352773814,
            2.0889361132108246,
            2.2619952979454627
        ],
        "test_acc": [
            80.48557692307692,
            85.40384615384616,
            87.42788461538461,
            88.75961538461539,
            89.54807692307692,
            90.0,
            90.34134615384616,
            90.55288461538461,
            90.96153846153847,
            90.98076923076923,
            91.04807692307692,
            91.59615384615384,
            91.59134615384616,
            91.41346153846153,
            91.60096153846153,
            91.7451923076923,
            91.73076923076923,
            91.91826923076923,
            91.64423076923077,
            91.78365384615384,
            91.63942307692308,
            91.73076923076923,
            91.74038461538461,
            91.71634615384616,
            91.86057692307692,
            91.86538461538461,
            91.90865384615384,
            91.86538461538461,
            92.08173076923077,
            92.0576923076923
        ],
        "test_loss": [
            0.6621343774061936,
            0.48027312938983624,
            0.40770892803485576,
            0.3649450456179105,
            0.33382174785320573,
            0.3196298067386334,
            0.30672898475940413,
            0.2913666248321533,
            0.2821809669641348,
            0.2864164209365845,
            0.27854926366072436,
            0.268236377789424,
            0.2699814150883601,
            0.26911583827092095,
            0.26784072215740495,
            0.26342248329749474,
            0.2587103352179894,
            0.25791775960188645,
            0.26221931750957783,
            0.2657009454873892,
            0.2700844662006085,
            0.2702089834213257,
            0.2761266000454242,
            0.2770002134029682,
            0.2721988179133489,
            0.2692752012839684,
            0.2762116564237154,
            0.2750806823143592,
            0.27656977543464073,
            0.2805908287488497
        ],
        "val_acc": [
            79.72,
            85.16,
            87.47,
            88.75,
            89.71,
            89.88,
            90.32,
            90.73,
            91.25,
            91.37,
            91.35,
            91.68,
            91.61,
            91.64,
            91.92,
            91.82,
            92.11,
            91.93,
            91.92,
            91.81,
            91.62,
            91.93,
            91.91,
            92.01,
            91.69,
            92.01,
            91.93,
            91.96,
            92.14,
            92.25
        ],
        "val_loss": [
            0.6718084777832031,
            0.4864005554199219,
            0.40968650817871094,
            0.3654409393310547,
            0.33330141296386717,
            0.3175719573974609,
            0.3029547302246094,
            0.2891628143310547,
            0.2768239288330078,
            0.2800281188964844,
            0.27140052185058594,
            0.26216361236572266,
            0.26183850860595703,
            0.2635371948242187,
            0.25857234802246093,
            0.2570978500366211,
            0.2509678237915039,
            0.25324244689941405,
            0.25469735107421876,
            0.25818014373779297,
            0.264948486328125,
            0.26362143707275393,
            0.26614529266357423,
            0.26603221893310547,
            0.2637318984985352,
            0.2563084747314453,
            0.26727826232910157,
            0.2644876159667969,
            0.2636987030029297,
            0.2651146255493164
        ]
    }
}