{
    "desc": "Run 31 of hyperparameter search",
    "log_stdout": false,
    "params": {
        "alpha": 0.5,
        "batch_size": 64,
        "batch_size_eval": 1000,
        "learning_rate": 0.02,
        "momentum": 0.5,
        "num_epochs": 30,
        "num_passes": 2,
        "scaling_factor": 2
    },
    "stdout": "",
    "timestamp": "2019-02-04 04:51:24.266624",
    "values": {
        "noisy_test_acc": [
            43.27884615384615,
            48.87019230769231,
            54.4375,
            56.00480769230769,
            58.59134615384615,
            58.78365384615385,
            60.4375,
            60.80769230769231,
            61.64423076923077,
            58.74519230769231,
            58.40865384615385,
            58.59134615384615,
            59.20673076923077,
            57.85096153846154,
            56.23557692307692,
            54.00961538461539,
            56.08173076923077,
            55.27403846153846,
            55.1875,
            52.33173076923077,
            53.12019230769231,
            51.48076923076923,
            51.24038461538461,
            51.69230769230769,
            51.63461538461539,
            49.34134615384615,
            46.73076923076923,
            49.13461538461539,
            49.25,
            49.73076923076923
        ],
        "noisy_test_loss": [
            1.9584327961848331,
            1.7212899017333985,
            1.512819916651799,
            1.4557236906198354,
            1.3564037073575534,
            1.3575824781564565,
            1.300143102499155,
            1.2944508816645695,
            1.2685843907869778,
            1.3769678350595327,
            1.388933277130127,
            1.3701614189147948,
            1.3773828594501203,
            1.4395704372112568,
            1.488223744905912,
            1.6203496786264273,
            1.534171945131742,
            1.5895861141498273,
            1.6114617450420674,
            1.7768124712430513,
            1.7585816955566407,
            1.8856214728722205,
            1.9783973341721754,
            1.9743563842773437,
            1.943818485553448,
            2.1338058178241437,
            2.3462408388577973,
            2.2114040404099686,
            2.2804689700786884,
            2.301580329308143
        ],
        "test_acc": [
            82.86538461538461,
            86.83173076923077,
            88.5048076923077,
            89.65384615384616,
            90.36538461538461,
            90.4423076923077,
            90.66826923076923,
            91.125,
            91.5048076923077,
            91.19711538461539,
            91.3798076923077,
            91.71153846153847,
            91.63942307692308,
            91.70192307692308,
            91.78365384615384,
            91.76442307692308,
            91.85096153846153,
            91.92788461538461,
            91.85576923076923,
            91.8076923076923,
            91.4951923076923,
            91.75961538461539,
            91.89423076923077,
            91.84134615384616,
            92.03846153846153,
            91.8076923076923,
            91.8173076923077,
            91.77884615384616,
            91.6826923076923,
            91.91826923076923
        ],
        "test_loss": [
            0.5688399901756873,
            0.4257949476975661,
            0.363865302159236,
            0.3300248879652757,
            0.30480311283698447,
            0.29737685240232026,
            0.28906828806950496,
            0.2733639306288499,
            0.2661985434018649,
            0.27609370745145356,
            0.2685955385061411,
            0.26183276469890887,
            0.2686088705062866,
            0.2614151397118202,
            0.266730166215163,
            0.265157253742218,
            0.2636243651463435,
            0.26356308460235595,
            0.26634642747732307,
            0.2802125508968647,
            0.285770092010498,
            0.2820500139089731,
            0.286238846045274,
            0.2936116181887113,
            0.2857751101713914,
            0.2892204812856821,
            0.2937803884652945,
            0.29317439482762264,
            0.3015567280695989,
            0.30362106543320877
        ],
        "val_acc": [
            82.56,
            86.89,
            88.71,
            89.77,
            90.41,
            90.68,
            90.76,
            91.37,
            91.68,
            91.44,
            91.57,
            91.88,
            91.79,
            91.99,
            91.94,
            91.75,
            92.02,
            92.04,
            92.07,
            91.6,
            91.62,
            91.94,
            92.0,
            91.94,
            92.02,
            92.07,
            92.03,
            92.02,
            92.11,
            92.26
        ],
        "val_loss": [
            0.5769370910644531,
            0.4267736297607422,
            0.36432144470214844,
            0.32938354797363284,
            0.305219580078125,
            0.2944918197631836,
            0.28502892150878906,
            0.27188832702636717,
            0.2603528060913086,
            0.26963751525878904,
            0.2631550048828125,
            0.25525813751220705,
            0.25761624908447267,
            0.25452199249267576,
            0.25534696502685544,
            0.2585126663208008,
            0.2543862823486328,
            0.25634830932617186,
            0.2565329116821289,
            0.27356061248779295,
            0.2755390670776367,
            0.27672884521484375,
            0.2773931640625,
            0.28120760345458984,
            0.27435208892822266,
            0.27162915496826173,
            0.2837629287719727,
            0.2820211761474609,
            0.2862216751098633,
            0.28390254821777344
        ]
    }
}