{
    "desc": "Run 32 of hyperparameter search",
    "log_stdout": false,
    "params": {
        "alpha": 0.5,
        "batch_size": 64,
        "batch_size_eval": 1000,
        "learning_rate": 0.02,
        "momentum": 0.7,
        "num_epochs": 30,
        "num_passes": 2,
        "scaling_factor": 2
    },
    "stdout": "",
    "timestamp": "2019-02-04 05:11:01.424333",
    "values": {
        "noisy_test_acc": [
            44.95673076923077,
            54.03365384615385,
            57.81730769230769,
            58.05769230769231,
            61.84615384615385,
            61.65384615384615,
            60.86538461538461,
            61.99038461538461,
            61.09615384615385,
            54.91826923076923,
            58.28846153846154,
            58.16826923076923,
            57.1875,
            56.80769230769231,
            56.5625,
            54.94711538461539,
            53.97115384615385,
            52.73557692307692,
            53.625,
            51.67307692307692,
            51.95192307692308,
            51.12980769230769,
            50.63942307692308,
            49.87019230769231,
            50.25,
            48.91346153846154,
            49.51442307692308,
            48.26442307692308,
            49.53846153846154,
            50.17307692307692
        ],
        "noisy_test_loss": [
            1.8552221562312199,
            1.5103403795682466,
            1.3824880952101488,
            1.3728204169640175,
            1.253311286339393,
            1.2470183343153733,
            1.273168263068566,
            1.2745815878648024,
            1.3172688880333534,
            1.6223253059387206,
            1.4671598683870755,
            1.518262572655311,
            1.6199776135958157,
            1.7188171269343449,
            1.789237015063946,
            1.9388905803973857,
            1.9360192166841947,
            2.0895944360586314,
            2.1724904896662784,
            2.3332945867685173,
            2.5184911757249098,
            2.5983940887451173,
            2.906755285996657,
            2.8843221282958984,
            3.0644305830735425,
            3.156510972243089,
            3.205150363628681,
            3.2898788452148438,
            3.392770074697641,
            3.2059103158804088
        ],
        "test_acc": [
            85.1201923076923,
            88.38461538461539,
            89.5625,
            90.4423076923077,
            91.04807692307692,
            90.84134615384616,
            91.20673076923077,
            91.60576923076923,
            91.82211538461539,
            91.64903846153847,
            91.58173076923077,
            91.88461538461539,
            91.71634615384616,
            91.75,
            91.91346153846153,
            92.00961538461539,
            91.95192307692308,
            91.76923076923077,
            91.70673076923077,
            91.64903846153847,
            91.8125,
            91.83653846153847,
            92.03846153846153,
            91.89903846153847,
            91.73557692307692,
            91.66826923076923,
            92.02403846153847,
            91.8798076923077,
            92.11057692307692,
            91.94711538461539
        ],
        "test_loss": [
            0.47415466968829817,
            0.3684775015024038,
            0.3244533472794753,
            0.297382147862361,
            0.2785326572564932,
            0.28039724056537335,
            0.27104352217454175,
            0.2686848578086266,
            0.2584377486889179,
            0.2740949949851403,
            0.2691838910029485,
            0.2660372708393977,
            0.27793904304504397,
            0.26966377588418816,
            0.2766726853297307,
            0.27215668458205006,
            0.2723468802525447,
            0.2874020525125357,
            0.2806131810408372,
            0.2953762571628277,
            0.30790513332073505,
            0.29828413523160496,
            0.3066531518789438,
            0.31472379977886494,
            0.3177405096934392,
            0.31435565141531135,
            0.32145261764526367,
            0.3142150009595431,
            0.3236212605696458,
            0.33082926970261795
        ],
        "val_acc": [
            85.34,
            88.75,
            89.62,
            90.36,
            90.9,
            90.81,
            91.08,
            91.29,
            92.04,
            91.65,
            91.41,
            91.94,
            91.88,
            91.76,
            91.88,
            92.03,
            91.97,
            91.78,
            91.81,
            91.8,
            91.64,
            91.84,
            91.72,
            91.72,
            91.82,
            91.85,
            91.91,
            91.98,
            92.19,
            92.32
        ],
        "val_loss": [
            0.4790643035888672,
            0.36613380432128906,
            0.32291757202148436,
            0.29811041259765625,
            0.28208333740234376,
            0.28570819244384765,
            0.2700617004394531,
            0.2697243667602539,
            0.24938602905273438,
            0.2701989761352539,
            0.2643662796020508,
            0.2615709747314453,
            0.26695419921875,
            0.2622817138671875,
            0.2714548889160156,
            0.2752807586669922,
            0.2679433166503906,
            0.2798433563232422,
            0.27262003021240233,
            0.28042275695800783,
            0.3075215835571289,
            0.29444935607910155,
            0.31088954162597654,
            0.313333544921875,
            0.316709407043457,
            0.2974949462890625,
            0.31332471008300783,
            0.3005190399169922,
            0.31631773376464845,
            0.317312760925293
        ]
    }
}