{
    "desc": "Run 33 of hyperparameter search",
    "log_stdout": false,
    "params": {
        "alpha": 0.5,
        "batch_size": 64,
        "batch_size_eval": 1000,
        "learning_rate": 0.04,
        "momentum": 0.3,
        "num_epochs": 30,
        "num_passes": 2,
        "scaling_factor": 2
    },
    "stdout": "",
    "timestamp": "2019-02-04 05:30:37.915908",
    "values": {
        "noisy_test_acc": [
            44.83653846153846,
            51.95673076923077,
            56.60096153846154,
            57.60096153846154,
            60.96634615384615,
            61.44230769230769,
            60.69711538461539,
            61.66346153846154,
            61.44230769230769,
            57.92307692307692,
            57.95192307692308,
            58.48557692307692,
            58.46634615384615,
            56.4375,
            53.17788461538461,
            54.10576923076923,
            53.5625,
            52.34615384615385,
            53.33653846153846,
            50.78365384615385,
            50.8125,
            48.70192307692308,
            47.59134615384615,
            49.36538461538461,
            47.8125,
            45.875,
            48.19711538461539,
            46.39423076923077,
            48.0625,
            47.01442307692308
        ],
        "noisy_test_loss": [
            1.8722564932016226,
            1.5792682354266827,
            1.4231296906104454,
            1.3870383174602803,
            1.2778902229895959,
            1.2655936343853291,
            1.2924830700800969,
            1.281195188669058,
            1.2788255310058594,
            1.4217483711242676,
            1.440740846487192,
            1.4255794569162221,
            1.4587704321054311,
            1.6347185002840483,
            1.8722896502568172,
            1.8654830580491286,
            1.8402852278489332,
            1.910080944941594,
            1.9591377742473897,
            2.1849360862145057,
            2.2418355677678035,
            2.589973889864408,
            2.7273057614839993,
            2.60685848236084,
            2.8961111274132363,
            3.0504990474994367,
            2.8830289928729718,
            2.994009246826172,
            2.8598468134953428,
            3.16987910930927
        ],
        "test_acc": [
            84.50961538461539,
            87.9951923076923,
            89.42788461538461,
            90.34134615384616,
            90.8173076923077,
            90.86057692307692,
            90.875,
            91.45673076923077,
            91.76442307692308,
            91.6923076923077,
            91.59134615384616,
            91.86538461538461,
            91.6923076923077,
            91.88942307692308,
            91.79807692307692,
            91.82692307692308,
            91.86538461538461,
            91.95673076923077,
            91.9326923076923,
            91.97115384615384,
            91.8125,
            91.9326923076923,
            91.76923076923077,
            91.89423076923077,
            91.79807692307692,
            91.8173076923077,
            92.00961538461539,
            91.89903846153847,
            91.6875,
            92.10096153846153
        ],
        "test_loss": [
            0.4975678245837872,
            0.3826744431715745,
            0.3335974825345553,
            0.304418986760653,
            0.28515305225665755,
            0.2787077338878925,
            0.27884079419649566,
            0.2664885685994075,
            0.26018035118396465,
            0.2678939474545992,
            0.268953987635099,
            0.26403051192943866,
            0.27979887302105244,
            0.2660544465138362,
            0.27598852671109714,
            0.2766251013829158,
            0.27566613564124476,
            0.27443442087907055,
            0.27799774169921876,
            0.2917725544709426,
            0.300672911130465,
            0.29713973118708686,
            0.3079022015058077,
            0.30566823152395395,
            0.30603967629946194,
            0.31473890781402586,
            0.31930696120628943,
            0.31343015083899867,
            0.3241201140330388,
            0.3311506568468534
        ],
        "val_acc": [
            84.34,
            88.35,
            89.49,
            90.43,
            90.75,
            91.07,
            90.85,
            91.4,
            92.12,
            91.63,
            91.55,
            91.99,
            92.04,
            91.87,
            92.14,
            91.97,
            91.82,
            91.86,
            92.03,
            91.92,
            92.16,
            91.98,
            91.96,
            92.1,
            91.96,
            91.83,
            91.72,
            91.88,
            91.81,
            92.06
        ],
        "val_loss": [
            0.5043795593261718,
            0.38015767211914064,
            0.3321069885253906,
            0.3043671569824219,
            0.28901124877929685,
            0.27822662658691405,
            0.27329609832763674,
            0.26835147094726564,
            0.2524565246582031,
            0.26333480224609374,
            0.26519321746826174,
            0.2586439453125,
            0.2630244613647461,
            0.26069794921875,
            0.2665542953491211,
            0.2689898681640625,
            0.26568807983398435,
            0.26733005676269533,
            0.26856786193847654,
            0.2807302215576172,
            0.28852120513916013,
            0.29278932800292967,
            0.30519985961914065,
            0.2988549743652344,
            0.2976005279541016,
            0.2985764694213867,
            0.32075078277587893,
            0.3084958679199219,
            0.3184070251464844,
            0.3147240219116211
        ]
    }
}