{
    "desc": "Run 34 of hyperparameter search",
    "log_stdout": false,
    "params": {
        "alpha": 0.5,
        "batch_size": 64,
        "batch_size_eval": 1000,
        "learning_rate": 0.04,
        "momentum": 0.5,
        "num_epochs": 30,
        "num_passes": 2,
        "scaling_factor": 2
    },
    "stdout": "",
    "timestamp": "2019-02-04 05:50:12.835579",
    "values": {
        "noisy_test_acc": [
            47.41826923076923,
            55.60576923076923,
            59.46153846153846,
            58.63461538461539,
            62.01442307692308,
            61.96153846153846,
            60.98076923076923,
            62.05769230769231,
            61.37019230769231,
            56.50480769230769,
            58.61538461538461,
            57.34134615384615,
            55.51442307692308,
            59.0625,
            54.00961538461539,
            52.51442307692308,
            52.54326923076923,
            53.07211538461539,
            52.35576923076923,
            53.21634615384615,
            51.25480769230769,
            52.02884615384615,
            52.11538461538461,
            49.08653846153846,
            51.76442307692308,
            48.54326923076923,
            46.12980769230769,
            48.83653846153846,
            48.55288461538461,
            50.30288461538461
        ],
        "noisy_test_loss": [
            1.7567369989248423,
            1.4625822287339432,
            1.327278674199031,
            1.348369530897874,
            1.2301631472660945,
            1.2632616820702185,
            1.3197188274676983,
            1.3042551260728104,
            1.3444996114877554,
            1.5988067626953124,
            1.5368856576772836,
            1.7310161649263822,
            1.8810551071166992,
            1.7344818056546725,
            2.2029027762779823,
            2.304406531407283,
            2.3105927951519307,
            2.2622097396850585,
            2.4802235471285305,
            2.6113604413546048,
            2.9964841373150164,
            2.980802477323092,
            3.0867374126727762,
            3.581907448401818,
            3.260811585646409,
            3.8825806338970477,
            4.334356777484601,
            3.823903333223783,
            4.085814208984375,
            3.8897168379563554
        ],
        "test_acc": [
            86.09134615384616,
            88.73557692307692,
            89.8798076923077,
            90.85576923076923,
            91.15384615384616,
            91.23557692307692,
            91.30288461538461,
            91.4423076923077,
            91.90384615384616,
            91.41826923076923,
            91.46153846153847,
            91.75961538461539,
            91.52403846153847,
            92.17307692307692,
            91.76442307692308,
            91.97596153846153,
            91.76442307692308,
            91.875,
            91.5576923076923,
            91.96634615384616,
            91.57211538461539,
            91.75,
            91.9951923076923,
            91.78365384615384,
            91.80288461538461,
            91.63461538461539,
            92.01442307692308,
            92.02403846153847,
            92.00961538461539,
            92.03365384615384
        ],
        "test_loss": [
            0.4470269254537729,
            0.3559781309274527,
            0.3145998268861037,
            0.28679740538963905,
            0.2768341064453125,
            0.2712965904749357,
            0.27473568219404954,
            0.2679696218784039,
            0.2632146131075346,
            0.2770612078446608,
            0.2711420051868145,
            0.2795605402726393,
            0.29556036949157716,
            0.2713467238499568,
            0.2855170539709238,
            0.2823635101318359,
            0.28356874796060416,
            0.29173971249507025,
            0.2959267124762902,
            0.30244985580444333,
            0.3255904975304237,
            0.30964151639204757,
            0.32029630991128777,
            0.32739986713115987,
            0.31457885852226847,
            0.34024174506847676,
            0.33929406826312725,
            0.34213708877563476,
            0.346282294346736,
            0.34795281446897064
        ],
        "val_acc": [
            85.89,
            89.03,
            90.03,
            90.63,
            90.7,
            91.0,
            91.07,
            91.49,
            92.08,
            91.42,
            91.42,
            91.93,
            91.69,
            91.89,
            91.85,
            92.07,
            91.94,
            92.22,
            91.92,
            92.08,
            91.66,
            91.92,
            92.1,
            91.77,
            91.76,
            91.39,
            92.03,
            92.17,
            91.94,
            92.25
        ],
        "val_loss": [
            0.45188395080566407,
            0.3542712158203125,
            0.3137316162109375,
            0.2896422470092773,
            0.28421445617675783,
            0.27666239471435544,
            0.2725383636474609,
            0.26917100982666015,
            0.25676450805664064,
            0.27079154663085936,
            0.26703727569580077,
            0.2742790725708008,
            0.2866267059326172,
            0.2658678955078125,
            0.27244444427490233,
            0.28020864868164064,
            0.2725394332885742,
            0.28446595764160154,
            0.28697023620605466,
            0.2924816543579102,
            0.31448120727539064,
            0.3004576354980469,
            0.308389111328125,
            0.3138546569824219,
            0.31172865295410157,
            0.3261226867675781,
            0.3279832962036133,
            0.3288677185058594,
            0.33421838684082034,
            0.3239542022705078
        ]
    }
}