{
    "desc": "Run 35 of hyperparameter search",
    "log_stdout": false,
    "params": {
        "alpha": 0.5,
        "batch_size": 64,
        "batch_size_eval": 1000,
        "learning_rate": 0.04,
        "momentum": 0.7,
        "num_epochs": 30,
        "num_passes": 2,
        "scaling_factor": 2
    },
    "stdout": "",
    "timestamp": "2019-02-04 06:09:50.582764",
    "values": {
        "noisy_test_acc": [
            54.83173076923077,
            57.37980769230769,
            62.82211538461539,
            56.47115384615385,
            61.22115384615385,
            59.29807692307692,
            58.875,
            56.85096153846154,
            55.89423076923077,
            52.25961538461539,
            54.10096153846154,
            53.09134615384615,
            53.09615384615385,
            53.89903846153846,
            50.77884615384615,
            49.95673076923077,
            49.20192307692308,
            49.83653846153846,
            46.17307692307692,
            50.1875,
            48.19230769230769,
            48.22115384615385,
            50.24038461538461,
            48.54326923076923,
            49.21153846153846,
            47.72596153846154,
            42.34134615384615,
            43.34134615384615,
            44.15865384615385,
            47.40865384615385
        ],
        "noisy_test_loss": [
            1.493636744572566,
            1.4080668111947867,
            1.2549849759615384,
            1.6611273119999812,
            1.6444942694443923,
            1.8478621967022235,
            1.9503884344834548,
            2.5634766329251804,
            2.6690176978478064,
            3.396702857384315,
            3.023265254680927,
            4.078993547879732,
            3.929662311260517,
            4.216986395028921,
            4.920979232788086,
            5.712490386962891,
            5.286044710599459,
            5.552328520554763,
            6.412520364614633,
            5.912408723097581,
            6.1075671738844655,
            7.315895726130559,
            5.938087874192458,
            7.1517850142258865,
            6.758128697321965,
            7.921617560753456,
            10.938033359234149,
            9.02071553156926,
            8.039256732647235,
            7.253094177246094
        ],
        "test_acc": [
            87.58173076923077,
            89.34615384615384,
            90.1826923076923,
            91.00961538461539,
            91.22596153846153,
            90.80288461538461,
            91.0,
            91.47596153846153,
            91.72596153846153,
            91.2548076923077,
            91.21634615384616,
            91.47115384615384,
            91.77884615384616,
            91.38942307692308,
            91.75,
            91.63942307692308,
            91.67788461538461,
            91.66826923076923,
            91.39423076923077,
            91.48557692307692,
            91.48557692307692,
            91.5673076923077,
            91.39423076923077,
            91.60096153846153,
            91.47596153846153,
            91.48557692307692,
            91.20673076923077,
            91.60096153846153,
            91.13942307692308,
            91.15865384615384
        ],
        "test_loss": [
            0.3944161136333759,
            0.3404523475353534,
            0.31005122844989486,
            0.28846925478715163,
            0.28540539998274583,
            0.29243012501643256,
            0.284929613333482,
            0.28132846648876486,
            0.2764823763187115,
            0.293912185889024,
            0.2892007802082942,
            0.3132971352797288,
            0.31057267885941725,
            0.32055634278517503,
            0.3068196927584135,
            0.337941673718966,
            0.31627087629758394,
            0.3310656606234037,
            0.3370872710301326,
            0.351515929882343,
            0.3692252745995155,
            0.3591239914527306,
            0.360432584469135,
            0.3706157090113713,
            0.37480363332308253,
            0.37651625046363246,
            0.41121640792259806,
            0.3890498920587393,
            0.4072807766841008,
            0.40180793908926155
        ],
        "val_acc": [
            87.52,
            89.34,
            90.23,
            90.87,
            91.22,
            90.86,
            90.78,
            91.34,
            91.68,
            91.52,
            91.15,
            91.23,
            91.59,
            91.45,
            91.68,
            91.65,
            91.52,
            91.83,
            91.41,
            91.24,
            91.35,
            91.51,
            91.49,
            91.64,
            91.33,
            91.63,
            91.36,
            91.56,
            91.03,
            91.72
        ],
        "val_loss": [
            0.4025035461425781,
            0.33646168212890626,
            0.3021593200683594,
            0.28809905090332033,
            0.28767886810302734,
            0.2811229263305664,
            0.2799650085449219,
            0.2814184722900391,
            0.2701082778930664,
            0.27973247985839844,
            0.2835187774658203,
            0.3111574722290039,
            0.2913454391479492,
            0.31241236572265624,
            0.29405098571777344,
            0.3295642791748047,
            0.30898073120117187,
            0.32501155395507814,
            0.3300183349609375,
            0.35293731842041015,
            0.3605240814208984,
            0.35369360046386716,
            0.3534006225585937,
            0.3579120544433594,
            0.37650389099121095,
            0.3819072814941406,
            0.39771214294433593,
            0.36803363647460935,
            0.38898615112304685,
            0.39205714111328127
        ]
    }
}