{
    "desc": "Run 36 of hyperparameter search",
    "log_stdout": false,
    "params": {
        "alpha": 0.5,
        "batch_size": 128,
        "batch_size_eval": 1000,
        "learning_rate": 0.005,
        "momentum": 0.3,
        "num_epochs": 30,
        "num_passes": 2,
        "scaling_factor": 2
    },
    "stdout": "",
    "timestamp": "2019-02-04 06:29:30.689244",
    "values": {
        "noisy_test_acc": [
            41.16346153846154,
            39.55769230769231,
            39.9375,
            39.67788461538461,
            40.8125,
            40.83173076923077,
            40.77403846153846,
            41.98076923076923,
            42.21153846153846,
            43.07211538461539,
            43.04326923076923,
            43.41346153846154,
            43.90865384615385,
            44.28846153846154,
            45.35576923076923,
            46.51442307692308,
            46.57211538461539,
            46.12019230769231,
            46.52403846153846,
            46.87019230769231,
            48.23557692307692,
            49.22596153846154,
            48.80769230769231,
            49.48557692307692,
            49.85096153846154,
            50.0625,
            50.78846153846154,
            51.21153846153846,
            51.97596153846154,
            53.42788461538461
        ],
        "noisy_test_loss": [
            2.1921583498441257,
            2.1526983994704025,
            2.1625206815279445,
            2.1566811693631687,
            2.13029361137977,
            2.1203542856069713,
            2.104877545283391,
            2.046559263376089,
            2.0324222388634317,
            1.9744921875,
            1.9608275956373948,
            1.9426438639714168,
            1.9128694416926457,
            1.8896713051429161,
            1.8603860825758713,
            1.8155234146118164,
            1.7989726961576022,
            1.8135600603543796,
            1.7735414505004883,
            1.7742356593792254,
            1.7296365151038537,
            1.6960492911705605,
            1.7015633010864257,
            1.6667051990215596,
            1.6619596613370455,
            1.6471444423382098,
            1.6334806163494404,
            1.6206307851351225,
            1.5926694899338942,
            1.5634410065871018
        ],
        "test_acc": [
            60.61538461538461,
            67.22115384615384,
            70.75,
            73.76923076923077,
            76.32692307692308,
            78.24038461538461,
            79.99038461538461,
            81.20192307692308,
            82.26923076923077,
            83.20192307692308,
            83.8173076923077,
            84.40865384615384,
            84.80288461538461,
            85.45192307692308,
            85.8125,
            86.21634615384616,
            86.46634615384616,
            86.78365384615384,
            86.92307692307692,
            87.29326923076923,
            87.26442307692308,
            87.63942307692308,
            87.75961538461539,
            87.98557692307692,
            88.17788461538461,
            88.23557692307692,
            88.54326923076923,
            88.76442307692308,
            88.71153846153847,
            88.95673076923077
        ],
        "test_loss": [
            1.4771579507681039,
            1.1524861203707182,
            1.0060294782198393,
            0.904090226980356,
            0.8189216056236854,
            0.749661516042856,
            0.6934287628760705,
            0.6479885512131911,
            0.609461669921875,
            0.576227958385761,
            0.5506313221271222,
            0.528359191601093,
            0.5092167971684383,
            0.4915079248868502,
            0.4766841037456806,
            0.4646553509051983,
            0.4520147389632005,
            0.44056857109069825,
            0.4315467225588285,
            0.4216029959458571,
            0.414156190432035,
            0.4065850786062387,
            0.39878511135394756,
            0.3922784313788781,
            0.3855894917708177,
            0.38077072657071626,
            0.373863797554603,
            0.3680899612720196,
            0.3654203282869779,
            0.3608867227114164
        ],
        "val_acc": [
            59.78,
            66.55,
            70.7,
            73.4,
            75.92,
            77.7,
            79.22,
            80.56,
            81.63,
            82.68,
            83.16,
            83.75,
            84.52,
            84.91,
            85.44,
            85.82,
            86.14,
            86.46,
            86.87,
            87.26,
            87.46,
            87.51,
            87.74,
            88.1,
            88.17,
            88.26,
            88.35,
            88.54,
            88.75,
            88.87
        ],
        "val_loss": [
            1.4813663818359375,
            1.1593753295898437,
            1.0130764526367189,
            0.9114411071777344,
            0.8265732421875,
            0.7578741821289062,
            0.7018964782714844,
            0.6569969787597656,
            0.6176366394042969,
            0.5851601989746094,
            0.5593846374511718,
            0.535276025390625,
            0.5154422821044922,
            0.4980145202636719,
            0.4827020416259766,
            0.4698027618408203,
            0.4554449035644531,
            0.4435655487060547,
            0.4344698211669922,
            0.4234440979003906,
            0.41530441284179687,
            0.40741144104003907,
            0.40022582702636716,
            0.39199338073730466,
            0.38567862854003904,
            0.38006385498046874,
            0.37336497802734375,
            0.3668691131591797,
            0.363008251953125,
            0.3589102264404297
        ]
    }
}