{
    "desc": "Run 37 of hyperparameter search",
    "log_stdout": false,
    "params": {
        "alpha": 0.5,
        "batch_size": 128,
        "batch_size_eval": 1000,
        "learning_rate": 0.005,
        "momentum": 0.5,
        "num_epochs": 30,
        "num_passes": 2,
        "scaling_factor": 2
    },
    "stdout": "",
    "timestamp": "2019-02-04 06:48:01.093651",
    "values": {
        "noisy_test_acc": [
            41.37019230769231,
            39.08653846153846,
            39.875,
            40.67788461538461,
            42.15384615384615,
            41.89903846153846,
            41.59134615384615,
            43.16346153846154,
            43.99038461538461,
            44.85096153846154,
            44.99038461538461,
            45.60096153846154,
            46.79807692307692,
            47.15384615384615,
            47.79807692307692,
            49.28846153846154,
            50.42307692307692,
            49.02884615384615,
            49.94230769230769,
            49.87019230769231,
            51.95192307692308,
            53.41346153846154,
            52.78365384615385,
            53.35096153846154,
            53.41826923076923,
            53.79326923076923,
            54.27403846153846,
            54.25961538461539,
            55.17307692307692,
            55.99519230769231
        ],
        "noisy_test_loss": [
            2.113618598351112,
            2.1948280393160307,
            2.1613968423696663,
            2.116951285142165,
            2.068164784358098,
            2.055811984722431,
            2.0328895392784707,
            1.965555264399602,
            1.9307170545137846,
            1.8651045843271108,
            1.8634505873460037,
            1.835011130112868,
            1.8020923174344576,
            1.769480714064378,
            1.7316958060631384,
            1.685388711782602,
            1.6438247079115647,
            1.6819597537700945,
            1.6497020604060246,
            1.6490450418912448,
            1.5919022897573618,
            1.5561817653362569,
            1.5666371154785157,
            1.5365705255361704,
            1.5307333124600924,
            1.5170415291419397,
            1.5199447851914627,
            1.502844989483173,
            1.4779313806387093,
            1.46483761714055
        ],
        "test_acc": [
            63.62019230769231,
            70.0,
            74.2548076923077,
            77.5048076923077,
            79.9423076923077,
            81.78846153846153,
            83.00961538461539,
            83.74038461538461,
            84.60096153846153,
            85.3798076923077,
            85.83653846153847,
            86.38942307692308,
            86.75,
            87.10576923076923,
            87.38942307692308,
            87.4951923076923,
            87.89903846153847,
            88.28365384615384,
            88.38461538461539,
            88.71153846153847,
            88.8076923076923,
            89.0048076923077,
            89.15865384615384,
            89.3173076923077,
            89.52403846153847,
            89.60096153846153,
            89.8125,
            89.95192307692308,
            89.88461538461539,
            90.04326923076923
        ],
        "test_loss": [
            1.297607031602126,
            1.0338933357825646,
            0.8843470324002779,
            0.7780660937382625,
            0.6938278609055739,
            0.6309266515878531,
            0.5838729462256799,
            0.5482351435147799,
            0.5178906866220327,
            0.49177228194016676,
            0.4717485897357647,
            0.4547993960747352,
            0.43956382458026594,
            0.42488668808570274,
            0.41350965133080114,
            0.4042897231762226,
            0.3943889383169321,
            0.3848721856337327,
            0.3774334423358624,
            0.3694160057948186,
            0.36351355405954217,
            0.3575392825786884,
            0.3511552480550913,
            0.3453575779841496,
            0.33994286463810847,
            0.33690349945655235,
            0.3305313550508939,
            0.32574177742004395,
            0.3243870603121244,
            0.3203285187941331
        ],
        "val_acc": [
            62.92,
            69.88,
            73.92,
            76.92,
            79.16,
            81.07,
            82.25,
            83.18,
            84.19,
            85.06,
            85.51,
            86.01,
            86.47,
            86.97,
            87.39,
            87.54,
            87.96,
            88.16,
            88.3,
            88.73,
            88.77,
            88.97,
            89.25,
            89.55,
            89.58,
            89.61,
            89.81,
            89.99,
            89.93,
            90.03
        ],
        "val_loss": [
            1.30333974609375,
            1.0412681579589844,
            0.8921438293457031,
            0.7863392395019532,
            0.7018266296386719,
            0.6395837219238282,
            0.5919975158691406,
            0.5561835876464843,
            0.5241639434814453,
            0.4982421142578125,
            0.47800683898925783,
            0.4587767822265625,
            0.4427832977294922,
            0.4280213348388672,
            0.41589227905273435,
            0.4053659027099609,
            0.39410905151367187,
            0.3839802215576172,
            0.37704967346191404,
            0.36751859130859377,
            0.3615081573486328,
            0.35521130065917966,
            0.35020638427734374,
            0.3424025756835937,
            0.3373574951171875,
            0.3335592926025391,
            0.3277939788818359,
            0.32231895141601563,
            0.32034630737304687,
            0.31684615783691406
        ]
    }
}