{
    "desc": "Run 38 of hyperparameter search",
    "log_stdout": false,
    "params": {
        "alpha": 0.5,
        "batch_size": 128,
        "batch_size_eval": 1000,
        "learning_rate": 0.005,
        "momentum": 0.7,
        "num_epochs": 30,
        "num_passes": 2,
        "scaling_factor": 2
    },
    "stdout": "",
    "timestamp": "2019-02-04 07:06:31.926239",
    "values": {
        "noisy_test_acc": [
            40.67307692307692,
            39.56730769230769,
            41.17788461538461,
            41.41826923076923,
            43.49038461538461,
            44.5,
            45.10096153846154,
            46.63942307692308,
            47.625,
            50.58653846153846,
            49.54807692307692,
            51.03365384615385,
            51.92788461538461,
            52.49519230769231,
            54.19711538461539,
            54.8125,
            56.09134615384615,
            55.10576923076923,
            55.42788461538461,
            54.89903846153846,
            57.71634615384615,
            57.09615384615385,
            56.86057692307692,
            58.3125,
            58.26442307692308,
            56.61057692307692,
            57.22115384615385,
            56.69230769230769,
            57.77884615384615,
            56.68269230769231
        ],
        "noisy_test_loss": [
            2.1280960435133713,
            2.182712522653433,
            2.069578376183143,
            2.013145294189453,
            1.9389492122943586,
            1.8973435064462516,
            1.8489417736346905,
            1.7841370861346906,
            1.7409368192232573,
            1.6488657628572905,
            1.662067761054406,
            1.6099533682603102,
            1.5802952810434194,
            1.5612153185330904,
            1.508604580805852,
            1.4943759434039776,
            1.4665370589036208,
            1.4826309673602764,
            1.483906364440918,
            1.4866372211162862,
            1.415954921428974,
            1.4140477297856258,
            1.4439056073702299,
            1.3918974582965558,
            1.3962181766216573,
            1.4501016528789814,
            1.4313335418701172,
            1.443851892031156,
            1.4117272465045636,
            1.4593915675236628
        ],
        "test_acc": [
            68.13461538461539,
            75.14903846153847,
            79.82692307692308,
            82.3173076923077,
            84.11538461538461,
            85.20192307692308,
            86.125,
            86.66826923076923,
            87.20192307692308,
            87.61057692307692,
            88.16826923076923,
            88.63461538461539,
            88.8701923076923,
            89.28846153846153,
            89.58653846153847,
            89.5673076923077,
            89.86538461538461,
            90.08653846153847,
            90.11538461538461,
            90.39423076923077,
            90.38942307692308,
            90.47596153846153,
            90.51442307692308,
            90.79326923076923,
            90.8701923076923,
            90.875,
            91.0576923076923,
            91.10576923076923,
            91.02884615384616,
            91.25961538461539
        ],
        "test_loss": [
            1.1020064603365385,
            0.8498104594304011,
            0.6947230808551494,
            0.603458068554218,
            0.5382773105914777,
            0.4937386938241812,
            0.4625046216524564,
            0.43808281898498536,
            0.4170514781658466,
            0.3983843891437237,
            0.38379210985623874,
            0.3715931591620812,
            0.36076649739192085,
            0.34947856609637923,
            0.3410521984100342,
            0.33522684977604794,
            0.32826683704669657,
            0.32218280498798074,
            0.3154073054973896,
            0.31061075687408446,
            0.3062719807258019,
            0.3023273963194627,
            0.29853583115797777,
            0.2940017234362089,
            0.29099288573631876,
            0.29088248839745157,
            0.2850235755626972,
            0.2822901344299316,
            0.2824409088721642,
            0.27984335312476527
        ],
        "val_acc": [
            67.89,
            74.82,
            79.16,
            81.78,
            83.53,
            84.99,
            85.83,
            86.55,
            87.29,
            87.69,
            88.09,
            88.53,
            88.76,
            89.02,
            89.17,
            89.69,
            89.93,
            90.02,
            90.24,
            90.51,
            90.47,
            90.62,
            90.7,
            90.94,
            91.17,
            91.15,
            91.27,
            91.33,
            91.25,
            91.34
        ],
        "val_loss": [
            1.1093457763671875,
            0.8580946105957031,
            0.7044430114746094,
            0.6126241027832031,
            0.5448623992919922,
            0.49999622497558593,
            0.4664491241455078,
            0.4408557159423828,
            0.41837164001464844,
            0.39919977111816407,
            0.3852172607421875,
            0.3701993469238281,
            0.35900858764648436,
            0.3477575439453125,
            0.33908085021972656,
            0.33080357666015625,
            0.32306783447265625,
            0.31629689025878904,
            0.3116968353271484,
            0.3045078338623047,
            0.3016047576904297,
            0.2969982849121094,
            0.29641707611083984,
            0.28811148986816404,
            0.2857095733642578,
            0.2840381637573242,
            0.2784012329101562,
            0.275684538269043,
            0.2751348434448242,
            0.2734955764770508
        ]
    }
}