{
    "desc": "Run 39 of hyperparameter search",
    "log_stdout": false,
    "params": {
        "alpha": 0.5,
        "batch_size": 128,
        "batch_size_eval": 1000,
        "learning_rate": 0.01,
        "momentum": 0.3,
        "num_epochs": 30,
        "num_passes": 2,
        "scaling_factor": 2
    },
    "stdout": "",
    "timestamp": "2019-02-04 07:25:17.619457",
    "values": {
        "noisy_test_acc": [
            41.21634615384615,
            39.5,
            41.03365384615385,
            40.91826923076923,
            42.75,
            43.15384615384615,
            43.98557692307692,
            45.45192307692308,
            46.02884615384615,
            47.99519230769231,
            48.58653846153846,
            49.19711538461539,
            49.75961538461539,
            50.89903846153846,
            52.49519230769231,
            53.44230769230769,
            54.76442307692308,
            53.08173076923077,
            53.4375,
            53.65865384615385,
            56.54326923076923,
            57.05769230769231,
            56.24519230769231,
            57.24519230769231,
            57.10576923076923,
            56.71634615384615,
            57.28846153846154,
            55.97596153846154,
            57.90865384615385,
            57.15865384615385
        ],
        "noisy_test_loss": [
            2.1168182431734524,
            2.1987813450739933,
            2.102153540391188,
            2.051542989290678,
            1.9846772795457106,
            1.955808442922739,
            1.9021471316997822,
            1.8391442137498122,
            1.8013983212984526,
            1.7318248132558969,
            1.711593905228835,
            1.6810655373793382,
            1.6531706824669472,
            1.6109393486609827,
            1.5753866342397838,
            1.5294758195143479,
            1.508549546461839,
            1.5442095243013823,
            1.5383194644634541,
            1.5161970637394833,
            1.4503323907118577,
            1.4206546798119177,
            1.4653700344379132,
            1.4175884819030762,
            1.4101988058823807,
            1.4411871895423303,
            1.4395737956120418,
            1.4566875516451323,
            1.4171035487835224,
            1.444309168595534
        ],
        "test_acc": [
            66.94711538461539,
            73.65384615384616,
            78.2451923076923,
            81.10576923076923,
            83.09134615384616,
            84.375,
            85.27403846153847,
            85.88461538461539,
            86.65865384615384,
            87.11057692307692,
            87.54326923076923,
            87.95192307692308,
            88.26923076923077,
            88.79807692307692,
            88.92788461538461,
            89.11057692307692,
            89.32692307692308,
            89.71634615384616,
            89.70192307692308,
            89.9951923076923,
            89.9326923076923,
            90.13942307692308,
            90.27884615384616,
            90.41826923076923,
            90.63942307692308,
            90.54807692307692,
            90.73076923076923,
            90.8076923076923,
            90.7451923076923,
            91.00961538461539
        ],
        "test_loss": [
            1.1552518580510067,
            0.9060736289391151,
            0.7498212022047777,
            0.650318804520827,
            0.5795200832073505,
            0.5294491107647236,
            0.4939257152263935,
            0.4671710469172551,
            0.44315891412588265,
            0.4231413745880127,
            0.4067465033897987,
            0.3934998321533203,
            0.38168766461885895,
            0.3690980478433462,
            0.3604680662888747,
            0.3535753426185021,
            0.34589511211101825,
            0.33830733592693624,
            0.3316325818575346,
            0.3257680005293626,
            0.32090528854956996,
            0.3166667329348051,
            0.31164658289689284,
            0.3071489744919997,
            0.3028940802354079,
            0.3018193468680749,
            0.29640903766338644,
            0.29272086216853216,
            0.2930018237920908,
            0.289894978083097
        ],
        "val_acc": [
            66.59,
            73.34,
            77.62,
            80.4,
            82.47,
            83.85,
            84.93,
            85.83,
            86.43,
            86.95,
            87.52,
            88.0,
            88.2,
            88.49,
            88.77,
            89.2,
            89.28,
            89.61,
            89.75,
            89.96,
            90.1,
            90.25,
            90.55,
            90.67,
            90.82,
            90.86,
            90.72,
            91.1,
            90.92,
            90.89
        ],
        "val_loss": [
            1.1623486572265624,
            0.9139222045898437,
            0.7591824035644531,
            0.6593674499511719,
            0.5867510620117188,
            0.5368365753173828,
            0.4993117218017578,
            0.47148253479003904,
            0.44609158630371093,
            0.42570079956054685,
            0.40965130310058595,
            0.39349096069335937,
            0.3812069732666016,
            0.368640771484375,
            0.3595318908691406,
            0.35059290466308596,
            0.34188933715820313,
            0.33372664794921875,
            0.32842247619628906,
            0.32072613525390625,
            0.31682449951171876,
            0.3121770782470703,
            0.3096980865478516,
            0.3020106872558594,
            0.2979027374267578,
            0.29596971740722655,
            0.2908313934326172,
            0.28642931060791016,
            0.28616478424072267,
            0.2840265167236328
        ]
    }
}