{
    "desc": "Run 4 of hyperparameter search",
    "log_stdout": false,
    "params": {
        "alpha": 0.3,
        "batch_size": 64,
        "batch_size_eval": 1000,
        "learning_rate": 0.01,
        "momentum": 0.5,
        "num_epochs": 30,
        "num_passes": 2,
        "scaling_factor": 2
    },
    "stdout": "",
    "timestamp": "2019-02-03 19:49:09.981626",
    "values": {
        "noisy_test_acc": [
            41.97115384615385,
            43.69230769230769,
            46.13461538461539,
            48.26923076923077,
            50.65384615384615,
            50.41346153846154,
            53.88461538461539,
            53.93269230769231,
            56.03846153846154,
            57.41346153846154,
            56.29326923076923,
            57.3125,
            59.20673076923077,
            58.63942307692308,
            60.00480769230769,
            59.22115384615385,
            60.50961538461539,
            60.125,
            59.44711538461539,
            60.6875,
            59.79326923076923,
            58.87019230769231,
            59.58653846153846,
            58.64423076923077,
            56.99038461538461,
            57.40384615384615,
            56.86057692307692,
            57.42307692307692,
            56.67788461538461,
            55.47115384615385
        ],
        "noisy_test_loss": [
            2.1114941817063553,
            2.015856505173903,
            1.8305174402090219,
            1.778393140939566,
            1.6691460154606745,
            1.6508698947613056,
            1.5314396579448994,
            1.5252564576955943,
            1.4528479268000676,
            1.4078543574993427,
            1.420553122300368,
            1.4014113132770245,
            1.3483460074204665,
            1.3616067387507511,
            1.318285791690533,
            1.3451812670781063,
            1.305222998399001,
            1.3049676660391,
            1.3362666342808651,
            1.322577344454252,
            1.3322066967303936,
            1.3625533089270958,
            1.357558992092426,
            1.3715000754136306,
            1.45721925001878,
            1.4432020906301646,
            1.4772657423753004,
            1.4543686925447905,
            1.4635898626767672,
            1.540610886353713
        ],
        "test_acc": [
            76.92788461538461,
            82.82211538461539,
            85.21634615384616,
            86.83173076923077,
            87.78846153846153,
            88.28846153846153,
            89.0625,
            89.1923076923077,
            89.82692307692308,
            89.9951923076923,
            90.03365384615384,
            90.51442307692308,
            90.66826923076923,
            90.61057692307692,
            90.9375,
            91.01923076923077,
            91.07692307692308,
            91.19711538461539,
            91.14903846153847,
            91.4423076923077,
            91.48557692307692,
            91.53846153846153,
            91.55288461538461,
            91.64423076923077,
            91.6923076923077,
            91.6923076923077,
            91.88942307692308,
            91.7451923076923,
            91.83173076923077,
            91.79326923076923
        ],
        "test_loss": [
            0.8013463827279897,
            0.5864708064152644,
            0.49434307245107795,
            0.4412057003608117,
            0.4040759724837083,
            0.37945442273066593,
            0.35983007210951584,
            0.34617034692030685,
            0.3310033431419959,
            0.3229390643193172,
            0.3155425944695106,
            0.3045943186833308,
            0.29971357272221494,
            0.29729937626765324,
            0.29119265996492827,
            0.2851275502718412,
            0.283172930937547,
            0.27867567502535306,
            0.2745378941756028,
            0.27419735431671144,
            0.2709407722032987,
            0.2689738589066725,
            0.2682936455653264,
            0.26776417768918553,
            0.2659423101865328,
            0.2624877225435697,
            0.2632036957373986,
            0.25955819093264065,
            0.25965251482450047,
            0.2597166424531203
        ],
        "val_acc": [
            76.18,
            82.44,
            84.64,
            86.63,
            87.76,
            88.4,
            88.87,
            89.18,
            89.76,
            90.09,
            90.14,
            90.51,
            90.92,
            91.03,
            91.14,
            91.07,
            91.36,
            91.47,
            91.54,
            91.46,
            91.65,
            91.5,
            91.64,
            91.66,
            91.61,
            91.94,
            91.82,
            92.1,
            91.97,
            92.26
        ],
        "val_loss": [
            0.8105523803710938,
            0.5944496276855469,
            0.49996571350097657,
            0.4456652130126953,
            0.40714013061523435,
            0.37975702514648435,
            0.3624383026123047,
            0.3469531555175781,
            0.329486083984375,
            0.32091561584472655,
            0.31305214538574216,
            0.30376249389648435,
            0.2973145584106445,
            0.29475006408691407,
            0.28690153198242185,
            0.28404586791992187,
            0.279060302734375,
            0.2760720260620117,
            0.2716729736328125,
            0.2717798812866211,
            0.2693219039916992,
            0.2670547958374023,
            0.26474615936279294,
            0.26358455963134764,
            0.2645915145874023,
            0.2577357925415039,
            0.25962137603759766,
            0.25391901092529295,
            0.256097688293457,
            0.2511430862426758
        ]
    }
}