{
    "desc": "Run 40 of hyperparameter search",
    "log_stdout": false,
    "params": {
        "alpha": 0.5,
        "batch_size": 128,
        "batch_size_eval": 1000,
        "learning_rate": 0.01,
        "momentum": 0.5,
        "num_epochs": 30,
        "num_passes": 2,
        "scaling_factor": 2
    },
    "stdout": "",
    "timestamp": "2019-02-04 07:44:23.755613",
    "values": {
        "noisy_test_acc": [
            40.51923076923077,
            40.27403846153846,
            42.01442307692308,
            42.50961538461539,
            44.94711538461539,
            45.87019230769231,
            47.02403846153846,
            48.75,
            50.21153846153846,
            52.38461538461539,
            51.73076923076923,
            52.52403846153846,
            53.63942307692308,
            54.93269230769231,
            56.39423076923077,
            56.65384615384615,
            56.82692307692308,
            55.86057692307692,
            56.88461538461539,
            56.63461538461539,
            58.31730769230769,
            58.44230769230769,
            56.91826923076923,
            57.64423076923077,
            57.77884615384615,
            55.65384615384615,
            56.60576923076923,
            55.64423076923077,
            55.96153846153846,
            55.18269230769231
        ],
        "noisy_test_loss": [
            2.1399766716590296,
            2.156882007305439,
            2.0231854512141303,
            1.9612518193171575,
            1.87432376568134,
            1.8312597450843224,
            1.7781962497417743,
            1.6998778005746695,
            1.6445871411837065,
            1.5663504395118126,
            1.5859012765150804,
            1.5617973092886117,
            1.5164582516596867,
            1.4917596714313213,
            1.441298277928279,
            1.430245108971229,
            1.4406049376267653,
            1.4580593651991625,
            1.4417564421433668,
            1.465892614217905,
            1.3967960651104268,
            1.4023091052128718,
            1.4522534502469577,
            1.4156546563368577,
            1.41835692185622,
            1.5019227526738093,
            1.4730796021681565,
            1.4980877524155838,
            1.4878858170142542,
            1.5317160870478703
        ],
        "test_acc": [
            69.77884615384616,
            77.26923076923077,
            81.41346153846153,
            83.64423076923077,
            85.21634615384616,
            86.21634615384616,
            86.86538461538461,
            87.32211538461539,
            87.9423076923077,
            88.46153846153847,
            88.95673076923077,
            89.25961538461539,
            89.46634615384616,
            89.84615384615384,
            90.04326923076923,
            90.1298076923077,
            90.30288461538461,
            90.58173076923077,
            90.6298076923077,
            90.88461538461539,
            90.91826923076923,
            90.85096153846153,
            90.96153846153847,
            91.04326923076923,
            91.20192307692308,
            91.16826923076923,
            91.33653846153847,
            91.3701923076923,
            91.3076923076923,
            91.41826923076923
        ],
        "test_loss": [
            1.0375533734835112,
            0.7799861379770132,
            0.6323146394582895,
            0.5519590143057016,
            0.4962845934354342,
            0.456554416509775,
            0.4293826514024001,
            0.4080489576779879,
            0.3883744137103741,
            0.3726257588313176,
            0.3583966387235201,
            0.3480433838184063,
            0.3384362712273231,
            0.3281760098383977,
            0.32142764238210825,
            0.3159550028580886,
            0.3107114138970008,
            0.3045875314565805,
            0.2986058400227473,
            0.2954290166267982,
            0.291759709578294,
            0.28897241885845476,
            0.2850368096278264,
            0.282645131624662,
            0.27984869443453275,
            0.2804405538852398,
            0.27559763541588417,
            0.27325295815101036,
            0.27346609592437743,
            0.2722845348945031
        ],
        "val_acc": [
            69.7,
            76.75,
            80.95,
            83.09,
            84.69,
            86.1,
            86.93,
            87.58,
            87.96,
            88.49,
            89.03,
            89.24,
            89.54,
            89.81,
            89.98,
            90.37,
            90.5,
            90.6,
            90.86,
            90.92,
            90.96,
            90.99,
            91.18,
            91.31,
            91.47,
            91.52,
            91.67,
            91.8,
            91.61,
            91.65
        ],
        "val_loss": [
            1.0451916198730469,
            0.7895065551757813,
            0.6422275207519531,
            0.5601979553222656,
            0.5008312866210938,
            0.46115018005371095,
            0.4311971160888672,
            0.40838780822753906,
            0.3882736419677734,
            0.37132992553710936,
            0.35813058776855466,
            0.34478762817382813,
            0.33537671508789063,
            0.32552315979003904,
            0.31831643676757815,
            0.3097633666992187,
            0.30359413757324216,
            0.2975199401855469,
            0.2938711608886719,
            0.28790975189208984,
            0.2853409057617188,
            0.28204808502197265,
            0.2815357391357422,
            0.275786962890625,
            0.272451789855957,
            0.27259566802978513,
            0.2674369110107422,
            0.2647195327758789,
            0.26491992645263673,
            0.26465725250244143
        ]
    }
}