{
    "desc": "Run 41 of hyperparameter search",
    "log_stdout": false,
    "params": {
        "alpha": 0.5,
        "batch_size": 128,
        "batch_size_eval": 1000,
        "learning_rate": 0.01,
        "momentum": 0.7,
        "num_epochs": 30,
        "num_passes": 2,
        "scaling_factor": 2
    },
    "stdout": "",
    "timestamp": "2019-02-04 08:03:02.777045",
    "values": {
        "noisy_test_acc": [
            41.47115384615385,
            41.30288461538461,
            45.25480769230769,
            46.1875,
            49.65865384615385,
            51.06730769230769,
            52.44711538461539,
            54.46634615384615,
            55.37980769230769,
            58.49519230769231,
            56.55769230769231,
            57.05769230769231,
            58.49519230769231,
            58.60096153846154,
            60.08653846153846,
            58.68269230769231,
            58.45673076923077,
            58.09134615384615,
            56.40865384615385,
            55.83653846153846,
            56.33173076923077,
            55.39903846153846,
            55.02403846153846,
            55.04807692307692,
            54.55769230769231,
            51.36057692307692,
            52.38942307692308,
            51.25961538461539,
            50.8125,
            47.42788461538461
        ],
        "noisy_test_loss": [
            2.110229559678298,
            2.066300609295185,
            1.8620004507211538,
            1.7829051560621996,
            1.6698431015014648,
            1.610158101595365,
            1.5547042259803185,
            1.4824847573500413,
            1.4654977622398964,
            1.3854899817246658,
            1.4395990092937763,
            1.4180781980661246,
            1.3836844679025504,
            1.3486419721750114,
            1.336618399986854,
            1.3586890880878155,
            1.38927310356727,
            1.3959099960327148,
            1.4653350698030911,
            1.497288307776818,
            1.477635389474722,
            1.5155358607952412,
            1.5486570974496694,
            1.5369084270183857,
            1.5670084967980018,
            1.7464066901573767,
            1.695432030604436,
            1.741515367948092,
            1.7930470804067757,
            1.9684986892113319
        ],
        "test_acc": [
            75.1826923076923,
            81.95673076923077,
            84.92307692307692,
            86.36538461538461,
            87.5048076923077,
            88.35576923076923,
            88.9375,
            89.23557692307692,
            89.7548076923077,
            90.08173076923077,
            90.2451923076923,
            90.46153846153847,
            90.66346153846153,
            90.85096153846153,
            91.08173076923077,
            91.11538461538461,
            91.17307692307692,
            91.36538461538461,
            91.35096153846153,
            91.64903846153847,
            91.55288461538461,
            91.54326923076923,
            91.64423076923077,
            91.73076923076923,
            91.6298076923077,
            91.49038461538461,
            91.83173076923077,
            91.65865384615384,
            91.77403846153847,
            91.72115384615384
        ],
        "test_loss": [
            0.8557586669921875,
            0.6082272661649264,
            0.5002632463895358,
            0.445599124615009,
            0.4031518011826735,
            0.37391081736637993,
            0.3562198250110333,
            0.34204967131981484,
            0.3258005054180439,
            0.31726827914898215,
            0.3054884873903715,
            0.298709135055542,
            0.29186695465674767,
            0.28797296707446757,
            0.2821712688299326,
            0.27896707241351787,
            0.2774575064732478,
            0.27235584552471453,
            0.26752590142763577,
            0.26807798495659463,
            0.2658436668836153,
            0.2652821174034706,
            0.26269719563997707,
            0.26140214113088756,
            0.26340335552509014,
            0.2660908357913678,
            0.2614094378398015,
            0.26102041758023775,
            0.2640065897428072,
            0.2647281965842614
        ],
        "val_acc": [
            74.49,
            81.24,
            84.83,
            86.33,
            87.82,
            88.42,
            88.95,
            89.56,
            89.84,
            90.01,
            90.55,
            90.8,
            90.61,
            91.05,
            91.32,
            91.57,
            91.44,
            91.6,
            91.74,
            91.82,
            91.72,
            91.63,
            91.83,
            91.88,
            91.95,
            91.81,
            92.02,
            91.94,
            92.01,
            91.95
        ],
        "val_loss": [
            0.8654500915527343,
            0.6187508972167969,
            0.5067063079833984,
            0.44864278259277346,
            0.40240413208007814,
            0.37398309020996096,
            0.35385308532714843,
            0.3376638824462891,
            0.3225210250854492,
            0.31256669921875,
            0.30163912353515626,
            0.2917879669189453,
            0.28650809936523436,
            0.28319793701171875,
            0.2763058837890625,
            0.26853280181884764,
            0.26711766357421873,
            0.26359482879638674,
            0.26136595916748045,
            0.25907381591796874,
            0.25776613311767577,
            0.25742015991210937,
            0.25855949859619143,
            0.25387137451171876,
            0.25394679260253905,
            0.25811710968017576,
            0.25031246948242186,
            0.252872216796875,
            0.25343815460205077,
            0.25781392669677733
        ]
    }
}