{
    "desc": "Run 42 of hyperparameter search",
    "log_stdout": false,
    "params": {
        "alpha": 0.5,
        "batch_size": 128,
        "batch_size_eval": 1000,
        "learning_rate": 0.02,
        "momentum": 0.3,
        "num_epochs": 30,
        "num_passes": 2,
        "scaling_factor": 2
    },
    "stdout": "",
    "timestamp": "2019-02-04 08:21:34.182428",
    "values": {
        "noisy_test_acc": [
            40.77884615384615,
            40.74519230769231,
            44.37019230769231,
            43.86057692307692,
            47.65865384615385,
            49.36538461538461,
            50.46153846153846,
            52.42788461538461,
            53.70673076923077,
            56.10576923076923,
            55.66826923076923,
            55.4375,
            57.07692307692308,
            57.65865384615385,
            59.24038461538461,
            58.30769230769231,
            57.80288461538461,
            57.25961538461539,
            56.15384615384615,
            56.21153846153846,
            57.10576923076923,
            58.0625,
            56.58653846153846,
            56.0625,
            56.125,
            52.74519230769231,
            54.49038461538461,
            52.91826923076923,
            52.875,
            51.125
        ],
        "noisy_test_loss": [
            2.1362593636145957,
            2.106783643869253,
            1.9120642119187574,
            1.8495698459331806,
            1.7397465368417593,
            1.685410361656776,
            1.6265399815486028,
            1.5494297937246468,
            1.5129598221412073,
            1.4507096569354718,
            1.4728602086580718,
            1.4740746864905725,
            1.4230038569523737,
            1.3964343687204215,
            1.357827050135686,
            1.385444903740516,
            1.402954829289363,
            1.4190716347327599,
            1.4491303825378419,
            1.4742486953735352,
            1.4302084335914025,
            1.4259718718895544,
            1.4915277525094839,
            1.4947511408879206,
            1.5001848793029786,
            1.6453338960500863,
            1.5903421211242676,
            1.6454765525230994,
            1.678452033996582,
            1.7709339670034556
        ],
        "test_acc": [
            73.48076923076923,
            80.66346153846153,
            84.05288461538461,
            85.80288461538461,
            86.83653846153847,
            87.67307692307692,
            88.38942307692308,
            88.84134615384616,
            89.33173076923077,
            89.69711538461539,
            89.96153846153847,
            90.1298076923077,
            90.3173076923077,
            90.63942307692308,
            90.82211538461539,
            90.89903846153847,
            90.88461538461539,
            91.22596153846153,
            91.16346153846153,
            91.41346153846153,
            91.33173076923077,
            91.34615384615384,
            91.4951923076923,
            91.48076923076923,
            91.5625,
            91.4423076923077,
            91.69711538461539,
            91.6875,
            91.61538461538461,
            91.64903846153847
        ],
        "test_loss": [
            0.9106333600557768,
            0.6537770652770996,
            0.5342793596707858,
            0.47254673737746017,
            0.42894443585322456,
            0.3974245049403264,
            0.37490755521334135,
            0.35946284514207105,
            0.3413415974837083,
            0.3320689663520226,
            0.3186635024730976,
            0.3107488602858323,
            0.3032620716094971,
            0.2971392873617319,
            0.2928258631779597,
            0.2880169153213501,
            0.28596287397237924,
            0.2796725981052105,
            0.27477293014526366,
            0.27437848971440243,
            0.27042527492229756,
            0.27212487367483285,
            0.26734023644373966,
            0.2682296844629141,
            0.26657557487487793,
            0.2689502136523907,
            0.2650215618426983,
            0.26177432647118204,
            0.26570998705350435,
            0.2673403237416194
        ],
        "val_acc": [
            73.11,
            80.05,
            83.88,
            85.62,
            86.96,
            87.68,
            88.45,
            89.06,
            89.5,
            89.56,
            90.1,
            90.56,
            90.47,
            90.88,
            90.9,
            91.35,
            91.27,
            91.35,
            91.57,
            91.75,
            91.56,
            91.27,
            91.77,
            91.55,
            91.85,
            91.76,
            91.9,
            91.94,
            91.9,
            91.67
        ],
        "val_loss": [
            0.9189719177246094,
            0.6645237365722656,
            0.5422398864746094,
            0.4766037780761719,
            0.4290956817626953,
            0.3981475341796875,
            0.37283170776367186,
            0.35565852355957034,
            0.3385669494628906,
            0.32756656494140624,
            0.3151178924560547,
            0.3046965698242188,
            0.29806485900878904,
            0.29310227661132815,
            0.28773103790283205,
            0.27843033447265625,
            0.2759034225463867,
            0.2708383453369141,
            0.2679055114746094,
            0.2649237258911133,
            0.26269737396240234,
            0.2625493316650391,
            0.2623519760131836,
            0.25945605773925784,
            0.25607782440185545,
            0.26012296752929687,
            0.25482997131347657,
            0.252141813659668,
            0.25495907135009765,
            0.25892956085205077
        ]
    }
}