{
    "desc": "Run 43 of hyperparameter search",
    "log_stdout": false,
    "params": {
        "alpha": 0.5,
        "batch_size": 128,
        "batch_size_eval": 1000,
        "learning_rate": 0.02,
        "momentum": 0.5,
        "num_epochs": 30,
        "num_passes": 2,
        "scaling_factor": 2
    },
    "stdout": "",
    "timestamp": "2019-02-04 08:40:06.413219",
    "values": {
        "noisy_test_acc": [
            41.76442307692308,
            41.58653846153846,
            47.00961538461539,
            46.96153846153846,
            51.875,
            53.22115384615385,
            54.83173076923077,
            56.45673076923077,
            57.43269230769231,
            59.12980769230769,
            58.05769230769231,
            57.34134615384615,
            58.62980769230769,
            59.125,
            59.29326923076923,
            58.25,
            58.26442307692308,
            57.12980769230769,
            54.72596153846154,
            54.75480769230769,
            54.96634615384615,
            54.45673076923077,
            54.13942307692308,
            54.34134615384615,
            53.26442307692308,
            49.97115384615385,
            50.44230769230769,
            49.25961538461539,
            49.89903846153846,
            46.38461538461539
        ],
        "noisy_test_loss": [
            2.089675894517165,
            2.0325174361008864,
            1.7793717721792368,
            1.7333108990009014,
            1.5909243480975812,
            1.5385734249995304,
            1.5021980931208685,
            1.4233926112835225,
            1.4007523345947266,
            1.3562774643531212,
            1.398926962338961,
            1.3984903643681452,
            1.3813327994713416,
            1.3340508226247934,
            1.344820767916166,
            1.3845364702664889,
            1.3991797990065356,
            1.4280177380488468,
            1.5503014945983886,
            1.5541158646803637,
            1.5533221450218788,
            1.5851869216332068,
            1.6026749625572791,
            1.6175817445608285,
            1.6843969799922063,
            1.8837222554133488,
            1.8610596407376803,
            1.9113009350116437,
            1.920948693202092,
            2.1400664828373834
        ],
        "test_acc": [
            77.25,
            83.20673076923077,
            85.9423076923077,
            87.1826923076923,
            88.32692307692308,
            89.08173076923077,
            89.55288461538461,
            89.6923076923077,
            90.15384615384616,
            90.41826923076923,
            90.75961538461539,
            90.88461538461539,
            90.8798076923077,
            91.03846153846153,
            91.2451923076923,
            91.26442307692308,
            91.34134615384616,
            91.5,
            91.5625,
            91.82211538461539,
            91.74038461538461,
            91.63461538461539,
            91.76442307692308,
            91.77884615384616,
            91.89903846153847,
            91.63942307692308,
            91.95192307692308,
            91.73557692307692,
            91.7451923076923,
            91.82211538461539
        ],
        "test_loss": [
            0.7863283934959998,
            0.5585203669621395,
            0.46385029572706954,
            0.41496470671433666,
            0.37806715891911435,
            0.3517934116950402,
            0.33460237649770885,
            0.3248927563887376,
            0.30871038070091833,
            0.3034786679194524,
            0.2911435490388137,
            0.28617499094742993,
            0.2808329164064848,
            0.2791363738133357,
            0.27475507442767805,
            0.2711177976314838,
            0.2728882712584276,
            0.2661365171579214,
            0.26246562407566953,
            0.263225259414086,
            0.26183678920452413,
            0.2627692233599149,
            0.25978629479041465,
            0.2637043619155884,
            0.2635194360292875,
            0.26628298062544603,
            0.2622474200908954,
            0.2617668019808256,
            0.26856821133540226,
            0.2715730395683875
        ],
        "val_acc": [
            76.47,
            82.54,
            85.9,
            87.37,
            88.42,
            89.05,
            89.7,
            89.97,
            90.36,
            90.53,
            90.96,
            91.12,
            90.86,
            91.49,
            91.46,
            91.79,
            91.65,
            91.78,
            92.02,
            91.97,
            91.83,
            91.85,
            92.11,
            92.01,
            92.19,
            91.85,
            92.11,
            92.08,
            91.84,
            92.0
        ],
        "val_loss": [
            0.7970777404785157,
            0.5676183258056641,
            0.4678833038330078,
            0.41521689453125,
            0.37506114196777346,
            0.35123756103515624,
            0.33125484924316406,
            0.31886231689453126,
            0.3043772247314453,
            0.2976573944091797,
            0.2859088119506836,
            0.27905673675537107,
            0.2753692108154297,
            0.2737100326538086,
            0.26827239532470704,
            0.2591944427490234,
            0.26176187591552735,
            0.25656382751464846,
            0.2548373046875,
            0.254271794128418,
            0.2532814926147461,
            0.253913948059082,
            0.25375762634277343,
            0.25407742309570314,
            0.25319296112060546,
            0.2572859283447266,
            0.2508350784301758,
            0.25335775146484374,
            0.2553012130737305,
            0.26372614288330076
        ]
    }
}