{
    "desc": "Run 44 of hyperparameter search",
    "log_stdout": false,
    "params": {
        "alpha": 0.5,
        "batch_size": 128,
        "batch_size_eval": 1000,
        "learning_rate": 0.02,
        "momentum": 0.7,
        "num_epochs": 30,
        "num_passes": 2,
        "scaling_factor": 2
    },
    "stdout": "",
    "timestamp": "2019-02-04 08:58:39.574917",
    "values": {
        "noisy_test_acc": [
            43.28365384615385,
            46.16826923076923,
            52.78365384615385,
            53.19230769230769,
            56.52403846153846,
            57.36538461538461,
            58.92307692307692,
            60.13461538461539,
            61.59134615384615,
            60.125,
            58.05288461538461,
            58.25480769230769,
            58.89903846153846,
            58.13942307692308,
            57.93269230769231,
            56.51442307692308,
            55.93269230769231,
            56.12019230769231,
            50.71634615384615,
            52.84134615384615,
            53.11538461538461,
            49.30288461538461,
            50.5,
            51.08653846153846,
            50.10096153846154,
            43.61057692307692,
            48.32211538461539,
            47.04807692307692,
            46.75480769230769,
            43.41346153846154
        ],
        "noisy_test_loss": [
            1.9777872467041016,
            1.8073046141404372,
            1.5740264041607197,
            1.5112912104679987,
            1.428847559415377,
            1.3946060928931603,
            1.3564655127892127,
            1.3193723106384276,
            1.2679295451824482,
            1.3005527540353627,
            1.393976358266977,
            1.3694411659240722,
            1.380805222437932,
            1.3721235143221342,
            1.4241882397578314,
            1.4674111014146072,
            1.5584345758878269,
            1.5299442790104794,
            1.8029187393188477,
            1.7535303805424618,
            1.7571496376624474,
            1.9671077464177058,
            1.9364619636535645,
            1.8750125532883863,
            1.9665912510798527,
            2.5731254372229944,
            2.135575499901405,
            2.297417984008789,
            2.4298319009634164,
            2.7377720201932467
        ],
        "test_acc": [
            81.6923076923077,
            85.82211538461539,
            87.94711538461539,
            88.99038461538461,
            89.6875,
            90.3076923076923,
            90.61538461538461,
            90.54807692307692,
            90.85576923076923,
            91.375,
            91.46634615384616,
            91.41826923076923,
            91.50961538461539,
            91.42788461538461,
            91.83653846153847,
            91.82692307692308,
            91.84615384615384,
            91.80288461538461,
            91.78846153846153,
            91.9326923076923,
            91.97115384615384,
            91.8125,
            91.98076923076923,
            91.83173076923077,
            92.03846153846153,
            91.38942307692308,
            92.07692307692308,
            91.75,
            91.98557692307692,
            91.7548076923077
        ],
        "test_loss": [
            0.6183415427574744,
            0.45516843428978554,
            0.3863313806973971,
            0.3511212312258207,
            0.32454253343435435,
            0.30363629304445705,
            0.2938519382476807,
            0.2909885017688458,
            0.2784213898732112,
            0.2760419200016902,
            0.26987607882573056,
            0.2651906519669753,
            0.26452453136444093,
            0.269068236717811,
            0.26341689329880935,
            0.26145099016336293,
            0.2690729695100051,
            0.26200004724355846,
            0.2637586391889132,
            0.26502978324890136,
            0.26639598259559044,
            0.26565173405867354,
            0.26688716961787295,
            0.27008908345149113,
            0.27756971505972056,
            0.2921489583528959,
            0.2763407743894137,
            0.28660581295306864,
            0.28517092044536885,
            0.29780897213862495
        ],
        "val_acc": [
            80.91,
            85.49,
            88.27,
            89.12,
            90.08,
            90.31,
            90.92,
            91.05,
            91.31,
            91.42,
            91.49,
            91.6,
            91.4,
            91.58,
            91.72,
            92.04,
            91.93,
            92.06,
            92.05,
            91.97,
            91.94,
            92.2,
            92.05,
            92.07,
            92.18,
            91.6,
            92.02,
            92.08,
            92.12,
            92.01
        ],
        "val_loss": [
            0.6299668823242187,
            0.4585928466796875,
            0.38371630249023436,
            0.3463993957519531,
            0.318886767578125,
            0.3020505279541016,
            0.28983272399902343,
            0.28187815704345703,
            0.27244199981689454,
            0.2701032440185547,
            0.26475743408203123,
            0.25863797302246094,
            0.261092414855957,
            0.2629718078613281,
            0.25580462646484375,
            0.2500875778198242,
            0.25683171997070314,
            0.2523246139526367,
            0.25436259002685546,
            0.25767733001708987,
            0.25700872650146483,
            0.2579720855712891,
            0.2605598403930664,
            0.26073993530273437,
            0.26318306121826174,
            0.27983400115966794,
            0.26402510070800783,
            0.2760937515258789,
            0.2735566772460937,
            0.28573694000244143
        ]
    }
}