{
    "desc": "Run 45 of hyperparameter search",
    "log_stdout": false,
    "params": {
        "alpha": 0.5,
        "batch_size": 128,
        "batch_size_eval": 1000,
        "learning_rate": 0.04,
        "momentum": 0.3,
        "num_epochs": 30,
        "num_passes": 2,
        "scaling_factor": 2
    },
    "stdout": "",
    "timestamp": "2019-02-04 09:17:10.369592",
    "values": {
        "noisy_test_acc": [
            43.38461538461539,
            43.90865384615385,
            50.04326923076923,
            50.45192307692308,
            55.8125,
            56.65384615384615,
            58.39903846153846,
            59.64423076923077,
            60.48076923076923,
            60.71634615384615,
            58.50480769230769,
            57.94230769230769,
            59.0625,
            58.97596153846154,
            57.79807692307692,
            56.35096153846154,
            56.95192307692308,
            56.92307692307692,
            52.73076923076923,
            52.70673076923077,
            51.42307692307692,
            50.44230769230769,
            51.02884615384615,
            51.92788461538461,
            50.30769230769231,
            44.02884615384615,
            47.25,
            46.36538461538461,
            46.00961538461539,
            41.60576923076923
        ],
        "noisy_test_loss": [
            1.9983195348886342,
            1.9155784078744742,
            1.6600813528207632,
            1.6029025547321025,
            1.4516975036034216,
            1.4308082023033728,
            1.3613995992220365,
            1.3378630902216984,
            1.292060913672814,
            1.3048547495328464,
            1.3754330708430365,
            1.3968950212918796,
            1.3744497563288762,
            1.361282002375676,
            1.398368681394137,
            1.4748975460345928,
            1.4711983768756574,
            1.471345759171706,
            1.6994125659649189,
            1.7052730780381422,
            1.7929562289898213,
            1.8789030764653132,
            1.8536341960613545,
            1.8073994005643403,
            1.9324977390582745,
            2.4558574515122635,
            2.212866364992582,
            2.28935298039363,
            2.373901464022123,
            2.742021369934082
        ],
        "test_acc": [
            80.46634615384616,
            85.15384615384616,
            87.53846153846153,
            88.63942307692308,
            89.2548076923077,
            89.82211538461539,
            90.28846153846153,
            90.57211538461539,
            90.89903846153847,
            91.0625,
            91.3173076923077,
            91.34615384615384,
            91.47596153846153,
            91.38942307692308,
            91.6826923076923,
            91.74038461538461,
            91.6826923076923,
            91.875,
            91.73076923076923,
            92.01923076923077,
            91.82211538461539,
            91.7548076923077,
            91.82211538461539,
            91.58653846153847,
            91.97115384615384,
            91.7451923076923,
            91.97596153846153,
            91.85576923076923,
            91.88461538461539,
            91.78365384615384
        ],
        "test_loss": [
            0.6634144342862642,
            0.48283424304081846,
            0.4056478287623479,
            0.36769477990957405,
            0.3390338442875789,
            0.3187598888690655,
            0.30313327936025763,
            0.2981798377403846,
            0.2858027898348295,
            0.2826798369334294,
            0.27354116953336277,
            0.2684319224724403,
            0.2657829702817477,
            0.27096388523395243,
            0.266517612017118,
            0.2616251468658447,
            0.2674221996160654,
            0.260019233410175,
            0.26257948398590086,
            0.2621751308441162,
            0.26522560266348033,
            0.26556496143341063,
            0.2665641058408297,
            0.2714664235481849,
            0.2721371610348041,
            0.2736751039211567,
            0.27371376844552847,
            0.27434493798476,
            0.2806345877280602,
            0.2870979796923124
        ],
        "val_acc": [
            79.75,
            84.99,
            87.56,
            88.78,
            89.68,
            89.91,
            90.59,
            90.73,
            91.21,
            91.28,
            91.65,
            91.64,
            91.49,
            91.6,
            91.73,
            92.01,
            91.96,
            91.94,
            92.04,
            91.98,
            91.82,
            92.06,
            91.79,
            91.83,
            92.22,
            91.89,
            91.93,
            91.97,
            91.97,
            91.92
        ],
        "val_loss": [
            0.6747950561523437,
            0.4887309356689453,
            0.4056896270751953,
            0.36447501220703127,
            0.3331841552734375,
            0.3175394378662109,
            0.2989828094482422,
            0.2899898193359375,
            0.27960082244873047,
            0.27563012084960936,
            0.2663615676879883,
            0.2611412353515625,
            0.2596196502685547,
            0.2651676803588867,
            0.2585809982299805,
            0.25098845825195315,
            0.25343566284179686,
            0.2506893356323242,
            0.2512639007568359,
            0.2523877700805664,
            0.2542432601928711,
            0.2536512619018555,
            0.2579347610473633,
            0.26219893493652346,
            0.25665673522949217,
            0.261337565612793,
            0.26241154479980466,
            0.2637153335571289,
            0.2659775360107422,
            0.2751710952758789
        ]
    }
}