{
    "desc": "Run 46 of hyperparameter search",
    "log_stdout": false,
    "params": {
        "alpha": 0.5,
        "batch_size": 128,
        "batch_size_eval": 1000,
        "learning_rate": 0.04,
        "momentum": 0.5,
        "num_epochs": 30,
        "num_passes": 2,
        "scaling_factor": 2
    },
    "stdout": "",
    "timestamp": "2019-02-04 09:35:39.456508",
    "values": {
        "noisy_test_acc": [
            44.74038461538461,
            48.32211538461539,
            54.09615384615385,
            54.57692307692308,
            58.00480769230769,
            59.34134615384615,
            60.12980769230769,
            61.26923076923077,
            61.91346153846154,
            61.03365384615385,
            58.24038461538461,
            58.02403846153846,
            58.78846153846154,
            57.72115384615385,
            57.15865384615385,
            55.25480769230769,
            55.55769230769231,
            55.62980769230769,
            50.56730769230769,
            52.12980769230769,
            51.95192307692308,
            48.09134615384615,
            50.10096153846154,
            49.64903846153846,
            49.99038461538461,
            44.71153846153846,
            47.55769230769231,
            48.62019230769231,
            45.14903846153846,
            42.1875
        ],
        "noisy_test_loss": [
            1.9111612789447492,
            1.727609531696026,
            1.5192292272127592,
            1.474471717247596,
            1.3680709266662598,
            1.331603895334097,
            1.3122212820786696,
            1.2705523270827073,
            1.2500685633145845,
            1.2916736059922438,
            1.3789906325707069,
            1.3865778204110952,
            1.397085671058068,
            1.4288195243248574,
            1.461235684614915,
            1.5526521990849422,
            1.5992538261413574,
            1.601234251169058,
            1.9263451708280124,
            1.9174071238591122,
            1.8999568924537071,
            2.1662089626605696,
            2.1111047568688024,
            2.1363379830580493,
            2.1466165982759917,
            2.7128275636526253,
            2.407593603867751,
            2.409616622924805,
            2.8011463458721453,
            3.1190851284907413
        ],
        "test_acc": [
            82.66346153846153,
            86.53846153846153,
            88.75,
            89.60096153846153,
            90.16346153846153,
            90.50961538461539,
            91.05288461538461,
            90.83653846153847,
            91.25,
            91.38942307692308,
            91.73076923076923,
            91.52884615384616,
            91.72115384615384,
            91.49038461538461,
            91.79807692307692,
            91.9375,
            91.82692307692308,
            91.91826923076923,
            91.91346153846153,
            91.86538461538461,
            91.99038461538461,
            91.83653846153847,
            91.82211538461539,
            91.70673076923077,
            91.91346153846153,
            91.5,
            92.01923076923077,
            92.07692307692308,
            91.91346153846153,
            91.79326923076923
        ],
        "test_loss": [
            0.5725053479121281,
            0.4291005794818585,
            0.36440137789799615,
            0.33292153725257284,
            0.3098636062328632,
            0.2927462922609769,
            0.28301211980672986,
            0.28215949388650746,
            0.2723332221691425,
            0.27180432393000675,
            0.26412951175983135,
            0.2635976732694186,
            0.2626031750899095,
            0.27119651867793154,
            0.2713059869179359,
            0.26189629848186785,
            0.27584595900315506,
            0.26877071820772613,
            0.2706241670021644,
            0.27431711563697225,
            0.27320020785698523,
            0.269974339558528,
            0.27908713744236874,
            0.2844873670431284,
            0.2946937230917124,
            0.29442469431803775,
            0.2908501493013822,
            0.2933513828424307,
            0.3016863059997559,
            0.3023521830485417
        ],
        "val_acc": [
            82.02,
            86.53,
            88.88,
            89.75,
            90.56,
            90.77,
            91.04,
            91.2,
            91.44,
            91.43,
            91.88,
            91.7,
            91.44,
            91.92,
            91.79,
            92.15,
            91.78,
            91.94,
            91.93,
            91.82,
            92.13,
            92.14,
            91.89,
            91.94,
            91.88,
            91.81,
            92.16,
            92.17,
            92.27,
            91.83
        ],
        "val_loss": [
            0.5828832824707031,
            0.4305455993652344,
            0.3610732147216797,
            0.3275963592529297,
            0.304290771484375,
            0.2919402435302734,
            0.27886504669189455,
            0.27317554931640625,
            0.26659722747802733,
            0.2653885070800781,
            0.25757343139648436,
            0.2550349349975586,
            0.2575241256713867,
            0.26502895965576173,
            0.2615896697998047,
            0.24916449432373047,
            0.26425341796875,
            0.2590804977416992,
            0.2604940704345703,
            0.26288128509521486,
            0.258074365234375,
            0.25950650177001955,
            0.2690431671142578,
            0.27601878356933596,
            0.2797121871948242,
            0.28067530364990234,
            0.27696177215576173,
            0.2827866317749023,
            0.28778829040527343,
            0.29220768585205076
        ]
    }
}