{
    "desc": "Run 47 of hyperparameter search",
    "log_stdout": false,
    "params": {
        "alpha": 0.5,
        "batch_size": 128,
        "batch_size_eval": 1000,
        "learning_rate": 0.04,
        "momentum": 0.7,
        "num_epochs": 30,
        "num_passes": 2,
        "scaling_factor": 2
    },
    "stdout": "",
    "timestamp": "2019-02-04 09:54:10.786352",
    "values": {
        "noisy_test_acc": [
            48.41346153846154,
            54.58173076923077,
            57.46634615384615,
            57.71153846153846,
            60.61057692307692,
            58.60096153846154,
            59.58173076923077,
            59.99038461538461,
            60.24038461538461,
            57.36057692307692,
            54.875,
            54.75480769230769,
            56.99519230769231,
            52.12980769230769,
            53.71634615384615,
            52.13461538461539,
            53.88942307692308,
            52.32211538461539,
            49.72596153846154,
            48.27403846153846,
            47.70192307692308,
            48.65865384615385,
            49.40384615384615,
            48.24519230769231,
            47.6875,
            45.8125,
            47.85576923076923,
            44.91346153846154,
            46.25961538461539,
            45.58173076923077
        ],
        "noisy_test_loss": [
            1.7402470075167142,
            1.4937782272925744,
            1.3889580623920148,
            1.3557120484572192,
            1.2866720918508676,
            1.3425212772075947,
            1.322705111870399,
            1.3315146592947154,
            1.3178851817204402,
            1.4890739132807804,
            1.6508952947763296,
            1.6802171985919658,
            1.6094893323458157,
            1.970409308213454,
            1.873159088721642,
            2.117343213008,
            2.007316511594332,
            2.2524537482628455,
            2.40833378131573,
            2.839238190284142,
            2.8213688102135293,
            2.8889528744037336,
            2.8142717361450194,
            3.033327930157001,
            3.199228498018705,
            3.629829984811636,
            3.201216289813702,
            4.016938074552096,
            3.9564565042349007,
            4.0707025322547326
        ],
        "test_acc": [
            85.35576923076923,
            88.3173076923077,
            89.6875,
            90.47115384615384,
            90.86057692307692,
            91.04326923076923,
            91.4375,
            91.3125,
            91.66826923076923,
            91.85096153846153,
            91.7548076923077,
            91.66346153846153,
            91.54326923076923,
            91.77884615384616,
            91.98557692307692,
            91.71634615384616,
            92.00961538461539,
            91.92307692307692,
            91.64903846153847,
            91.90865384615384,
            91.8798076923077,
            91.66346153846153,
            91.91346153846153,
            91.47596153846153,
            92.07692307692308,
            91.47596153846153,
            91.92788461538461,
            91.8173076923077,
            91.71153846153847,
            91.71153846153847
        ],
        "test_loss": [
            0.47079143450810357,
            0.37202978721031776,
            0.3246146627572867,
            0.29832353261800915,
            0.28297201596773586,
            0.278058965756343,
            0.26950045805711015,
            0.2722254595389733,
            0.2605458501669077,
            0.26518556118011477,
            0.2657863323505108,
            0.2655993544138395,
            0.27584373474121093,
            0.2762432021361131,
            0.27814836722153885,
            0.2803260986621563,
            0.2840261855492225,
            0.2869777829830463,
            0.2890762710571289,
            0.29906254364893986,
            0.3069798990396353,
            0.3053631701836219,
            0.30008958449730505,
            0.32732131921328034,
            0.3347501116532546,
            0.33839268317589394,
            0.328169546860915,
            0.3386837335733267,
            0.352190586236807,
            0.3397866014333872
        ],
        "val_acc": [
            85.12,
            88.28,
            89.92,
            90.49,
            91.05,
            90.94,
            91.5,
            91.28,
            91.66,
            91.81,
            92.01,
            92.01,
            91.5,
            92.12,
            92.01,
            91.95,
            92.11,
            91.88,
            92.16,
            91.86,
            92.21,
            91.96,
            91.52,
            91.61,
            91.91,
            91.76,
            92.05,
            91.95,
            91.82,
            91.9
        ],
        "val_loss": [
            0.4786890686035156,
            0.37096112060546876,
            0.3217677734375,
            0.29455919494628907,
            0.278095947265625,
            0.2767938705444336,
            0.2643496597290039,
            0.2651643524169922,
            0.25507697143554686,
            0.25726193389892577,
            0.2588274932861328,
            0.2555969787597656,
            0.265795085144043,
            0.26605861053466795,
            0.26707528686523435,
            0.26528206939697263,
            0.27125624237060547,
            0.2767504943847656,
            0.2664092666625977,
            0.27998814849853515,
            0.28566581115722656,
            0.28632568969726563,
            0.2954577774047852,
            0.31800251007080077,
            0.31518077697753905,
            0.3191360931396484,
            0.3127346145629883,
            0.3281311676025391,
            0.33240992736816405,
            0.3212986297607422
        ]
    }
}