{
    "desc": "Run 48 of hyperparameter search",
    "log_stdout": false,
    "params": {
        "alpha": 0.7,
        "batch_size": 64,
        "batch_size_eval": 1000,
        "learning_rate": 0.005,
        "momentum": 0.3,
        "num_epochs": 30,
        "num_passes": 2,
        "scaling_factor": 2
    },
    "stdout": "",
    "timestamp": "2019-02-04 10:12:45.865308",
    "values": {
        "noisy_test_acc": [
            40.35096153846154,
            40.30769230769231,
            43.07692307692308,
            42.49519230769231,
            44.4375,
            43.45673076923077,
            46.0,
            46.92307692307692,
            47.87980769230769,
            51.37980769230769,
            49.625,
            50.50480769230769,
            53.95192307692308,
            54.28365384615385,
            55.23557692307692,
            54.34615384615385,
            56.35576923076923,
            57.08653846153846,
            56.14903846153846,
            56.03846153846154,
            55.98076923076923,
            56.25,
            55.59615384615385,
            55.82692307692308,
            54.99038461538461,
            54.04807692307692,
            53.53365384615385,
            53.12019230769231,
            53.31730769230769,
            53.47115384615385
        ],
        "noisy_test_loss": [
            2.122673727182242,
            2.147103118896484,
            1.9933661534236027,
            1.9967100290151742,
            1.8946015900831956,
            1.8889010033240685,
            1.7881617502065805,
            1.7511306586632363,
            1.7142329553457407,
            1.6110764430119442,
            1.6470584311852088,
            1.631224479675293,
            1.5255108936016377,
            1.5186200479360727,
            1.4772370074345516,
            1.4995425503070539,
            1.4540687663738545,
            1.436273112663856,
            1.457288337120643,
            1.449132223862868,
            1.450068376981295,
            1.4716415009131798,
            1.4776311331528884,
            1.4751793421231782,
            1.5212423236553485,
            1.5561185602041392,
            1.5508415823716384,
            1.5538327862666204,
            1.5500670917217547,
            1.5752906447190504
        ],
        "test_acc": [
            66.32692307692308,
            74.11057692307692,
            79.08653846153847,
            82.11057692307692,
            84.0,
            85.01923076923077,
            86.09134615384616,
            86.66826923076923,
            87.32211538461539,
            87.70192307692308,
            88.21153846153847,
            88.73557692307692,
            88.95673076923077,
            89.14423076923077,
            89.58653846153847,
            89.78846153846153,
            89.88942307692308,
            90.04326923076923,
            90.16826923076923,
            90.49038461538461,
            90.3798076923077,
            90.5625,
            90.875,
            90.7548076923077,
            90.8076923076923,
            90.9951923076923,
            91.0048076923077,
            90.85576923076923,
            91.20192307692308,
            91.14423076923077
        ],
        "test_loss": [
            1.1695850929847131,
            0.8818425956139198,
            0.7124787594721868,
            0.608635236299955,
            0.5406772070664626,
            0.4950911786006047,
            0.46045879510732796,
            0.4331963693178617,
            0.41087983571566067,
            0.3937854510087233,
            0.3785217417203463,
            0.36481485366821287,
            0.352747980264517,
            0.3453074954106258,
            0.33487968151385966,
            0.32932846582852876,
            0.3196832282726581,
            0.31666402670053334,
            0.30885229477515586,
            0.3052798524269691,
            0.30199243178734414,
            0.2977542444375845,
            0.29442704860980695,
            0.29386356610518233,
            0.289487639940702,
            0.2850033184198233,
            0.28292729157667895,
            0.2822560479090764,
            0.27908555140862096,
            0.2784240143115704
        ],
        "val_acc": [
            65.66,
            73.7,
            78.45,
            81.39,
            83.47,
            84.75,
            85.67,
            86.62,
            87.22,
            87.9,
            88.2,
            88.69,
            89.24,
            89.4,
            89.8,
            89.84,
            90.2,
            90.24,
            90.71,
            90.69,
            90.76,
            90.76,
            90.8,
            90.91,
            90.94,
            91.27,
            91.33,
            91.25,
            91.3,
            91.48
        ],
        "val_loss": [
            1.1777702392578124,
            0.8918002868652344,
            0.7234369201660156,
            0.61991015625,
            0.5498463500976563,
            0.5018214080810547,
            0.4674966156005859,
            0.437743701171875,
            0.4122565032958984,
            0.39596531677246094,
            0.37751524047851565,
            0.3623687683105469,
            0.34927581481933595,
            0.3402832214355469,
            0.32918797607421874,
            0.32406930541992185,
            0.31386014099121096,
            0.3102706115722656,
            0.30163307495117186,
            0.2981399993896484,
            0.29529044342041016,
            0.29202785186767577,
            0.2872940017700195,
            0.28669713134765623,
            0.2842637420654297,
            0.2779068817138672,
            0.2757785827636719,
            0.2759114593505859,
            0.2736313491821289,
            0.26827049713134765
        ]
    }
}