{
    "desc": "Run 49 of hyperparameter search",
    "log_stdout": false,
    "params": {
        "alpha": 0.7,
        "batch_size": 64,
        "batch_size_eval": 1000,
        "learning_rate": 0.005,
        "momentum": 0.5,
        "num_epochs": 30,
        "num_passes": 2,
        "scaling_factor": 2
    },
    "stdout": "",
    "timestamp": "2019-02-04 10:32:20.962035",
    "values": {
        "noisy_test_acc": [
            40.09134615384615,
            42.01923076923077,
            44.30769230769231,
            44.18269230769231,
            46.625,
            45.71634615384615,
            49.74038461538461,
            50.99519230769231,
            51.89423076923077,
            55.1875,
            54.27884615384615,
            54.15865384615385,
            57.60096153846154,
            56.94230769230769,
            57.43269230769231,
            56.69230769230769,
            57.62019230769231,
            57.57211538461539,
            56.46634615384615,
            55.92307692307692,
            55.35576923076923,
            54.29326923076923,
            54.27403846153846,
            52.72115384615385,
            51.54807692307692,
            50.12019230769231,
            49.50961538461539,
            51.04807692307692,
            49.19230769230769,
            49.39903846153846
        ],
        "noisy_test_loss": [
            2.135394510122446,
            2.086335009061373,
            1.9072502781794622,
            1.9013379434438853,
            1.7897678551307092,
            1.7818024591299204,
            1.6487251589848444,
            1.6210503020653357,
            1.5840603711054875,
            1.4846450879023625,
            1.509964702312763,
            1.5056362988398626,
            1.4249617297832782,
            1.4279888211763823,
            1.4239071860680212,
            1.452020435333252,
            1.4054393988389235,
            1.42740482036884,
            1.451942316202017,
            1.4811302595872144,
            1.4860687754704403,
            1.5530481954721305,
            1.571938579265888,
            1.603502729856051,
            1.6883783575204703,
            1.7374410203786996,
            1.7819039256756122,
            1.7024072471031775,
            1.7698496305025542,
            1.7759262774540827
        ],
        "test_acc": [
            69.73076923076923,
            78.13942307692308,
            82.3125,
            84.70192307692308,
            86.0673076923077,
            86.74038461538461,
            87.64903846153847,
            88.14423076923077,
            88.95673076923077,
            89.15384615384616,
            89.50961538461539,
            89.89423076923077,
            90.07211538461539,
            90.125,
            90.5625,
            90.5576923076923,
            90.72596153846153,
            90.77884615384616,
            90.82692307692308,
            91.07211538461539,
            90.89423076923077,
            91.10576923076923,
            91.27403846153847,
            91.16346153846153,
            91.35096153846153,
            91.29807692307692,
            91.40865384615384,
            91.19711538461539,
            91.55288461538461,
            91.52884615384616
        ],
        "test_loss": [
            1.0323088073730469,
            0.7436154732337364,
            0.5938723300053523,
            0.51426146874061,
            0.461619322850154,
            0.4284905639061561,
            0.40032883864182695,
            0.3769268776820256,
            0.3600432505974403,
            0.34817691216102015,
            0.33516803448016824,
            0.3242518476339487,
            0.3148749879690317,
            0.310241421186007,
            0.3022916111579308,
            0.29861278717334455,
            0.29130362290602463,
            0.2907059383392334,
            0.28507571403796855,
            0.28341651843144344,
            0.2823000460404616,
            0.28023823738098147,
            0.2797252684373122,
            0.2805180549621582,
            0.2746972788297213,
            0.27216621398925783,
            0.27111468718602105,
            0.2723658917500423,
            0.2683302905009343,
            0.26922690611619216
        ],
        "val_acc": [
            69.6,
            77.5,
            81.73,
            83.99,
            85.68,
            86.71,
            87.66,
            88.32,
            88.88,
            89.44,
            89.61,
            89.92,
            90.36,
            90.51,
            90.82,
            90.89,
            91.1,
            91.01,
            91.32,
            91.31,
            91.27,
            91.24,
            91.38,
            91.44,
            91.37,
            91.66,
            91.53,
            91.61,
            91.58,
            91.86
        ],
        "val_loss": [
            1.0421774780273438,
            0.7548679077148438,
            0.6045695861816406,
            0.5239593933105469,
            0.4682338623046875,
            0.43075616760253904,
            0.4021812133789063,
            0.3767918640136719,
            0.35586163330078124,
            0.34488489379882814,
            0.32992791442871094,
            0.31851503295898437,
            0.3077632141113281,
            0.3027188140869141,
            0.29423407897949216,
            0.2912703521728516,
            0.28285221099853514,
            0.28406863708496094,
            0.27695449829101565,
            0.27555825805664064,
            0.2758107574462891,
            0.2739929428100586,
            0.27180369567871093,
            0.27187120666503906,
            0.2690925537109375,
            0.26407535705566404,
            0.26343860473632813,
            0.2653311813354492,
            0.2637493225097656,
            0.25793551788330077
        ]
    }
}