{
    "desc": "Run 5 of hyperparameter search",
    "log_stdout": false,
    "params": {
        "alpha": 0.3,
        "batch_size": 64,
        "batch_size_eval": 1000,
        "learning_rate": 0.01,
        "momentum": 0.7,
        "num_epochs": 30,
        "num_passes": 2,
        "scaling_factor": 2
    },
    "stdout": "",
    "timestamp": "2019-02-03 20:09:53.910701",
    "values": {
        "noisy_test_acc": [
            43.29326923076923,
            47.08173076923077,
            50.6875,
            52.80288461538461,
            56.50961538461539,
            56.54326923076923,
            59.59134615384615,
            59.28846153846154,
            60.54807692307692,
            60.85096153846154,
            58.35576923076923,
            60.49519230769231,
            61.89903846153846,
            60.125,
            59.60576923076923,
            58.68269230769231,
            59.73557692307692,
            59.24038461538461,
            58.94711538461539,
            56.53846153846154,
            58.20192307692308,
            55.16346153846154,
            55.38461538461539,
            52.97596153846154,
            50.73557692307692,
            51.25,
            50.28365384615385,
            49.07692307692308,
            49.41346153846154,
            48.31730769230769
        ],
        "noisy_test_loss": [
            2.0245791625976564,
            1.8438565034132737,
            1.6630752842242902,
            1.5650512460561898,
            1.430960350036621,
            1.4240552931565504,
            1.3119063054598294,
            1.3252242044302134,
            1.2883649415236254,
            1.2691960525512695,
            1.342288731795091,
            1.284239748441256,
            1.2761547998281626,
            1.3227666356013372,
            1.3321186667222242,
            1.3810552215576173,
            1.3352104025620681,
            1.3642167751605694,
            1.3958895191779503,
            1.4918078950735238,
            1.4337783740117,
            1.5885151907113881,
            1.6042009096879226,
            1.738784603705773,
            1.9424504074683555,
            1.8456239201472355,
            1.9778016838660606,
            2.010111166147085,
            2.0216127909146824,
            2.1761539283165563
        ],
        "test_acc": [
            81.01923076923077,
            85.52884615384616,
            87.3076923076923,
            88.75961538461539,
            89.26923076923077,
            89.54807692307692,
            90.1298076923077,
            90.3125,
            90.77403846153847,
            90.89903846153847,
            91.03365384615384,
            91.45192307692308,
            91.5048076923077,
            91.50961538461539,
            91.71153846153847,
            91.70192307692308,
            91.71153846153847,
            91.6875,
            91.74038461538461,
            91.90384615384616,
            92.04326923076923,
            91.88942307692308,
            91.97596153846153,
            91.91826923076923,
            91.90865384615384,
            91.9326923076923,
            91.9326923076923,
            92.04326923076923,
            92.14423076923077,
            92.09134615384616
        ],
        "test_loss": [
            0.6444877668527457,
            0.48100041022667517,
            0.41313511261573205,
            0.37143462841327374,
            0.3444447099245512,
            0.3281522332704984,
            0.313804156596844,
            0.3029284800015963,
            0.29299101242652303,
            0.28701334953308105,
            0.2820238003363976,
            0.2733773480928861,
            0.27151834157797006,
            0.27223845811990594,
            0.2649271807303795,
            0.26156339498666614,
            0.26177055468926064,
            0.2595499768623939,
            0.25784288773169883,
            0.2595507376010601,
            0.25700180310469406,
            0.2570396592066838,
            0.2608734527001014,
            0.26330316580258883,
            0.2624244264455942,
            0.2593265933256883,
            0.2620477922146137,
            0.2599516388086172,
            0.2615606396014874,
            0.2630116715798011
        ],
        "val_acc": [
            80.51,
            85.39,
            87.15,
            88.43,
            89.3,
            89.63,
            90.21,
            90.28,
            90.9,
            91.15,
            91.27,
            91.38,
            91.51,
            91.51,
            91.91,
            91.78,
            92.03,
            91.8,
            92.08,
            91.83,
            92.11,
            92.23,
            92.28,
            91.98,
            91.97,
            92.19,
            92.08,
            92.46,
            92.17,
            92.53
        ],
        "val_loss": [
            0.6540113220214844,
            0.48591639709472656,
            0.41790506286621093,
            0.3749568634033203,
            0.34671392211914065,
            0.3281508209228516,
            0.3138072570800781,
            0.30489646911621093,
            0.29017569580078123,
            0.2862246810913086,
            0.2791278289794922,
            0.27053863525390626,
            0.2682833221435547,
            0.2711594253540039,
            0.26135468444824217,
            0.2611830001831055,
            0.2579122482299805,
            0.25768990631103517,
            0.2567436965942383,
            0.25940496215820313,
            0.25711781005859374,
            0.25520791015625,
            0.2567956588745117,
            0.25946528472900393,
            0.26025977783203125,
            0.2545427780151367,
            0.2577979919433594,
            0.2510850372314453,
            0.25489509735107424,
            0.25237250061035155
        ]
    }
}