{
    "desc": "Run 50 of hyperparameter search",
    "log_stdout": false,
    "params": {
        "alpha": 0.7,
        "batch_size": 64,
        "batch_size_eval": 1000,
        "learning_rate": 0.005,
        "momentum": 0.7,
        "num_epochs": 30,
        "num_passes": 2,
        "scaling_factor": 2
    },
    "stdout": "",
    "timestamp": "2019-02-04 10:51:57.264007",
    "values": {
        "noisy_test_acc": [
            42.09615384615385,
            43.08653846153846,
            46.82692307692308,
            47.84615384615385,
            51.68269230769231,
            51.5625,
            55.71634615384615,
            56.82692307692308,
            57.47596153846154,
            57.55769230769231,
            55.89903846153846,
            57.93269230769231,
            58.58653846153846,
            56.5625,
            55.59615384615385,
            54.23076923076923,
            54.83173076923077,
            53.77884615384615,
            52.85576923076923,
            50.75480769230769,
            51.61538461538461,
            49.125,
            50.13461538461539,
            49.67307692307692,
            47.20673076923077,
            45.81730769230769,
            43.87019230769231,
            45.52403846153846,
            45.16346153846154,
            44.37019230769231
        ],
        "noisy_test_loss": [
            2.070596178494967,
            1.9737280919001652,
            1.7524668796245868,
            1.7176338812021108,
            1.5946197920579177,
            1.574851847428542,
            1.4552725571852463,
            1.429636906843919,
            1.406290220113901,
            1.4080423853947566,
            1.4702156785818246,
            1.3908197241563063,
            1.3928825349074143,
            1.4559165910574106,
            1.4793262965862568,
            1.530610976585975,
            1.5022031549307016,
            1.5359452614417444,
            1.5861442331167368,
            1.6956701689500076,
            1.6556383529076208,
            1.8073119677030123,
            1.805042931483342,
            1.8163815366304839,
            2.000048654996432,
            2.027876871549166,
            2.1739960450392504,
            2.0524676337608923,
            2.1174520023052508,
            2.2331545639038084
        ],
        "test_acc": [
            75.52884615384616,
            83.03365384615384,
            85.67307692307692,
            87.26923076923077,
            88.40384615384616,
            88.8701923076923,
            89.60096153846153,
            89.94711538461539,
            90.21634615384616,
            90.47115384615384,
            90.7548076923077,
            90.85576923076923,
            91.1201923076923,
            90.98076923076923,
            91.26923076923077,
            91.28365384615384,
            91.45673076923077,
            91.45192307692308,
            91.32211538461539,
            91.48076923076923,
            91.44711538461539,
            91.6201923076923,
            91.61057692307692,
            91.625,
            91.63942307692308,
            91.58653846153847,
            91.6298076923077,
            91.58173076923077,
            91.8173076923077,
            91.67788461538461
        ],
        "test_loss": [
            0.8266454931405874,
            0.5680621323218712,
            0.4671582779517541,
            0.41194626294649567,
            0.3732393096043513,
            0.3544997560060941,
            0.3340387982588548,
            0.3152565075800969,
            0.307572299517118,
            0.30139990879939155,
            0.2919550448197585,
            0.28639625329237717,
            0.2820416582547701,
            0.27984507854168233,
            0.27604697777674747,
            0.27273664841285117,
            0.26947457533616287,
            0.26792544731727014,
            0.26978112624241757,
            0.26953327912550706,
            0.27160461132343,
            0.27103414792280933,
            0.2748645819150485,
            0.27496353002694934,
            0.2699088503764226,
            0.2719466726596539,
            0.2708339713169978,
            0.27176869465754583,
            0.26847942132216235,
            0.2742213439941406
        ],
        "val_acc": [
            75.22,
            82.37,
            85.53,
            87.2,
            88.49,
            88.8,
            89.74,
            90.05,
            90.57,
            90.76,
            90.82,
            91.21,
            91.41,
            91.51,
            91.75,
            91.71,
            91.85,
            91.54,
            91.79,
            91.67,
            91.38,
            91.68,
            91.74,
            91.63,
            91.53,
            91.59,
            91.88,
            91.67,
            91.89,
            92.0
        ],
        "val_loss": [
            0.8379694519042968,
            0.5791025390625,
            0.4737350311279297,
            0.41571937561035155,
            0.37222460632324217,
            0.35130262145996094,
            0.32851537170410156,
            0.3123716339111328,
            0.29954772033691407,
            0.2941489700317383,
            0.2841200927734375,
            0.27858787231445314,
            0.2726321334838867,
            0.27246801147460936,
            0.26711365966796874,
            0.2640049407958984,
            0.2603270904541016,
            0.26242364501953125,
            0.2632106689453125,
            0.2617456726074219,
            0.26853646240234375,
            0.26438399047851563,
            0.26698440246582034,
            0.2676365951538086,
            0.26492324676513673,
            0.2622565002441406,
            0.2623500228881836,
            0.2647111679077148,
            0.2644866302490234,
            0.26298324127197265
        ]
    }
}