{
    "desc": "Run 51 of hyperparameter search",
    "log_stdout": false,
    "params": {
        "alpha": 0.7,
        "batch_size": 64,
        "batch_size_eval": 1000,
        "learning_rate": 0.01,
        "momentum": 0.3,
        "num_epochs": 30,
        "num_passes": 2,
        "scaling_factor": 2
    },
    "stdout": "",
    "timestamp": "2019-02-04 11:11:33.710336",
    "values": {
        "noisy_test_acc": [
            41.55288461538461,
            42.80769230769231,
            46.19711538461539,
            46.51442307692308,
            49.79326923076923,
            49.95192307692308,
            53.86057692307692,
            55.53846153846154,
            56.46634615384615,
            57.30288461538461,
            55.74038461538461,
            57.34134615384615,
            58.79326923076923,
            57.48557692307692,
            56.65384615384615,
            55.28365384615385,
            56.05769230769231,
            55.35576923076923,
            54.55288461538461,
            52.38461538461539,
            53.375,
            49.98076923076923,
            50.95673076923077,
            50.28365384615385,
            49.16346153846154,
            47.68269230769231,
            44.91346153846154,
            48.30288461538461,
            46.02403846153846,
            46.59615384615385
        ],
        "noisy_test_loss": [
            2.1019141769409178,
            2.006813850402832,
            1.8062467310978816,
            1.7764487471947303,
            1.657086416391226,
            1.6252643585205078,
            1.5176940213716947,
            1.478905161344088,
            1.4437705362760103,
            1.4103035266582782,
            1.470595226287842,
            1.4229043637789214,
            1.3878201279273399,
            1.4283453354468711,
            1.4427378346369817,
            1.4914736058161808,
            1.4644237841092622,
            1.4933109870323769,
            1.528344742701604,
            1.6220117275531476,
            1.5866658606896034,
            1.7359460361187276,
            1.7432362512441781,
            1.7692242255577675,
            1.8461586644099308,
            1.9030593255849986,
            2.0225245578472433,
            1.8635823924724872,
            1.9795034672663763,
            2.011074761610765
        ],
        "test_acc": [
            73.78365384615384,
            81.96153846153847,
            84.9375,
            86.52884615384616,
            87.72115384615384,
            88.38942307692308,
            89.16346153846153,
            89.58173076923077,
            89.89423076923077,
            90.23557692307692,
            90.28365384615384,
            90.65384615384616,
            90.75,
            90.82692307692308,
            91.17788461538461,
            91.13942307692308,
            91.11057692307692,
            91.32211538461539,
            91.35096153846153,
            91.36057692307692,
            91.45192307692308,
            91.54807692307692,
            91.59615384615384,
            91.60576923076923,
            91.625,
            91.49038461538461,
            91.55288461538461,
            91.3076923076923,
            91.83173076923077,
            91.60096153846153
        ],
        "test_loss": [
            0.8878602629441481,
            0.6125138957683857,
            0.4988855244563176,
            0.4381720740978534,
            0.39520209092360276,
            0.3738162429516132,
            0.35115988584665153,
            0.330361442565918,
            0.3181352351262019,
            0.31302317142486574,
            0.3023834309211144,
            0.29471790900597206,
            0.2897662214132456,
            0.28624489820920507,
            0.28129090712620664,
            0.2796198822901799,
            0.27425021134890043,
            0.2720513963699341,
            0.269968648323646,
            0.2699543329385611,
            0.26825758567223185,
            0.27169441883380596,
            0.27530555505018967,
            0.27303700116964486,
            0.26900760944073016,
            0.2679643025765052,
            0.2681689123006967,
            0.27237595778245194,
            0.26714227272914004,
            0.2702679857840905
        ],
        "val_acc": [
            73.63,
            81.21,
            84.55,
            86.51,
            87.62,
            88.39,
            89.21,
            89.79,
            90.15,
            90.49,
            90.48,
            90.8,
            91.12,
            91.26,
            91.47,
            91.49,
            91.7,
            91.46,
            91.82,
            91.67,
            91.44,
            91.71,
            91.54,
            91.59,
            91.6,
            91.83,
            91.79,
            91.53,
            91.56,
            91.69
        ],
        "val_loss": [
            0.8984759704589844,
            0.6243291381835937,
            0.507315689086914,
            0.44359197692871094,
            0.39690486755371096,
            0.37172774353027344,
            0.34800385437011716,
            0.3273442077636719,
            0.31138475952148437,
            0.307055810546875,
            0.2955625823974609,
            0.28784303436279296,
            0.28158457946777343,
            0.27808690490722654,
            0.27321759338378904,
            0.27131663360595704,
            0.2658974319458008,
            0.26587650909423827,
            0.26360430908203125,
            0.26312495727539065,
            0.26547264251708985,
            0.26598002166748047,
            0.2689904541015625,
            0.2670199447631836,
            0.2646868347167969,
            0.26053805084228515,
            0.26181841278076173,
            0.26879712219238283,
            0.2647792129516602,
            0.2610039093017578
        ]
    }
}