{
    "desc": "Run 52 of hyperparameter search",
    "log_stdout": false,
    "params": {
        "alpha": 0.7,
        "batch_size": 64,
        "batch_size_eval": 1000,
        "learning_rate": 0.01,
        "momentum": 0.5,
        "num_epochs": 30,
        "num_passes": 2,
        "scaling_factor": 2
    },
    "stdout": "",
    "timestamp": "2019-02-04 11:31:07.673617",
    "values": {
        "noisy_test_acc": [
            42.73557692307692,
            43.77884615384615,
            48.31730769230769,
            49.67788461538461,
            53.125,
            54.15865384615385,
            56.97596153846154,
            57.40384615384615,
            59.44711538461539,
            58.03846153846154,
            55.72596153846154,
            57.71634615384615,
            57.875,
            56.07692307692308,
            54.1875,
            53.07692307692308,
            54.07211538461539,
            51.78846153846154,
            53.21153846153846,
            50.1875,
            52.20192307692308,
            48.66826923076923,
            50.04807692307692,
            49.31730769230769,
            47.85576923076923,
            45.44230769230769,
            42.35096153846154,
            45.72115384615385,
            46.0625,
            43.73557692307692
        ],
        "noisy_test_loss": [
            2.044972393329327,
            1.922170002277081,
            1.6959467256986178,
            1.658165237720196,
            1.5293885568472054,
            1.503708622272198,
            1.4160293417710523,
            1.4062522976215068,
            1.3581766392634465,
            1.3894317216139573,
            1.4718323003328764,
            1.396996870774489,
            1.4017325812119703,
            1.4580463101313665,
            1.5454849213820236,
            1.5838546503507174,
            1.5419842969454252,
            1.6167755141625038,
            1.6089197246844953,
            1.7346945337148814,
            1.679658323434683,
            1.9013237116887018,
            1.8907660792424128,
            1.86726867382343,
            2.0059105535653923,
            2.112972194965069,
            2.38020450592041,
            2.13991513472337,
            2.1510231927724983,
            2.3161784685575046
        ],
        "test_acc": [
            77.85096153846153,
            84.34615384615384,
            86.66346153846153,
            88.0625,
            89.125,
            89.48557692307692,
            90.04326923076923,
            90.4951923076923,
            90.59615384615384,
            90.84615384615384,
            90.88461538461539,
            91.14423076923077,
            91.32211538461539,
            91.23557692307692,
            91.4423076923077,
            91.3173076923077,
            91.54807692307692,
            91.52884615384616,
            91.4423076923077,
            91.66826923076923,
            91.5673076923077,
            91.55288461538461,
            91.70192307692308,
            91.74038461538461,
            91.78846153846153,
            91.82211538461539,
            91.6298076923077,
            91.61057692307692,
            91.77884615384616,
            91.6298076923077
        ],
        "test_loss": [
            0.7517366189223069,
            0.5201965508094201,
            0.4335120054391714,
            0.3846414199242225,
            0.3490518672649677,
            0.33441266793471114,
            0.3188924972827618,
            0.2993918719658485,
            0.293879116498507,
            0.2908869747015146,
            0.28489507014934834,
            0.2779797330269447,
            0.27602977642646204,
            0.27221359436328596,
            0.2711280661362868,
            0.2710870845501239,
            0.2668172000004695,
            0.266634012735807,
            0.2673580609835111,
            0.26701680293449986,
            0.27332937534038837,
            0.27264593637906587,
            0.27804692048292895,
            0.27591208934783934,
            0.2697672003966111,
            0.2730622438284067,
            0.27515242980076715,
            0.27707290502694937,
            0.27540877819061277,
            0.2786201554078322
        ],
        "val_acc": [
            77.14,
            83.89,
            86.53,
            88.19,
            89.28,
            89.53,
            89.96,
            90.6,
            90.79,
            90.97,
            91.04,
            91.44,
            91.61,
            91.51,
            91.85,
            91.74,
            91.84,
            91.68,
            91.64,
            91.7,
            91.38,
            91.67,
            91.9,
            91.61,
            91.63,
            91.6,
            91.87,
            91.73,
            91.7,
            91.98
        ],
        "val_loss": [
            0.7632933349609375,
            0.5295363616943359,
            0.4375995239257813,
            0.38569125671386717,
            0.3462476531982422,
            0.3305760894775391,
            0.312266357421875,
            0.29628387756347657,
            0.2849153564453125,
            0.2839687088012695,
            0.27682185974121093,
            0.2704876907348633,
            0.26725762786865237,
            0.2655298828125,
            0.26219403381347656,
            0.2599138656616211,
            0.25634642639160155,
            0.2598684783935547,
            0.26191522064208983,
            0.2594034942626953,
            0.27303420715332033,
            0.2658258071899414,
            0.2704019744873047,
            0.26839414672851564,
            0.2623353225708008,
            0.2630004684448242,
            0.265655729675293,
            0.26905869140625,
            0.27136324310302734,
            0.26953808746337893
        ]
    }
}