{
    "desc": "Run 53 of hyperparameter search",
    "log_stdout": false,
    "params": {
        "alpha": 0.7,
        "batch_size": 64,
        "batch_size_eval": 1000,
        "learning_rate": 0.01,
        "momentum": 0.7,
        "num_epochs": 30,
        "num_passes": 2,
        "scaling_factor": 2
    },
    "stdout": "",
    "timestamp": "2019-02-04 11:50:43.438615",
    "values": {
        "noisy_test_acc": [
            42.89903846153846,
            48.23076923076923,
            53.74519230769231,
            53.85576923076923,
            57.85576923076923,
            58.77884615384615,
            59.08653846153846,
            59.21634615384615,
            58.71153846153846,
            56.05288461538461,
            55.61538461538461,
            57.52403846153846,
            57.48557692307692,
            55.625,
            52.74038461538461,
            50.50961538461539,
            50.95192307692308,
            50.55288461538461,
            53.44230769230769,
            49.97115384615385,
            49.15865384615385,
            48.12980769230769,
            48.90865384615385,
            48.67307692307692,
            46.27884615384615,
            45.80769230769231,
            42.02884615384615,
            47.02884615384615,
            45.94230769230769,
            45.53365384615385
        ],
        "noisy_test_loss": [
            1.9689901498647837,
            1.7249822205763596,
            1.5270024006183331,
            1.5172580440227803,
            1.3823267144423266,
            1.3600404108487643,
            1.3333965771014873,
            1.3343602371215821,
            1.3717546683091384,
            1.450019801213191,
            1.501062704233023,
            1.4244701488201434,
            1.4249382576575647,
            1.5048602867126464,
            1.6422070914048414,
            1.762377998645489,
            1.7429336547851562,
            1.75716792179988,
            1.688558596097506,
            1.884412279862624,
            1.9524356108445389,
            2.039446276151217,
            2.042688671992375,
            2.140274892953726,
            2.3027159059964695,
            2.277822937598595,
            2.7363242193368764,
            2.28416568169227,
            2.4069606795677774,
            2.547410774230957
        ],
        "test_acc": [
            82.34134615384616,
            86.91346153846153,
            88.5625,
            89.50961538461539,
            90.35576923076923,
            90.1923076923077,
            90.9375,
            91.17788461538461,
            91.33173076923077,
            91.23076923076923,
            91.38461538461539,
            91.46153846153847,
            91.57211538461539,
            91.5625,
            91.72596153846153,
            91.71634615384616,
            91.6298076923077,
            91.85576923076923,
            91.53846153846153,
            91.8798076923077,
            91.42788461538461,
            91.6875,
            91.66346153846153,
            91.69711538461539,
            91.69711538461539,
            91.57692307692308,
            91.73076923076923,
            91.80288461538461,
            91.74038461538461,
            91.70673076923077
        ],
        "test_loss": [
            0.5815614480238694,
            0.42549799625690166,
            0.3621478212796725,
            0.327681062404926,
            0.30333099695352406,
            0.2996619705053476,
            0.2867395210266113,
            0.2730330357184777,
            0.26827637158907375,
            0.28006856038020206,
            0.2691204071044922,
            0.26815987000098596,
            0.2724142360687256,
            0.2685560530882615,
            0.2691814745389498,
            0.2683076139596792,
            0.2708647287808932,
            0.26986598601708045,
            0.27281923073988695,
            0.2767560023527879,
            0.2880087522359995,
            0.2891513230250432,
            0.2998360079985399,
            0.29957489527188813,
            0.293445772757897,
            0.29469594331888055,
            0.30320993056664103,
            0.29920803253467265,
            0.30265662193298337,
            0.3092233951275165
        ],
        "val_acc": [
            81.79,
            86.72,
            88.58,
            89.94,
            90.46,
            90.3,
            90.95,
            91.24,
            91.58,
            91.24,
            91.55,
            91.49,
            91.64,
            91.86,
            92.03,
            92.05,
            91.79,
            91.94,
            91.8,
            91.6,
            91.54,
            91.86,
            91.65,
            92.09,
            91.83,
            92.04,
            91.79,
            91.99,
            92.08,
            91.98
        ],
        "val_loss": [
            0.5914517944335937,
            0.42567059326171874,
            0.3587530242919922,
            0.3243949737548828,
            0.29919552001953126,
            0.2971085418701172,
            0.28006885681152344,
            0.27280095977783203,
            0.2622265380859375,
            0.27283483123779295,
            0.26051409912109375,
            0.2606619689941406,
            0.2592974395751953,
            0.2589025924682617,
            0.25655398864746093,
            0.2570979705810547,
            0.26189264678955076,
            0.25913539123535156,
            0.26297764587402345,
            0.2689648895263672,
            0.2866099105834961,
            0.2831395706176758,
            0.28808221588134764,
            0.29041571197509763,
            0.2812411819458008,
            0.2770623565673828,
            0.29060223083496095,
            0.28622754974365233,
            0.29812889251708985,
            0.2929606002807617
        ]
    }
}