{
    "desc": "Run 54 of hyperparameter search",
    "log_stdout": false,
    "params": {
        "alpha": 0.7,
        "batch_size": 64,
        "batch_size_eval": 1000,
        "learning_rate": 0.02,
        "momentum": 0.3,
        "num_epochs": 30,
        "num_passes": 2,
        "scaling_factor": 2
    },
    "stdout": "",
    "timestamp": "2019-02-04 12:10:18.259532",
    "values": {
        "noisy_test_acc": [
            42.84134615384615,
            47.16826923076923,
            51.29807692307692,
            53.69711538461539,
            56.38942307692308,
            57.51442307692308,
            57.53365384615385,
            58.27403846153846,
            59.55288461538461,
            56.35096153846154,
            54.38461538461539,
            57.56730769230769,
            58.30288461538461,
            54.93269230769231,
            51.62980769230769,
            51.41346153846154,
            51.625,
            49.61538461538461,
            50.49038461538461,
            49.08653846153846,
            49.26442307692308,
            46.84615384615385,
            47.03365384615385,
            48.72596153846154,
            46.72596153846154,
            42.71153846153846,
            39.14423076923077,
            45.38942307692308,
            43.77884615384615,
            43.04326923076923
        ],
        "noisy_test_loss": [
            1.985606545668382,
            1.7812096287653996,
            1.5880857203556942,
            1.5308800726670486,
            1.4291555155240572,
            1.3981257849473219,
            1.383063815190242,
            1.3692707883394681,
            1.3439499444227951,
            1.4452478526188777,
            1.5313152547983022,
            1.4222610297569862,
            1.4036134910583495,
            1.5526504003084622,
            1.6933586692810059,
            1.702081515972431,
            1.6823427728506235,
            1.8014708533653847,
            1.7702900505065917,
            1.888751134138841,
            1.9273761690579927,
            2.128364612872784,
            2.171834349999061,
            2.053920051868145,
            2.222535400390625,
            2.4558331020061788,
            2.868743567833534,
            2.305036874917837,
            2.5046709368779108,
            2.6166330953744743
        ],
        "test_acc": [
            81.2548076923077,
            86.11057692307692,
            88.09134615384616,
            89.07692307692308,
            90.17307692307692,
            90.22115384615384,
            90.46634615384616,
            90.91346153846153,
            91.05288461538461,
            91.03846153846153,
            91.17788461538461,
            91.40865384615384,
            91.375,
            91.40384615384616,
            91.5048076923077,
            91.60576923076923,
            91.52403846153847,
            91.71153846153847,
            91.5625,
            91.61057692307692,
            91.72115384615384,
            91.55288461538461,
            91.63942307692308,
            91.86538461538461,
            91.79807692307692,
            91.60096153846153,
            91.6875,
            91.70673076923077,
            91.7451923076923,
            91.72115384615384
        ],
        "test_loss": [
            0.6258260345458985,
            0.44970203913175144,
            0.3795633946932279,
            0.34315902930039627,
            0.3127153238883385,
            0.30534079221578747,
            0.2975311004198514,
            0.27962778384868914,
            0.27461210434253397,
            0.2822819577730619,
            0.2763778723203219,
            0.2688425867374127,
            0.2752603670266958,
            0.26815840684450587,
            0.2694923841036283,
            0.26880457658034107,
            0.2666348956181453,
            0.26933167971097505,
            0.2709628585668711,
            0.2741062270678007,
            0.2754524282308725,
            0.28542139530181887,
            0.2911328517473661,
            0.2884756697141207,
            0.28511792953197773,
            0.2862955628908598,
            0.2942655060841487,
            0.2915519431921152,
            0.2915641509569608,
            0.29856780492342433
        ],
        "val_acc": [
            80.75,
            86.13,
            88.11,
            89.54,
            90.14,
            90.35,
            90.45,
            90.94,
            91.52,
            91.0,
            91.25,
            91.58,
            91.45,
            91.66,
            91.8,
            91.9,
            91.99,
            91.93,
            91.78,
            91.65,
            91.64,
            91.68,
            91.81,
            92.01,
            91.88,
            91.95,
            92.05,
            91.77,
            92.01,
            92.32
        ],
        "val_loss": [
            0.6363652221679688,
            0.4529822784423828,
            0.37873876953125,
            0.3400787536621094,
            0.308472705078125,
            0.30122959899902346,
            0.289472119140625,
            0.2774055236816406,
            0.2674963684082031,
            0.27524211883544925,
            0.2679187271118164,
            0.26241185913085935,
            0.2635016845703125,
            0.2621586898803711,
            0.26081687469482423,
            0.2585711685180664,
            0.25650260467529296,
            0.26184684600830077,
            0.26379524993896486,
            0.2663358001708984,
            0.27536868591308594,
            0.2772855972290039,
            0.28099244384765626,
            0.27554002990722654,
            0.27060669250488284,
            0.2681953460693359,
            0.28049290771484375,
            0.27531974334716797,
            0.2814558166503906,
            0.27590474548339844
        ]
    }
}