{
    "desc": "Run 55 of hyperparameter search",
    "log_stdout": false,
    "params": {
        "alpha": 0.7,
        "batch_size": 64,
        "batch_size_eval": 1000,
        "learning_rate": 0.02,
        "momentum": 0.5,
        "num_epochs": 30,
        "num_passes": 2,
        "scaling_factor": 2
    },
    "stdout": "",
    "timestamp": "2019-02-04 12:29:53.424315",
    "values": {
        "noisy_test_acc": [
            43.35576923076923,
            51.29807692307692,
            53.92307692307692,
            56.41346153846154,
            58.61538461538461,
            59.5625,
            59.17788461538461,
            60.13942307692308,
            60.0625,
            55.67788461538461,
            57.11538461538461,
            58.75961538461539,
            58.76442307692308,
            57.38461538461539,
            55.25961538461539,
            52.79807692307692,
            54.85096153846154,
            52.45673076923077,
            53.98557692307692,
            50.4375,
            53.91346153846154,
            50.38942307692308,
            51.52884615384615,
            52.03846153846154,
            53.33653846153846,
            49.35096153846154,
            46.08653846153846,
            50.94711538461539,
            50.06730769230769,
            49.96634615384615
        ],
        "noisy_test_loss": [
            1.9179160719651442,
            1.630869489816519,
            1.496353925558237,
            1.440720685812143,
            1.3567616902864896,
            1.3205918928293081,
            1.3344480177072378,
            1.3195644804147573,
            1.321206267430232,
            1.494778003692627,
            1.4535228846623347,
            1.3907108072134164,
            1.3998331788870004,
            1.4810837907057541,
            1.597450444148137,
            1.7549609360328087,
            1.6147606570904072,
            1.7525756175701435,
            1.7295585265526405,
            1.9094076508742113,
            1.7919857553335337,
            2.012579873891977,
            2.0075831941457896,
            2.0666051409794735,
            1.9261666209881123,
            2.2473935141930212,
            2.544195641737718,
            2.123790746835562,
            2.2592289499136116,
            2.317855705848107
        ],
        "test_acc": [
            83.52403846153847,
            87.40384615384616,
            89.16826923076923,
            89.8798076923077,
            90.83173076923077,
            90.57692307692308,
            90.84134615384616,
            91.48557692307692,
            91.46634615384616,
            91.08173076923077,
            91.23557692307692,
            91.71634615384616,
            91.5048076923077,
            91.61057692307692,
            91.82211538461539,
            91.85096153846153,
            91.78365384615384,
            91.79326923076923,
            91.625,
            91.72596153846153,
            91.79807692307692,
            91.69711538461539,
            91.78846153846153,
            91.95192307692308,
            91.86057692307692,
            91.65865384615384,
            91.70192307692308,
            91.86538461538461,
            91.82692307692308,
            91.80288461538461
        ],
        "test_loss": [
            0.536097841996413,
            0.4010083506657527,
            0.34390342932481033,
            0.31272787680992714,
            0.2898640871047974,
            0.28963695269364576,
            0.28693408232468826,
            0.26479760059943563,
            0.2662668936069195,
            0.285530676474938,
            0.27036250774676984,
            0.26763061963594875,
            0.2763833291714008,
            0.27126179951887863,
            0.2692362033403837,
            0.2720913292811467,
            0.2698736531917865,
            0.27548680855677676,
            0.27459308184110204,
            0.28567799604856053,
            0.29044000478891224,
            0.2996073649479793,
            0.30319890425755425,
            0.3080273488851694,
            0.3033259993333083,
            0.30826726179856523,
            0.3127359199523926,
            0.30864248349116397,
            0.313482409623953,
            0.3283805803152231
        ],
        "val_acc": [
            83.3,
            87.62,
            88.98,
            90.36,
            90.74,
            90.66,
            90.84,
            91.47,
            91.71,
            91.03,
            91.37,
            91.65,
            91.53,
            91.74,
            92.12,
            91.82,
            91.97,
            91.94,
            91.79,
            91.81,
            91.65,
            91.75,
            91.94,
            92.09,
            91.88,
            91.85,
            91.8,
            91.87,
            92.07,
            92.09
        ],
        "val_loss": [
            0.5449360107421874,
            0.39804054565429686,
            0.3415125427246094,
            0.3080821502685547,
            0.2865756866455078,
            0.28844150390625,
            0.28067761688232423,
            0.2630447967529297,
            0.2605895736694336,
            0.2792205307006836,
            0.263529508972168,
            0.2603028305053711,
            0.26377053070068357,
            0.26087430114746096,
            0.25714366149902346,
            0.2620830627441406,
            0.26156434783935545,
            0.26557328033447264,
            0.26862454986572265,
            0.27096128387451174,
            0.28308988647460936,
            0.2897083526611328,
            0.2867573287963867,
            0.2976212432861328,
            0.2913069580078125,
            0.29023265075683596,
            0.30384349670410155,
            0.29528488311767576,
            0.30701195678710935,
            0.30717684020996094
        ]
    }
}