{
    "desc": "Run 56 of hyperparameter search",
    "log_stdout": false,
    "params": {
        "alpha": 0.7,
        "batch_size": 64,
        "batch_size_eval": 1000,
        "learning_rate": 0.02,
        "momentum": 0.7,
        "num_epochs": 30,
        "num_passes": 2,
        "scaling_factor": 2
    },
    "stdout": "",
    "timestamp": "2019-02-04 12:49:28.617503",
    "values": {
        "noisy_test_acc": [
            46.62980769230769,
            55.75,
            58.27884615384615,
            57.17307692307692,
            60.61057692307692,
            59.72115384615385,
            60.00480769230769,
            60.54326923076923,
            57.44230769230769,
            54.15384615384615,
            55.54807692307692,
            56.57211538461539,
            56.22115384615385,
            54.47115384615385,
            54.67788461538461,
            53.02884615384615,
            53.10096153846154,
            51.83653846153846,
            54.13942307692308,
            52.19711538461539,
            51.50480769230769,
            52.32211538461539,
            50.71634615384615,
            52.96634615384615,
            52.29807692307692,
            51.24038461538461,
            50.16826923076923,
            47.28846153846154,
            49.16826923076923,
            51.02403846153846
        ],
        "noisy_test_loss": [
            1.7879441158588116,
            1.4614197364220252,
            1.3629782838087816,
            1.3929067083505484,
            1.2785113393343412,
            1.329413689833421,
            1.3358188100961539,
            1.3931730739886945,
            1.5443169608482947,
            1.7615811920166016,
            1.694631012403048,
            1.70449705857497,
            1.739793419471154,
            2.0084427085289587,
            1.9344439682593713,
            2.0940474070035493,
            2.0709269582308254,
            2.24742951466487,
            2.14465738589947,
            2.3311353654127855,
            2.3527160791250377,
            2.488607453566331,
            2.671983802501972,
            2.724948874253493,
            2.694761643042931,
            3.110665952242338,
            3.0321988912729116,
            3.3533084928072414,
            3.0133481157743014,
            3.0585633879441483
        ],
        "test_acc": [
            86.0,
            88.85576923076923,
            89.84615384615384,
            90.6875,
            91.0673076923077,
            90.88942307692308,
            91.3125,
            91.46153846153847,
            91.22596153846153,
            91.61057692307692,
            91.53846153846153,
            91.76923076923077,
            91.80288461538461,
            91.53846153846153,
            91.97596153846153,
            91.84615384615384,
            91.77884615384616,
            91.53846153846153,
            91.75961538461539,
            91.74038461538461,
            91.48557692307692,
            91.75,
            91.82211538461539,
            91.90384615384616,
            91.92307692307692,
            91.84134615384616,
            91.6826923076923,
            91.6923076923077,
            91.6826923076923,
            91.70192307692308
        ],
        "test_loss": [
            0.44450639944810133,
            0.353833735539363,
            0.32154172603900616,
            0.2856659427055946,
            0.27913933974045974,
            0.28510529848245475,
            0.27885363358717696,
            0.2690567695177518,
            0.28061481549189643,
            0.28136775823739857,
            0.2769749010526217,
            0.2789070419164804,
            0.2834686855169443,
            0.29552430336291974,
            0.283011689552894,
            0.2876447949042687,
            0.2960851911398081,
            0.3064959812164307,
            0.2937275640781109,
            0.30851623975313625,
            0.3231924889637874,
            0.32011522073012133,
            0.3353762021431556,
            0.34919096506558933,
            0.3478135604124803,
            0.3608462623449472,
            0.35436182242173414,
            0.3649622605397151,
            0.3519180833376371,
            0.3756596590922429
        ],
        "val_acc": [
            85.98,
            89.02,
            89.76,
            90.59,
            90.92,
            90.6,
            91.36,
            91.54,
            91.41,
            91.59,
            91.43,
            91.61,
            91.84,
            91.53,
            91.88,
            91.98,
            91.94,
            91.53,
            91.77,
            91.62,
            91.27,
            91.51,
            91.93,
            91.77,
            91.97,
            91.76,
            91.6,
            91.78,
            91.77,
            92.03
        ],
        "val_loss": [
            0.44724913024902346,
            0.34343758850097655,
            0.3188263397216797,
            0.2827103744506836,
            0.2810778060913086,
            0.28500973205566404,
            0.27492989501953125,
            0.26915107574462893,
            0.2727733428955078,
            0.27228753051757815,
            0.2654331481933594,
            0.2723256881713867,
            0.2735322311401367,
            0.27959697265625,
            0.26985880432128906,
            0.28089548034667966,
            0.2848048706054688,
            0.29583826751708986,
            0.2839684112548828,
            0.29972791748046873,
            0.3171501739501953,
            0.3144269149780273,
            0.3181777374267578,
            0.3383349365234375,
            0.3216421569824219,
            0.3466834136962891,
            0.34940601806640625,
            0.3396727355957031,
            0.33687362365722656,
            0.34394962310791016
        ]
    }
}