{
    "desc": "Run 57 of hyperparameter search",
    "log_stdout": false,
    "params": {
        "alpha": 0.7,
        "batch_size": 64,
        "batch_size_eval": 1000,
        "learning_rate": 0.04,
        "momentum": 0.3,
        "num_epochs": 30,
        "num_passes": 2,
        "scaling_factor": 2
    },
    "stdout": "",
    "timestamp": "2019-02-04 13:09:04.058134",
    "values": {
        "noisy_test_acc": [
            43.88942307692308,
            54.14903846153846,
            57.46634615384615,
            57.95673076923077,
            61.26442307692308,
            60.03846153846154,
            58.45192307692308,
            59.17788461538461,
            59.26442307692308,
            54.78365384615385,
            55.52884615384615,
            57.10096153846154,
            58.54807692307692,
            57.15384615384615,
            55.73557692307692,
            52.45192307692308,
            54.73557692307692,
            51.98076923076923,
            54.0,
            53.12980769230769,
            50.0625,
            54.53846153846154,
            51.09134615384615,
            51.92788461538461,
            51.71634615384615,
            50.10576923076923,
            53.46634615384615,
            50.42307692307692,
            47.32692307692308,
            51.75961538461539
        ],
        "noisy_test_loss": [
            1.8655436442448543,
            1.5237485592181865,
            1.4028025612464319,
            1.3783348274230958,
            1.2825623570955718,
            1.3100413337120642,
            1.370307697883019,
            1.4115559651301457,
            1.4045180379427396,
            1.663761386871338,
            1.5749597263336181,
            1.5661840790968675,
            1.5164947230999286,
            1.6032182766841008,
            1.7540840911865234,
            1.989637405688946,
            1.778613259242131,
            1.9753063686077412,
            2.0403918163593,
            2.0860512219942535,
            2.449728527069092,
            2.151924693767841,
            2.4040929082723763,
            2.327684399531438,
            2.3627782322810247,
            2.622035135122446,
            2.2758944467397835,
            2.5266076219998874,
            3.078575125474196,
            2.68932621882512
        ],
        "test_acc": [
            85.26442307692308,
            88.39423076923077,
            89.7451923076923,
            90.5625,
            91.27403846153847,
            90.88461538461539,
            91.0048076923077,
            91.65865384615384,
            91.375,
            91.26923076923077,
            91.1201923076923,
            91.78846153846153,
            91.73076923076923,
            91.76923076923077,
            92.09134615384616,
            91.75,
            91.96634615384616,
            91.77884615384616,
            91.79807692307692,
            91.84134615384616,
            91.23557692307692,
            91.86538461538461,
            91.6923076923077,
            91.77884615384616,
            91.88461538461539,
            91.63461538461539,
            91.8173076923077,
            91.70192307692308,
            91.64423076923077,
            91.86057692307692
        ],
        "test_loss": [
            0.46815726060133717,
            0.3635860919952393,
            0.32460890733278713,
            0.2889045920738807,
            0.27586121522463286,
            0.282378485752986,
            0.27862212364490213,
            0.26362091284531813,
            0.2758998155593872,
            0.28772202345041126,
            0.2770863855802096,
            0.2724169056232159,
            0.2801588142835177,
            0.27810623975900506,
            0.2747410913614126,
            0.28317539618565485,
            0.28391100333287167,
            0.28730505759899433,
            0.30116947394150956,
            0.3076351892031156,
            0.33279563940488377,
            0.32431147281940165,
            0.3321423669961783,
            0.3412534655057467,
            0.32946408381828896,
            0.33763454877413235,
            0.3406323939103347,
            0.3422522471501277,
            0.3658091831207275,
            0.3628422403335571
        ],
        "val_acc": [
            85.15,
            88.83,
            89.77,
            90.78,
            91.03,
            90.75,
            91.15,
            91.91,
            91.52,
            91.37,
            91.39,
            91.86,
            91.56,
            91.89,
            91.95,
            92.09,
            92.1,
            91.84,
            92.11,
            91.89,
            91.33,
            91.65,
            91.8,
            91.91,
            91.88,
            92.16,
            91.78,
            91.85,
            91.81,
            92.09
        ],
        "val_loss": [
            0.4735334625244141,
            0.3571742279052734,
            0.32070900268554686,
            0.28643797454833986,
            0.2761904251098633,
            0.280815934753418,
            0.27301626586914063,
            0.2582703430175781,
            0.26722540435791015,
            0.27938419189453123,
            0.26461981201171875,
            0.26138475036621095,
            0.26767113342285154,
            0.26534844970703125,
            0.2625682922363281,
            0.2686742614746094,
            0.27336212463378906,
            0.2768412841796875,
            0.28520110931396486,
            0.29168621368408204,
            0.320980126953125,
            0.3088829116821289,
            0.3195028045654297,
            0.32469361572265626,
            0.30951663360595705,
            0.31601969299316407,
            0.32891033020019533,
            0.328212646484375,
            0.3454103485107422,
            0.33364766387939454
        ]
    }
}