{
    "desc": "Run 58 of hyperparameter search",
    "log_stdout": false,
    "params": {
        "alpha": 0.7,
        "batch_size": 64,
        "batch_size_eval": 1000,
        "learning_rate": 0.04,
        "momentum": 0.5,
        "num_epochs": 30,
        "num_passes": 2,
        "scaling_factor": 2
    },
    "stdout": "",
    "timestamp": "2019-02-04 13:28:43.397649",
    "values": {
        "noisy_test_acc": [
            48.46153846153846,
            55.45192307692308,
            60.6875,
            56.375,
            60.73076923076923,
            60.4375,
            57.36057692307692,
            58.19230769230769,
            57.25961538461539,
            51.43269230769231,
            55.32692307692308,
            54.1875,
            53.35576923076923,
            55.31730769230769,
            54.42307692307692,
            51.78365384615385,
            52.66826923076923,
            49.01923076923077,
            50.09615384615385,
            47.85576923076923,
            50.92788461538461,
            49.35576923076923,
            48.125,
            46.25,
            46.86057692307692,
            49.14423076923077,
            51.00961538461539,
            42.66826923076923,
            47.02403846153846,
            47.78365384615385
        ],
        "noisy_test_loss": [
            1.7250196280846228,
            1.4662640058077299,
            1.2831400255056529,
            1.4307818089998685,
            1.2832204422583946,
            1.3461319072429951,
            1.5250983971815844,
            1.564410595527062,
            1.6684575770451473,
            2.132729239830604,
            1.7483321160536547,
            2.0212788933974046,
            2.139832339653602,
            1.9440525304354155,
            2.217473816504845,
            2.552728949326735,
            2.398075042137733,
            2.7027596459021934,
            2.5884846966083233,
            2.9783666287935695,
            2.9109459040715144,
            3.0111409407395584,
            3.1640853925851675,
            3.7366515262310322,
            3.788947366567758,
            3.841511488694411,
            2.9536506652832033,
            4.99455571101262,
            3.700644587003268,
            3.777625497671274
        ],
        "test_acc": [
            86.71153846153847,
            88.89423076923077,
            89.89423076923077,
            90.8701923076923,
            91.4375,
            91.0576923076923,
            90.90865384615384,
            91.54326923076923,
            91.23557692307692,
            91.25961538461539,
            91.23076923076923,
            91.64903846153847,
            91.6826923076923,
            91.48557692307692,
            91.86538461538461,
            91.89423076923077,
            91.83653846153847,
            91.64423076923077,
            91.3173076923077,
            91.6875,
            91.55288461538461,
            91.66826923076923,
            91.54326923076923,
            91.72115384615384,
            91.45673076923077,
            91.5673076923077,
            91.73076923076923,
            91.39903846153847,
            91.48557692307692,
            91.5625
        ],
        "test_loss": [
            0.42326962544367863,
            0.3506408166885376,
            0.31976560592651365,
            0.28850112218123214,
            0.2717107024559608,
            0.27994795359097996,
            0.28890722604898306,
            0.2733217485134418,
            0.2855269575119019,
            0.29937385962559626,
            0.2839389386543861,
            0.28437906375298133,
            0.2823406113111056,
            0.29889045348534216,
            0.29800814115084134,
            0.29927058660067046,
            0.30294844590700587,
            0.30985177773695727,
            0.31391160084651065,
            0.31901752178485576,
            0.3367907524108887,
            0.33036388543935924,
            0.3622830754060012,
            0.35792724315936747,
            0.35601293600522554,
            0.3646654466482309,
            0.3536123048342191,
            0.38305060680095965,
            0.37165273299584023,
            0.36278971598698545
        ],
        "val_acc": [
            86.83,
            89.29,
            89.95,
            90.94,
            91.11,
            91.11,
            90.91,
            91.63,
            91.51,
            91.28,
            90.95,
            92.05,
            91.77,
            91.61,
            91.85,
            92.29,
            92.02,
            91.75,
            91.57,
            91.83,
            91.52,
            91.68,
            91.62,
            91.73,
            91.7,
            91.6,
            91.67,
            91.55,
            91.72,
            91.73
        ],
        "val_loss": [
            0.42340245971679685,
            0.34025444641113284,
            0.3166595031738281,
            0.2822158340454102,
            0.2711593551635742,
            0.2783656967163086,
            0.2843099349975586,
            0.2664552917480469,
            0.27352408905029296,
            0.2919585357666016,
            0.27190397033691405,
            0.272090966796875,
            0.27180801544189453,
            0.28385536193847655,
            0.28622000274658205,
            0.27906090240478515,
            0.28558992309570314,
            0.30562470092773436,
            0.29755281829833985,
            0.2931095230102539,
            0.3243652374267578,
            0.32152699432373044,
            0.3351536895751953,
            0.33957993774414064,
            0.34073218688964846,
            0.3484506683349609,
            0.35389542236328125,
            0.38256075744628903,
            0.3665072204589844,
            0.34824849395751956
        ]
    }
}