{
    "desc": "Run 59 of hyperparameter search",
    "log_stdout": false,
    "params": {
        "alpha": 0.7,
        "batch_size": 64,
        "batch_size_eval": 1000,
        "learning_rate": 0.04,
        "momentum": 0.7,
        "num_epochs": 30,
        "num_passes": 2,
        "scaling_factor": 2
    },
    "stdout": "",
    "timestamp": "2019-02-04 13:48:19.959342",
    "values": {
        "noisy_test_acc": [
            52.69230769230769,
            56.32692307692308,
            57.05769230769231,
            54.23557692307692,
            56.89903846153846,
            57.77884615384615,
            53.84615384615385,
            57.51442307692308,
            54.51442307692308,
            50.97115384615385,
            57.40865384615385,
            52.25480769230769,
            56.25480769230769,
            56.02884615384615,
            52.64423076923077,
            48.80769230769231,
            49.48557692307692,
            53.05288461538461,
            48.86057692307692,
            49.64423076923077,
            43.55288461538461,
            47.75,
            51.34615384615385,
            44.33653846153846,
            47.29807692307692,
            43.23076923076923,
            44.86057692307692,
            43.97596153846154,
            40.25,
            38.07692307692308
        ],
        "noisy_test_loss": [
            1.5829053732065055,
            1.6020490059485801,
            1.6408768492478591,
            1.9091829578693096,
            2.080778459402231,
            2.010184874901405,
            2.5861144139216496,
            2.4167246686495267,
            2.8675613021850586,
            3.0473406777015097,
            2.1507162123460035,
            3.2336878263033353,
            2.599128646850586,
            2.793917626600999,
            3.260483140211839,
            3.0137899721585786,
            2.6566995327289287,
            2.4034857001671424,
            2.987483693636381,
            3.314320928133451,
            3.2293216470571666,
            2.5980430382948656,
            2.531199293870192,
            2.5539219782902642,
            2.288538530789889,
            2.5299052018385666,
            2.5817372952974758,
            2.6002157710148737,
            3.2753443791316106,
            2.4553124002309947
        ],
        "test_acc": [
            87.38461538461539,
            89.16826923076923,
            89.85096153846153,
            90.27884615384616,
            90.77884615384616,
            90.65865384615384,
            91.20673076923077,
            91.08173076923077,
            90.875,
            90.8798076923077,
            90.34615384615384,
            90.97115384615384,
            91.00961538461539,
            91.17788461538461,
            90.67788461538461,
            90.8173076923077,
            90.9951923076923,
            90.9423076923077,
            90.71153846153847,
            90.83653846153847,
            90.51442307692308,
            90.60576923076923,
            91.24038461538461,
            90.85096153846153,
            90.79326923076923,
            90.79807692307692,
            90.8798076923077,
            90.71634615384616,
            90.66826923076923,
            90.66346153846153
        ],
        "test_loss": [
            0.39068478217491737,
            0.3466079983344445,
            0.3184255013099084,
            0.30777701671306906,
            0.30717794601733867,
            0.31068349031301645,
            0.2946795074756329,
            0.3046811140500582,
            0.31638244555546685,
            0.3186752458719107,
            0.3333031720381517,
            0.34542493196634144,
            0.34490154853233923,
            0.3392690996023325,
            0.35610511449667126,
            0.34100262641906737,
            0.35306643706101637,
            0.36518303651076095,
            0.3833096687610333,
            0.3777095471895658,
            0.3881027232683622,
            0.3964817678011381,
            0.41544627116276667,
            0.40090911425076997,
            0.4034092961824857,
            0.41685841707082893,
            0.45064111122718226,
            0.45753175001878005,
            0.44517976467426007,
            0.4451498897259052
        ],
        "val_acc": [
            87.61,
            89.44,
            89.83,
            90.51,
            90.37,
            90.13,
            90.81,
            91.0,
            91.03,
            90.84,
            90.25,
            90.95,
            90.94,
            90.75,
            90.64,
            90.84,
            91.19,
            91.48,
            90.83,
            91.1,
            90.37,
            90.27,
            90.92,
            90.55,
            90.64,
            91.02,
            91.1,
            90.67,
            90.81,
            90.8
        ],
        "val_loss": [
            0.39045876770019533,
            0.3388576416015625,
            0.3105238327026367,
            0.29735919189453125,
            0.3108364562988281,
            0.31025283203125,
            0.3009899169921875,
            0.30505717468261717,
            0.31267506103515624,
            0.30692196655273435,
            0.32551588439941403,
            0.3360133758544922,
            0.3230736770629883,
            0.3428641845703125,
            0.3480206695556641,
            0.3441224365234375,
            0.3432836059570312,
            0.34809620361328125,
            0.37318853759765624,
            0.3629723480224609,
            0.3867997802734375,
            0.3916035308837891,
            0.43537240600585936,
            0.40811861572265623,
            0.41341837463378905,
            0.40472386169433594,
            0.4258340362548828,
            0.4424192840576172,
            0.4246778137207031,
            0.43899026794433593
        ]
    }
}