{
    "desc": "Run 6 of hyperparameter search",
    "log_stdout": false,
    "params": {
        "alpha": 0.3,
        "batch_size": 64,
        "batch_size_eval": 1000,
        "learning_rate": 0.02,
        "momentum": 0.3,
        "num_epochs": 30,
        "num_passes": 2,
        "scaling_factor": 2
    },
    "stdout": "",
    "timestamp": "2019-02-03 20:32:57.849375",
    "values": {
        "noisy_test_acc": [
            42.89423076923077,
            45.26442307692308,
            48.43269230769231,
            50.22115384615385,
            54.01442307692308,
            54.44230769230769,
            57.27403846153846,
            57.81730769230769,
            60.07692307692308,
            60.53846153846154,
            58.63942307692308,
            59.85096153846154,
            61.16346153846154,
            59.89423076923077,
            59.80288461538461,
            59.44230769230769,
            60.60576923076923,
            59.49038461538461,
            59.41826923076923,
            58.65865384615385,
            58.62019230769231,
            57.05288461538461,
            57.05769230769231,
            55.19230769230769,
            53.57211538461539,
            52.54326923076923,
            52.87019230769231,
            53.57692307692308,
            51.875,
            51.24038461538461
        ],
        "noisy_test_loss": [
            2.0569011746920074,
            1.9202654119638296,
            1.7411140852708082,
            1.6507096965496357,
            1.5244464698204627,
            1.4927379813561072,
            1.3931870431166429,
            1.3737838686429538,
            1.317108063331017,
            1.2881491492344783,
            1.3485827020498422,
            1.3086508325430064,
            1.2904878807067872,
            1.3254283861013558,
            1.3151910444406363,
            1.3512755269270678,
            1.3108305182823767,
            1.3422446691072905,
            1.360943599847647,
            1.4212268565251278,
            1.3922472601670486,
            1.4690826401343713,
            1.5016040442540095,
            1.5859752141512358,
            1.6873206226642314,
            1.705062399644118,
            1.7356957699702336,
            1.700375775557298,
            1.7826133155822754,
            1.8800592627892128
        ],
        "test_acc": [
            79.9951923076923,
            84.90384615384616,
            86.78365384615384,
            88.20673076923077,
            88.89423076923077,
            89.1875,
            89.88461538461539,
            89.9951923076923,
            90.54807692307692,
            90.65865384615384,
            90.6298076923077,
            91.125,
            91.28846153846153,
            91.125,
            91.4375,
            91.45673076923077,
            91.51923076923077,
            91.61057692307692,
            91.61057692307692,
            91.83173076923077,
            91.92307692307692,
            91.80288461538461,
            91.84134615384616,
            91.8701923076923,
            91.9375,
            91.98557692307692,
            92.01442307692308,
            92.0048076923077,
            92.125,
            92.1875
        ],
        "test_loss": [
            0.6872600746154786,
            0.5074068553631123,
            0.4347853315793551,
            0.38947304725646975,
            0.3605486121544471,
            0.3420596533555251,
            0.32644136062035195,
            0.31425386135394756,
            0.30183298917917106,
            0.2965365824332604,
            0.29143866282243,
            0.2808028602600098,
            0.27811740508446325,
            0.27851487159729005,
            0.27113071845127984,
            0.2684078524662898,
            0.26700611334580643,
            0.26257968242351826,
            0.26107750049004186,
            0.26192237560565657,
            0.25889816650977504,
            0.25910615040705753,
            0.2605152049431434,
            0.2622404226889977,
            0.26095898921673116,
            0.25657217759352463,
            0.2587702886874859,
            0.255373755968534,
            0.2563486330325787,
            0.2579481550363394
        ],
        "val_acc": [
            79.32,
            84.45,
            86.57,
            88.08,
            88.97,
            89.24,
            89.76,
            89.99,
            90.64,
            90.8,
            90.83,
            91.09,
            91.38,
            91.42,
            91.87,
            91.72,
            91.8,
            91.67,
            91.97,
            91.81,
            91.89,
            91.92,
            92.02,
            92.02,
            91.8,
            92.12,
            92.04,
            92.39,
            92.05,
            92.6
        ],
        "val_loss": [
            0.696400634765625,
            0.513324185180664,
            0.43948009643554686,
            0.39255352783203123,
            0.3626614471435547,
            0.3415780242919922,
            0.3276648895263672,
            0.31555738220214846,
            0.2996386657714844,
            0.29551914978027344,
            0.2890646728515625,
            0.2789263427734375,
            0.275014990234375,
            0.27585633239746093,
            0.26659609680175783,
            0.2665446395874023,
            0.2624143356323242,
            0.2597163131713867,
            0.25857889404296874,
            0.2604312622070313,
            0.2578740249633789,
            0.25631639099121095,
            0.2557471405029297,
            0.25826263122558596,
            0.2574948745727539,
            0.2504880615234375,
            0.2537644317626953,
            0.24885151977539063,
            0.2506922424316406,
            0.24927145233154296
        ]
    }
}