{
    "desc": "Run 60 of hyperparameter search",
    "log_stdout": false,
    "params": {
        "alpha": 0.7,
        "batch_size": 128,
        "batch_size_eval": 1000,
        "learning_rate": 0.005,
        "momentum": 0.3,
        "num_epochs": 30,
        "num_passes": 2,
        "scaling_factor": 2
    },
    "stdout": "",
    "timestamp": "2019-02-04 14:08:00.359104",
    "values": {
        "noisy_test_acc": [
            39.27884615384615,
            38.41826923076923,
            40.14903846153846,
            40.62019230769231,
            42.03365384615385,
            42.0,
            41.62019230769231,
            42.47596153846154,
            43.22115384615385,
            44.17788461538461,
            43.99038461538461,
            44.01442307692308,
            44.84134615384615,
            45.41826923076923,
            46.86057692307692,
            47.63942307692308,
            48.98557692307692,
            48.21634615384615,
            48.15384615384615,
            49.12019230769231,
            51.38942307692308,
            51.51923076923077,
            51.56730769230769,
            51.74038461538461,
            53.125,
            53.41826923076923,
            53.46634615384615,
            53.24038461538461,
            54.44711538461539,
            54.88461538461539
        ],
        "noisy_test_loss": [
            2.2506670673076923,
            2.1643112006554235,
            2.151434825016902,
            2.121275948744554,
            2.0726429660503682,
            2.071863335829515,
            2.047437940744253,
            1.9865575203528771,
            1.9564154639610878,
            1.8945010317288913,
            1.8894884021465594,
            1.868755249610314,
            1.8345475651667669,
            1.799917153578538,
            1.75928099999061,
            1.72161985544058,
            1.6862444657545823,
            1.7080817119891827,
            1.6929562891446628,
            1.666677441230187,
            1.614870003920335,
            1.5946274067805364,
            1.6017380729088417,
            1.57600125679603,
            1.5458775960482083,
            1.5401721602219802,
            1.5391900693453275,
            1.5336982859097994,
            1.495782435490535,
            1.5033182261540339
        ],
        "test_acc": [
            57.91826923076923,
            66.63942307692308,
            71.14903846153847,
            74.33653846153847,
            77.16346153846153,
            79.3173076923077,
            80.82211538461539,
            82.25,
            83.17788461538461,
            84.17788461538461,
            84.75961538461539,
            85.25961538461539,
            85.7451923076923,
            86.21153846153847,
            86.60576923076923,
            86.89423076923077,
            87.07211538461539,
            87.53365384615384,
            87.63461538461539,
            87.9326923076923,
            88.13461538461539,
            88.38942307692308,
            88.51923076923077,
            88.78846153846153,
            88.98557692307692,
            89.02884615384616,
            89.3173076923077,
            89.42788461538461,
            89.41346153846153,
            89.63942307692308
        ],
        "test_loss": [
            1.5764535933274488,
            1.1643450252826397,
            0.9939581797673152,
            0.8781921944251427,
            0.7834360152024489,
            0.7093354357205904,
            0.6507993654104379,
            0.6059752258887657,
            0.5684233518747183,
            0.5363669322087214,
            0.5118769748394306,
            0.49133495037372293,
            0.4728197655310998,
            0.45565811303945686,
            0.4411964908012977,
            0.43015533887423,
            0.4188546158717229,
            0.4078522359407865,
            0.3993963248913105,
            0.3901799649458665,
            0.3831201516664945,
            0.3756418851705698,
            0.3680041056412917,
            0.36212270223177395,
            0.3559944534301758,
            0.3516458049187293,
            0.3452617263793945,
            0.3397540987454928,
            0.33784369982205903,
            0.3333294670398419
        ],
        "val_acc": [
            57.43,
            65.77,
            70.8,
            74.16,
            76.63,
            78.81,
            80.38,
            81.37,
            82.75,
            83.54,
            84.14,
            84.93,
            85.54,
            85.94,
            86.19,
            86.74,
            86.96,
            87.3,
            87.5,
            87.99,
            88.05,
            88.38,
            88.75,
            88.76,
            89.01,
            89.17,
            89.37,
            89.42,
            89.59,
            89.63
        ],
        "val_loss": [
            1.579897705078125,
            1.1723213012695313,
            1.003028564453125,
            0.8880424560546875,
            0.7933294006347656,
            0.7191961059570312,
            0.6605658081054687,
            0.6163147033691406,
            0.5773427062988281,
            0.5458055084228516,
            0.5209032653808594,
            0.49806010437011716,
            0.47873746948242185,
            0.46191313171386716,
            0.4468278076171875,
            0.4342759063720703,
            0.42061463317871095,
            0.4095130340576172,
            0.40014382934570314,
            0.3901265716552734,
            0.38313858947753904,
            0.3748544006347656,
            0.3673285339355469,
            0.3597554748535156,
            0.35333983764648436,
            0.347984521484375,
            0.34143424377441406,
            0.3349296875,
            0.3321793365478516,
            0.32890673217773436
        ]
    }
}