{
    "desc": "Run 61 of hyperparameter search",
    "log_stdout": false,
    "params": {
        "alpha": 0.7,
        "batch_size": 128,
        "batch_size_eval": 1000,
        "learning_rate": 0.005,
        "momentum": 0.5,
        "num_epochs": 30,
        "num_passes": 2,
        "scaling_factor": 2
    },
    "stdout": "",
    "timestamp": "2019-02-04 14:26:32.875528",
    "values": {
        "noisy_test_acc": [
            40.75480769230769,
            38.83173076923077,
            41.03846153846154,
            40.96153846153846,
            42.73557692307692,
            42.34615384615385,
            42.375,
            44.0,
            44.92307692307692,
            47.23076923076923,
            45.98557692307692,
            46.94711538461539,
            48.04326923076923,
            48.62980769230769,
            50.27403846153846,
            52.21634615384615,
            52.73557692307692,
            52.39903846153846,
            52.25961538461539,
            52.40384615384615,
            55.03846153846154,
            55.83173076923077,
            54.75480769230769,
            55.93269230769231,
            55.84134615384615,
            55.49519230769231,
            55.53365384615385,
            54.77403846153846,
            56.60576923076923,
            55.65865384615385
        ],
        "noisy_test_loss": [
            2.1301265540489784,
            2.1953106278639574,
            2.1174066162109373,
            2.0624705681434046,
            2.005760233952449,
            1.9974893217820389,
            1.9642631442730243,
            1.885299330491286,
            1.837999044565054,
            1.7751533082815316,
            1.782263952401968,
            1.7405647351191593,
            1.7060917839637169,
            1.6800994550264798,
            1.6223575474665715,
            1.5784426278334398,
            1.5719885415297288,
            1.5729071455735426,
            1.5712628159156212,
            1.5640519538292519,
            1.4997526520949143,
            1.4772815366891714,
            1.5027607052142804,
            1.4618475781954252,
            1.4593258828383227,
            1.4745141557546761,
            1.4776024466294508,
            1.4949987396827111,
            1.4408600777846117,
            1.4852610984215369
        ],
        "test_acc": [
            61.73557692307692,
            70.14423076923077,
            74.86538461538461,
            78.47596153846153,
            80.91826923076923,
            82.66826923076923,
            83.75,
            84.6923076923077,
            85.64423076923077,
            86.26923076923077,
            86.72596153846153,
            87.10576923076923,
            87.46634615384616,
            88.03365384615384,
            88.23076923076923,
            88.3798076923077,
            88.65865384615384,
            89.10096153846153,
            89.03846153846153,
            89.4326923076923,
            89.4326923076923,
            89.6875,
            89.85576923076923,
            89.9326923076923,
            90.11057692307692,
            90.09134615384616,
            90.35576923076923,
            90.39903846153847,
            90.41346153846153,
            90.55288461538461
        ],
        "test_loss": [
            1.3416901162954478,
            1.026371859036959,
            0.8569062893207257,
            0.740122437110314,
            0.6516065670893743,
            0.5892070080683781,
            0.5441725173363319,
            0.510269339634822,
            0.48143510818481444,
            0.4565456830538236,
            0.4373543431208684,
            0.4217527748988225,
            0.40706479732806866,
            0.39300068561847395,
            0.38118743089529183,
            0.37326881041893595,
            0.36497854012709396,
            0.3559668621650109,
            0.34893076749948354,
            0.34178194119380073,
            0.3361915118877704,
            0.3304679628518912,
            0.32444675005399265,
            0.32026178726783167,
            0.31562629846426155,
            0.3128157043457031,
            0.3079619994530311,
            0.3036361819047194,
            0.30316752360417293,
            0.29927217190082256
        ],
        "val_acc": [
            61.26,
            69.53,
            74.52,
            77.84,
            80.29,
            82.18,
            83.27,
            84.3,
            85.3,
            85.99,
            86.46,
            86.96,
            87.4,
            87.77,
            88.08,
            88.52,
            88.64,
            88.95,
            89.38,
            89.63,
            89.63,
            89.79,
            89.97,
            90.04,
            90.32,
            90.5,
            90.49,
            90.49,
            90.65,
            90.76
        ],
        "val_loss": [
            1.3473398315429688,
            1.03559599609375,
            0.8668971496582031,
            0.7504523864746093,
            0.6608594543457031,
            0.5987629638671875,
            0.5526570373535157,
            0.5180285797119141,
            0.48720926513671875,
            0.46236257629394534,
            0.4424615478515625,
            0.4241929168701172,
            0.4086184356689453,
            0.3942663818359375,
            0.3822913635253906,
            0.37197852478027343,
            0.36143155212402345,
            0.3523372283935547,
            0.34526932373046876,
            0.3370373596191406,
            0.33193090209960935,
            0.3256630615234375,
            0.32087958984375,
            0.31422224731445314,
            0.3099096984863281,
            0.3070103973388672,
            0.30177746276855466,
            0.29666455993652346,
            0.2963024703979492,
            0.2941508728027344
        ]
    }
}