{
    "desc": "Run 62 of hyperparameter search",
    "log_stdout": false,
    "params": {
        "alpha": 0.7,
        "batch_size": 128,
        "batch_size_eval": 1000,
        "learning_rate": 0.005,
        "momentum": 0.7,
        "num_epochs": 30,
        "num_passes": 2,
        "scaling_factor": 2
    },
    "stdout": "",
    "timestamp": "2019-02-04 14:45:03.720977",
    "values": {
        "noisy_test_acc": [
            40.09134615384615,
            41.15384615384615,
            42.20673076923077,
            42.46153846153846,
            44.52403846153846,
            44.88942307692308,
            46.59134615384615,
            49.34615384615385,
            49.87980769230769,
            52.89423076923077,
            51.73076923076923,
            53.11538461538461,
            54.68269230769231,
            55.60096153846154,
            56.97115384615385,
            57.08653846153846,
            56.75,
            56.375,
            55.14423076923077,
            54.92788461538461,
            55.60576923076923,
            55.46634615384615,
            55.39903846153846,
            55.26442307692308,
            54.38461538461539,
            51.48557692307692,
            52.70192307692308,
            51.81730769230769,
            52.69230769230769,
            49.75
        ],
        "noisy_test_loss": [
            2.1303958423321063,
            2.133593732393705,
            2.011325883131761,
            1.9442117485633263,
            1.8595966955331655,
            1.8376860193105844,
            1.7689006864107573,
            1.6736312514085037,
            1.6435817322364221,
            1.5611164474487305,
            1.5936237613971416,
            1.532655459183913,
            1.5057803638164813,
            1.474682737497183,
            1.4337237607515776,
            1.4229049374507023,
            1.4467942355229304,
            1.4588698269770695,
            1.4941580229539138,
            1.4920023345947266,
            1.4749141561068022,
            1.5049311755253718,
            1.5015816908616286,
            1.4949803117605356,
            1.5297705503610464,
            1.647567596435547,
            1.6175107897244967,
            1.6554961806077224,
            1.5973670167189378,
            1.7473400893578162
        ],
        "test_acc": [
            67.70673076923077,
            75.79326923076923,
            80.6201923076923,
            83.30288461538461,
            84.99038461538461,
            86.0,
            86.64903846153847,
            87.33173076923077,
            87.99038461538461,
            88.52403846153847,
            88.9951923076923,
            89.23557692307692,
            89.5625,
            89.91346153846153,
            90.16826923076923,
            90.19711538461539,
            90.29807692307692,
            90.6298076923077,
            90.49038461538461,
            90.8173076923077,
            90.70673076923077,
            90.7451923076923,
            90.9375,
            91.01442307692308,
            91.01442307692308,
            90.98076923076923,
            91.15865384615384,
            91.1826923076923,
            91.26442307692308,
            91.26442307692308
        ],
        "test_loss": [
            1.1069572272667518,
            0.8177613273033729,
            0.6529119858374962,
            0.5627778552128718,
            0.50123597071721,
            0.4586414307814378,
            0.4304006965343769,
            0.4066294369330773,
            0.38653604654165413,
            0.369891698543842,
            0.35461020396305964,
            0.34455164909362795,
            0.33316646575927733,
            0.3252759926135723,
            0.31630201999957747,
            0.3109635147681603,
            0.30791628470787635,
            0.30089027918302097,
            0.29623995267427883,
            0.29203158415280855,
            0.28854104262131913,
            0.28670788251436674,
            0.2828428455499502,
            0.2802926544042734,
            0.27877321500044605,
            0.27887304782867434,
            0.2758772145784818,
            0.27448689534113957,
            0.27341715886042667,
            0.271684779387254
        ],
        "val_acc": [
            67.44,
            75.61,
            79.92,
            82.8,
            84.61,
            85.86,
            86.68,
            87.42,
            88.06,
            88.49,
            89.03,
            89.54,
            89.57,
            89.96,
            90.2,
            90.45,
            90.59,
            90.81,
            91.05,
            91.04,
            91.09,
            91.2,
            91.09,
            91.37,
            91.4,
            91.3,
            91.45,
            91.47,
            91.56,
            91.64
        ],
        "val_loss": [
            1.1157341796875,
            0.8283600219726562,
            0.6634066528320313,
            0.572206201171875,
            0.5076189178466797,
            0.4652070709228516,
            0.43335773620605467,
            0.4070823486328125,
            0.38524061889648437,
            0.36836678466796874,
            0.35296592102050783,
            0.3397617065429688,
            0.3295266571044922,
            0.3209078948974609,
            0.3128569122314453,
            0.3038543487548828,
            0.29909856872558593,
            0.29288361206054686,
            0.28999705657958985,
            0.28544015808105466,
            0.2831641830444336,
            0.2802185363769531,
            0.27944236755371094,
            0.27308089904785154,
            0.2720074279785156,
            0.27265765838623046,
            0.26852528381347657,
            0.2667658187866211,
            0.2670769607543945,
            0.26732739105224607
        ]
    }
}