{
    "desc": "Run 63 of hyperparameter search",
    "log_stdout": false,
    "params": {
        "alpha": 0.7,
        "batch_size": 128,
        "batch_size_eval": 1000,
        "learning_rate": 0.01,
        "momentum": 0.3,
        "num_epochs": 30,
        "num_passes": 2,
        "scaling_factor": 2
    },
    "stdout": "",
    "timestamp": "2019-02-04 15:03:32.862128",
    "values": {
        "noisy_test_acc": [
            40.02884615384615,
            40.09615384615385,
            41.85096153846154,
            41.57692307692308,
            44.01923076923077,
            43.75,
            45.0625,
            47.51923076923077,
            48.58653846153846,
            50.83173076923077,
            50.37019230769231,
            51.33173076923077,
            52.35576923076923,
            53.65865384615385,
            55.45673076923077,
            55.52884615384615,
            56.10096153846154,
            55.62019230769231,
            54.8125,
            54.45192307692308,
            56.41826923076923,
            56.09134615384615,
            55.46153846153846,
            55.15384615384615,
            55.59134615384615,
            53.23076923076923,
            54.02403846153846,
            52.20192307692308,
            54.41346153846154,
            51.64423076923077
        ],
        "noisy_test_loss": [
            2.127859338613657,
            2.165635150029109,
            2.045999973003681,
            1.9936263715303861,
            1.9107689725435697,
            1.8872040792611928,
            1.8323058583186222,
            1.7462483626145584,
            1.6980975356468788,
            1.6261649792010968,
            1.6373454196636494,
            1.5903427578852727,
            1.555322535588191,
            1.5358773862398587,
            1.47478763286884,
            1.4721468455974873,
            1.4616180625328652,
            1.473417911529541,
            1.5019475203294022,
            1.5067548927894006,
            1.4563814089848446,
            1.4563650864821214,
            1.4907766576913688,
            1.488233161339393,
            1.4743608988248385,
            1.5651081628065844,
            1.544960363828219,
            1.6032909804124098,
            1.55167330961961,
            1.6352423579876239
        ],
        "test_acc": [
            66.23557692307692,
            74.21634615384616,
            79.04807692307692,
            82.09615384615384,
            83.8701923076923,
            85.11538461538461,
            85.95192307692308,
            86.58173076923077,
            87.30288461538461,
            87.88942307692308,
            88.36538461538461,
            88.73076923076923,
            89.04326923076923,
            89.40384615384616,
            89.75,
            89.86538461538461,
            89.91826923076923,
            90.21153846153847,
            90.15865384615384,
            90.52403846153847,
            90.51923076923077,
            90.54807692307692,
            90.76923076923077,
            90.70673076923077,
            90.82692307692308,
            90.8076923076923,
            91.03846153846153,
            90.9423076923077,
            90.94711538461539,
            91.04326923076923
        ],
        "test_loss": [
            1.1688214698204626,
            0.8806164844219502,
            0.7097866527850811,
            0.6081492746793307,
            0.5404836141146147,
            0.4924888332073505,
            0.4591603374481201,
            0.43388550685002253,
            0.4109560357607328,
            0.3926208026592548,
            0.3761093308375432,
            0.36421027403611406,
            0.3525202582432673,
            0.34191024853633,
            0.332680030969473,
            0.32681743695185733,
            0.322322903413039,
            0.3130534003331111,
            0.3086300486784715,
            0.30369295303638166,
            0.29937856637514554,
            0.29658674496870774,
            0.2918932870718149,
            0.29114584666032056,
            0.28661918273338904,
            0.28561476010542647,
            0.2822728549517118,
            0.2802987835957454,
            0.2798785327031062,
            0.2789292885706975
        ],
        "val_acc": [
            65.82,
            73.84,
            78.42,
            81.51,
            83.53,
            85.01,
            85.86,
            86.78,
            87.4,
            87.78,
            88.39,
            88.82,
            89.07,
            89.45,
            89.65,
            89.87,
            90.13,
            90.26,
            90.56,
            90.75,
            90.74,
            90.74,
            90.96,
            90.97,
            91.21,
            91.13,
            91.14,
            91.24,
            91.45,
            91.35
        ],
        "val_loss": [
            1.1769283935546875,
            0.890957958984375,
            0.7208752868652344,
            0.6180850952148438,
            0.5480407318115235,
            0.5006426666259766,
            0.46425368347167967,
            0.4369688262939453,
            0.41179420776367187,
            0.3935999908447266,
            0.37664674072265625,
            0.3615415283203125,
            0.3502098876953125,
            0.3393335357666016,
            0.3309006072998047,
            0.32137254943847654,
            0.31490691528320314,
            0.30669793701171877,
            0.30313039245605466,
            0.297886279296875,
            0.2947373596191406,
            0.2910670852661133,
            0.2890469802856445,
            0.2848608367919922,
            0.2806513946533203,
            0.27986665954589846,
            0.27581346740722656,
            0.2734748107910156,
            0.2741262237548828,
            0.2747129196166992
        ]
    }
}