{
    "desc": "Run 64 of hyperparameter search",
    "log_stdout": false,
    "params": {
        "alpha": 0.7,
        "batch_size": 128,
        "batch_size_eval": 1000,
        "learning_rate": 0.01,
        "momentum": 0.5,
        "num_epochs": 30,
        "num_passes": 2,
        "scaling_factor": 2
    },
    "stdout": "",
    "timestamp": "2019-02-04 15:22:06.258670",
    "values": {
        "noisy_test_acc": [
            40.66346153846154,
            41.86057692307692,
            43.02884615384615,
            42.05288461538461,
            45.54807692307692,
            46.07211538461539,
            49.00480769230769,
            51.49519230769231,
            52.1875,
            55.33653846153846,
            54.19230769230769,
            54.22115384615385,
            55.43269230769231,
            56.42788461538461,
            57.94230769230769,
            57.39423076923077,
            56.26442307692308,
            55.77884615384615,
            53.40384615384615,
            54.22115384615385,
            54.45192307692308,
            54.43269230769231,
            52.99038461538461,
            53.70192307692308,
            52.12980769230769,
            49.06730769230769,
            49.39423076923077,
            49.08173076923077,
            50.51442307692308,
            46.51442307692308
        ],
        "noisy_test_loss": [
            2.1248880885197567,
            2.096732714726375,
            1.9640812448354867,
            1.9109350204467774,
            1.7989898388202374,
            1.7813285416823168,
            1.6865132287832407,
            1.5959629366948054,
            1.5661514883774978,
            1.4998764991760254,
            1.518072955791767,
            1.5034444368802584,
            1.4683551406860351,
            1.4405718245873085,
            1.4070865587087777,
            1.4235733002882738,
            1.4680416165865384,
            1.4782079725999098,
            1.559475815112774,
            1.5347317519554724,
            1.529377131828895,
            1.540464119544396,
            1.583870837871845,
            1.5498196484492375,
            1.629445542555589,
            1.8013948381864107,
            1.7606632012587327,
            1.7756117307222807,
            1.7463778495788573,
            1.9204485174325796
        ],
        "test_acc": [
            69.79807692307692,
            78.10576923076923,
            82.48076923076923,
            84.5576923076923,
            85.95673076923077,
            86.9423076923077,
            87.66346153846153,
            88.17788461538461,
            88.875,
            89.21153846153847,
            89.7451923076923,
            89.67788461538461,
            90.05288461538461,
            90.33653846153847,
            90.54807692307692,
            90.50961538461539,
            90.54807692307692,
            90.92788461538461,
            90.78846153846153,
            91.1923076923077,
            90.9951923076923,
            91.04326923076923,
            91.2451923076923,
            91.08173076923077,
            91.3125,
            91.15865384615384,
            91.39903846153847,
            91.41826923076923,
            91.4326923076923,
            91.28365384615384
        ],
        "test_loss": [
            1.0313005682138296,
            0.7424418889559232,
            0.5912747045663687,
            0.5138756341200609,
            0.46241209543668305,
            0.42446004940913273,
            0.39846971658559943,
            0.3788682922950158,
            0.3594976953359751,
            0.34703395256629355,
            0.33149128913879394,
            0.3237522998222938,
            0.3136912676004263,
            0.3076411482004019,
            0.30068640378805306,
            0.29728452389056864,
            0.2950318277799166,
            0.286784007365887,
            0.2840900135040283,
            0.28118269040034366,
            0.27886932116288404,
            0.2786309341283945,
            0.2746113953223595,
            0.27632503766279953,
            0.27221697880671575,
            0.27489714329059306,
            0.27100166760958155,
            0.2719900886829083,
            0.2704333261343149,
            0.2704022576258733
        ],
        "val_acc": [
            69.64,
            77.42,
            81.97,
            84.35,
            85.8,
            86.82,
            87.68,
            88.45,
            88.9,
            89.32,
            89.76,
            90.03,
            90.32,
            90.57,
            90.66,
            90.91,
            90.95,
            91.29,
            91.53,
            91.32,
            91.27,
            91.47,
            91.42,
            91.5,
            91.74,
            91.58,
            91.66,
            91.5,
            91.73,
            91.75
        ],
        "val_loss": [
            1.0406406127929688,
            0.7534681762695312,
            0.6011890319824219,
            0.5214154327392578,
            0.46620599670410157,
            0.4288558349609375,
            0.3987970367431641,
            0.37617428283691406,
            0.3560288482666016,
            0.34341649169921873,
            0.3281634552001953,
            0.3171789276123047,
            0.30894334411621094,
            0.30171932678222657,
            0.2963889892578125,
            0.28839068450927735,
            0.28500799865722654,
            0.2777310531616211,
            0.2765814971923828,
            0.27397528533935545,
            0.2727312774658203,
            0.27080133361816405,
            0.26976621856689453,
            0.26743719482421874,
            0.2632964828491211,
            0.26659891052246093,
            0.26214190216064454,
            0.2629676574707031,
            0.2619404846191406,
            0.2637986282348633
        ]
    }
}