{
    "desc": "Run 65 of hyperparameter search",
    "log_stdout": false,
    "params": {
        "alpha": 0.7,
        "batch_size": 128,
        "batch_size_eval": 1000,
        "learning_rate": 0.01,
        "momentum": 0.7,
        "num_epochs": 30,
        "num_passes": 2,
        "scaling_factor": 2
    },
    "stdout": "",
    "timestamp": "2019-02-04 15:40:36.679449",
    "values": {
        "noisy_test_acc": [
            41.81730769230769,
            42.19711538461539,
            46.88461538461539,
            46.14903846153846,
            50.95192307692308,
            51.30769230769231,
            54.24038461538461,
            56.98076923076923,
            57.0,
            57.90384615384615,
            56.20192307692308,
            54.82211538461539,
            56.90865384615385,
            56.72115384615385,
            56.12019230769231,
            55.31730769230769,
            54.3125,
            55.15865384615385,
            49.27403846153846,
            51.18269230769231,
            49.60096153846154,
            47.87980769230769,
            49.10576923076923,
            50.05288461538461,
            47.67307692307692,
            43.54326923076923,
            44.89903846153846,
            44.79326923076923,
            45.49038461538461,
            41.21153846153846
        ],
        "noisy_test_loss": [
            2.0822943349984975,
            2.0147352981567384,
            1.7858921784621018,
            1.7548237067002517,
            1.612736398256742,
            1.5932598818265475,
            1.4959545795734113,
            1.4230632356496957,
            1.4262995925316444,
            1.4063579075153056,
            1.4541709797198956,
            1.4850593596238357,
            1.4333672332763672,
            1.4249390895550067,
            1.4562942240788386,
            1.4745335931044359,
            1.5649627172029936,
            1.5219756948030911,
            1.7509092771089994,
            1.6882403388390175,
            1.758301905118502,
            1.869863143334022,
            1.8284639402536245,
            1.7651455145615798,
            1.925817589393029,
            2.224425069368803,
            2.141203419612004,
            2.1430827977107123,
            2.1649665979238657,
            2.394740761976976
        ],
        "test_acc": [
            75.72596153846153,
            82.96634615384616,
            85.80288461538461,
            87.17788461538461,
            88.35096153846153,
            89.08173076923077,
            89.59615384615384,
            89.8125,
            90.24038461538461,
            90.54326923076923,
            90.84134615384616,
            90.74038461538461,
            91.11057692307692,
            90.95192307692308,
            91.34134615384616,
            91.3076923076923,
            91.34134615384616,
            91.60096153846153,
            91.39903846153847,
            91.74038461538461,
            91.65865384615384,
            91.52884615384616,
            91.66346153846153,
            91.53365384615384,
            91.79807692307692,
            91.48557692307692,
            91.5673076923077,
            91.67788461538461,
            91.63942307692308,
            91.66346153846153
        ],
        "test_loss": [
            0.8254176917442909,
            0.5673606256338266,
            0.46624981073232796,
            0.41411087696368876,
            0.3770973242246188,
            0.3493430922581599,
            0.33094841370215783,
            0.32127555700448845,
            0.30729916572570803,
            0.30138472410348743,
            0.28830252537360557,
            0.2860047351397001,
            0.27787594391749454,
            0.28130140634683465,
            0.27309993340418887,
            0.2732636316006,
            0.27438398581284745,
            0.2678219538468581,
            0.26846305260291464,
            0.2664364139850323,
            0.2653813259418194,
            0.2682687304570125,
            0.26557445709521954,
            0.26960133259113017,
            0.2723860344519982,
            0.2757979249954224,
            0.2754557726933406,
            0.27384134365962104,
            0.279146026464609,
            0.27591783853677604
        ],
        "val_acc": [
            75.11,
            82.19,
            85.8,
            87.33,
            88.52,
            89.07,
            89.74,
            90.15,
            90.65,
            90.79,
            91.04,
            91.11,
            91.15,
            91.56,
            91.36,
            91.58,
            91.59,
            91.82,
            91.84,
            91.66,
            91.63,
            92.06,
            91.66,
            91.84,
            91.89,
            91.58,
            91.73,
            91.95,
            91.75,
            91.77
        ],
        "val_loss": [
            0.8366400695800781,
            0.5775386047363281,
            0.47108522644042966,
            0.41428267517089845,
            0.37351644592285155,
            0.3470789337158203,
            0.32501668701171876,
            0.3116178131103516,
            0.300180126953125,
            0.2930492401123047,
            0.2827921813964844,
            0.275119270324707,
            0.2707842239379883,
            0.27189158477783204,
            0.2659308334350586,
            0.26226455078125,
            0.2629540313720703,
            0.2574199249267578,
            0.2580366607666016,
            0.2564247528076172,
            0.25794337615966795,
            0.25814013214111325,
            0.2585110549926758,
            0.25975259399414063,
            0.25965195922851564,
            0.26716663665771484,
            0.2637272964477539,
            0.2623373748779297,
            0.2652545928955078,
            0.26686136627197266
        ]
    }
}