{
    "desc": "Run 66 of hyperparameter search",
    "log_stdout": false,
    "params": {
        "alpha": 0.7,
        "batch_size": 128,
        "batch_size_eval": 1000,
        "learning_rate": 0.02,
        "momentum": 0.3,
        "num_epochs": 30,
        "num_passes": 2,
        "scaling_factor": 2
    },
    "stdout": "",
    "timestamp": "2019-02-04 15:59:08.680358",
    "values": {
        "noisy_test_acc": [
            41.70192307692308,
            42.00961538461539,
            44.97115384615385,
            43.61057692307692,
            49.49519230769231,
            50.21153846153846,
            52.66826923076923,
            55.55288461538461,
            56.02403846153846,
            57.37019230769231,
            55.69711538461539,
            54.34134615384615,
            56.63461538461539,
            57.36538461538461,
            56.74038461538461,
            55.75480769230769,
            54.62980769230769,
            54.1875,
            50.51923076923077,
            52.76442307692308,
            50.4375,
            51.29807692307692,
            50.35576923076923,
            51.18269230769231,
            50.19711538461539,
            44.66826923076923,
            45.88461538461539,
            46.75,
            46.86538461538461,
            42.10576923076923
        ],
        "noisy_test_loss": [
            2.0961891291691708,
            2.0478906279343825,
            1.8471072270320013,
            1.8246422400841347,
            1.6726477813720704,
            1.6417943206200234,
            1.5589650022066557,
            1.4814047519977276,
            1.442042631002573,
            1.4281595655588004,
            1.4611478702838605,
            1.511576987046462,
            1.4485595321655274,
            1.4112558467571552,
            1.4355260643592247,
            1.4658642783531777,
            1.5303738682086652,
            1.547304727114164,
            1.667594429896428,
            1.635421560727633,
            1.7336462769141563,
            1.7019464507469764,
            1.7476047706604003,
            1.691602284358098,
            1.7822330254774827,
            2.1434463075491097,
            2.066276397705078,
            2.0112769728440503,
            2.0418435111412636,
            2.3247720689039966
        ],
        "test_acc": [
            73.9375,
            81.69711538461539,
            85.1201923076923,
            86.66346153846153,
            87.57692307692308,
            88.52403846153847,
            89.17788461538461,
            89.39423076923077,
            90.01442307692308,
            90.17307692307692,
            90.61538461538461,
            90.55288461538461,
            90.73557692307692,
            90.84615384615384,
            91.0673076923077,
            91.0673076923077,
            91.24038461538461,
            91.375,
            91.2548076923077,
            91.6875,
            91.3173076923077,
            91.45192307692308,
            91.5673076923077,
            91.4423076923077,
            91.77884615384616,
            91.46153846153847,
            91.6201923076923,
            91.59615384615384,
            91.66826923076923,
            91.5
        ],
        "test_loss": [
            0.8852891745934119,
            0.6122360112116887,
            0.49706255545982947,
            0.44036232728224534,
            0.40046724466177136,
            0.3692582871363713,
            0.3467727441054124,
            0.33553849953871506,
            0.31882198773897613,
            0.3130928292641273,
            0.29876954738910383,
            0.29468503511868993,
            0.2860155333005465,
            0.28537356560046856,
            0.28004979353684645,
            0.2783873935846182,
            0.2776397701410147,
            0.2706776039416973,
            0.27015295945681056,
            0.2679206367639395,
            0.26840703597435583,
            0.2684586158165565,
            0.26504181751838096,
            0.270030963237469,
            0.26842571295224704,
            0.27174285485194277,
            0.270902079802293,
            0.27067464901850774,
            0.2735409971383902,
            0.2762149840134841
        ],
        "val_acc": [
            73.54,
            80.93,
            84.92,
            86.58,
            87.77,
            88.49,
            89.58,
            89.82,
            90.31,
            90.41,
            90.8,
            90.75,
            90.95,
            91.34,
            91.26,
            91.54,
            91.4,
            91.72,
            91.69,
            91.69,
            91.62,
            91.9,
            91.57,
            91.77,
            92.06,
            91.75,
            91.67,
            91.84,
            91.82,
            91.69
        ],
        "val_loss": [
            0.89543603515625,
            0.6230502807617188,
            0.5044834777832031,
            0.4423134735107422,
            0.3985804473876953,
            0.36851966857910157,
            0.34186347045898435,
            0.3273797485351562,
            0.31207159271240237,
            0.3058662658691406,
            0.2924950561523437,
            0.2857627304077148,
            0.2789729553222656,
            0.2775005844116211,
            0.2731693115234375,
            0.2672286346435547,
            0.2654928970336914,
            0.2612768569946289,
            0.2596543975830078,
            0.2580351089477539,
            0.2612507476806641,
            0.25921166076660157,
            0.2597166778564453,
            0.2602478698730469,
            0.25748613128662107,
            0.26230598907470704,
            0.25983629455566404,
            0.25945426635742186,
            0.25981741027832034,
            0.26817693786621094
        ]
    }
}