{
    "desc": "Run 67 of hyperparameter search",
    "log_stdout": false,
    "params": {
        "alpha": 0.7,
        "batch_size": 128,
        "batch_size_eval": 1000,
        "learning_rate": 0.02,
        "momentum": 0.5,
        "num_epochs": 30,
        "num_passes": 2,
        "scaling_factor": 2
    },
    "stdout": "",
    "timestamp": "2019-02-04 16:17:42.856173",
    "values": {
        "noisy_test_acc": [
            42.45192307692308,
            43.01442307692308,
            48.16346153846154,
            47.71153846153846,
            53.58653846153846,
            52.97596153846154,
            56.36538461538461,
            58.36538461538461,
            58.04326923076923,
            57.73557692307692,
            56.04807692307692,
            54.40865384615385,
            56.53365384615385,
            56.84134615384615,
            55.43269230769231,
            53.94711538461539,
            54.50961538461539,
            54.68269230769231,
            49.63461538461539,
            51.22115384615385,
            48.69711538461539,
            48.86057692307692,
            49.23076923076923,
            50.03846153846154,
            48.13461538461539,
            44.38461538461539,
            46.52403846153846,
            45.14903846153846,
            46.62019230769231,
            43.19711538461539
        ],
        "noisy_test_loss": [
            2.0497199572049656,
            1.961618267939641,
            1.732911456181453,
            1.686634688744178,
            1.530173653822679,
            1.5373722325838528,
            1.4445058866647573,
            1.3832460535489597,
            1.3841575373136081,
            1.4117072002704327,
            1.4676797411992,
            1.5128219883258527,
            1.4432284721961388,
            1.4283917074937087,
            1.4738831109267014,
            1.5281055391751803,
            1.5719940317594088,
            1.5257494970468375,
            1.7611340654813326,
            1.719005385178786,
            1.8450289506178637,
            1.831869142972506,
            1.8669850877615122,
            1.8223060197096606,
            1.960127962552584,
            2.2514449603740987,
            2.127994126539964,
            2.1690821647644043,
            2.174711649968074,
            2.373036416860727
        ],
        "test_acc": [
            77.98076923076923,
            83.98076923076923,
            86.67788461538461,
            88.01442307692308,
            88.96153846153847,
            89.75961538461539,
            90.08173076923077,
            90.125,
            90.54326923076923,
            90.875,
            91.21634615384616,
            91.11057692307692,
            91.33173076923077,
            91.0576923076923,
            91.4951923076923,
            91.38461538461539,
            91.50961538461539,
            91.59134615384616,
            91.48557692307692,
            91.82692307692308,
            91.5673076923077,
            91.69711538461539,
            91.76923076923077,
            91.61538461538461,
            91.86057692307692,
            91.72115384615384,
            91.75961538461539,
            91.6923076923077,
            91.67307692307692,
            91.76442307692308
        ],
        "test_loss": [
            0.7490951714148888,
            0.5215198311438928,
            0.431052638567411,
            0.38671549210181605,
            0.35414109009962813,
            0.3287351336845985,
            0.31213198295006384,
            0.30653420521662783,
            0.2932326933053824,
            0.290803128022414,
            0.2792199237530048,
            0.2765875680630024,
            0.27075926083784835,
            0.27661609906416673,
            0.2698948783140916,
            0.26879336467156045,
            0.27068649548750656,
            0.266814436178941,
            0.2666568682743953,
            0.26491654762854944,
            0.26699095799372746,
            0.26656074560605564,
            0.2661374649634728,
            0.27061995322887716,
            0.27429441195267895,
            0.27602170907534085,
            0.2808769343449519,
            0.280044217476478,
            0.2863322478074294,
            0.27947519669165977
        ],
        "val_acc": [
            77.3,
            83.62,
            86.79,
            88.21,
            89.25,
            89.74,
            90.51,
            90.59,
            91.07,
            91.06,
            91.33,
            91.47,
            91.5,
            91.57,
            91.5,
            91.69,
            91.58,
            91.77,
            91.89,
            91.74,
            91.72,
            91.9,
            91.81,
            91.8,
            91.88,
            91.68,
            91.8,
            91.86,
            92.04,
            91.94
        ],
        "val_loss": [
            0.7608565551757812,
            0.5296916839599609,
            0.43365975646972654,
            0.3833654602050781,
            0.3479633270263672,
            0.3252449645996094,
            0.3036365509033203,
            0.29580174560546874,
            0.2845002685546875,
            0.2828675140380859,
            0.2746977005004883,
            0.2674994934082031,
            0.2631023544311523,
            0.26648519134521487,
            0.26160664825439456,
            0.25807440185546876,
            0.2596088790893555,
            0.2560555953979492,
            0.25548370666503906,
            0.25527509918212893,
            0.26051566314697266,
            0.25941640625,
            0.26013934936523436,
            0.2627311019897461,
            0.2644399887084961,
            0.26839496002197266,
            0.2698109130859375,
            0.27042901763916016,
            0.2712238510131836,
            0.2710799560546875
        ]
    }
}