{
    "desc": "Run 68 of hyperparameter search",
    "log_stdout": false,
    "params": {
        "alpha": 0.7,
        "batch_size": 128,
        "batch_size_eval": 1000,
        "learning_rate": 0.02,
        "momentum": 0.7,
        "num_epochs": 30,
        "num_passes": 2,
        "scaling_factor": 2
    },
    "stdout": "",
    "timestamp": "2019-02-04 16:36:15.787158",
    "values": {
        "noisy_test_acc": [
            42.74519230769231,
            47.58653846153846,
            53.83653846153846,
            54.04326923076923,
            59.09134615384615,
            56.80288461538461,
            58.76923076923077,
            59.61057692307692,
            58.20192307692308,
            58.84615384615385,
            55.47596153846154,
            55.81730769230769,
            56.80288461538461,
            54.72115384615385,
            54.38461538461539,
            54.22596153846154,
            52.96153846153846,
            53.14903846153846,
            47.99519230769231,
            51.85096153846154,
            50.65865384615385,
            46.45192307692308,
            48.54807692307692,
            49.55288461538461,
            48.61538461538461,
            49.09615384615385,
            47.83653846153846,
            47.25480769230769,
            46.99519230769231,
            43.46634615384615
        ],
        "noisy_test_loss": [
            1.9648396712083083,
            1.7587380174490121,
            1.5355325742868278,
            1.4907260792072003,
            1.3705132748530462,
            1.40985627247737,
            1.3342668122511643,
            1.316225191263052,
            1.364159182035006,
            1.3611228825495794,
            1.4833814004751351,
            1.4977670405461239,
            1.4581245569082406,
            1.53459592965933,
            1.5789148536095252,
            1.5797987013596755,
            1.739415770310622,
            1.7078638282189003,
            1.982922150538518,
            1.8371806614215558,
            1.9462317730830265,
            2.175511044722337,
            2.166369303189791,
            2.080276567018949,
            2.1321139893165,
            2.2785642741276666,
            2.307920127281776,
            2.4121608836834247,
            2.474366908440223,
            2.7486908648564263
        ],
        "test_acc": [
            82.6201923076923,
            86.61057692307692,
            88.69711538461539,
            89.6201923076923,
            90.16826923076923,
            90.63461538461539,
            90.84134615384616,
            90.83173076923077,
            91.3125,
            91.28846153846153,
            91.5,
            91.33653846153847,
            91.40384615384616,
            91.41826923076923,
            91.65865384615384,
            91.70192307692308,
            91.71634615384616,
            91.78846153846153,
            91.66826923076923,
            91.85096153846153,
            91.92788461538461,
            92.0,
            91.69711538461539,
            91.91346153846153,
            92.02403846153847,
            91.91826923076923,
            91.90865384615384,
            91.8076923076923,
            91.77884615384616,
            91.70192307692308
        ],
        "test_loss": [
            0.5784431149409367,
            0.427411920107328,
            0.3632745170593262,
            0.3284267462216891,
            0.3063883561354417,
            0.2927548060050377,
            0.285318151987516,
            0.28051316334651066,
            0.27115043199979344,
            0.273657928613516,
            0.26816740732926586,
            0.2668898578790518,
            0.2633016087458684,
            0.27442165264716517,
            0.2697108081670908,
            0.2716654153970572,
            0.2765388154983521,
            0.2708860081892747,
            0.27534416088691127,
            0.27134640033428487,
            0.27454680956327,
            0.27344960836263804,
            0.2893204645010141,
            0.2891169360967783,
            0.2919486588698167,
            0.29646191743703987,
            0.3007021529857929,
            0.3077373486298781,
            0.3126827093271109,
            0.30931082872244026
        ],
        "val_acc": [
            81.93,
            86.57,
            88.88,
            89.86,
            90.6,
            90.74,
            91.2,
            91.13,
            91.56,
            91.53,
            91.8,
            91.77,
            91.57,
            91.83,
            91.65,
            92.09,
            91.96,
            91.93,
            91.85,
            91.91,
            92.06,
            91.95,
            91.79,
            92.1,
            92.24,
            91.86,
            91.93,
            91.99,
            92.08,
            92.03
        ],
        "val_loss": [
            0.590441943359375,
            0.4282019744873047,
            0.3585676300048828,
            0.3184372039794922,
            0.2962835998535156,
            0.28735972290039064,
            0.27195307159423826,
            0.2686242752075195,
            0.2614442031860352,
            0.265281787109375,
            0.2608641998291016,
            0.25370253601074216,
            0.252758235168457,
            0.26456722106933594,
            0.2609642623901367,
            0.2596926010131836,
            0.2626484466552734,
            0.26015846252441405,
            0.26143941040039065,
            0.2590506713867187,
            0.2621828338623047,
            0.26752706451416014,
            0.28197557525634764,
            0.2797003204345703,
            0.2787687210083008,
            0.28259640197753905,
            0.29237374572753905,
            0.29785563049316405,
            0.291435334777832,
            0.29754195861816407
        ]
    }
}