{
    "desc": "Run 69 of hyperparameter search",
    "log_stdout": false,
    "params": {
        "alpha": 0.7,
        "batch_size": 128,
        "batch_size_eval": 1000,
        "learning_rate": 0.04,
        "momentum": 0.3,
        "num_epochs": 30,
        "num_passes": 2,
        "scaling_factor": 2
    },
    "stdout": "",
    "timestamp": "2019-02-04 16:54:58.707496",
    "values": {
        "noisy_test_acc": [
            43.42788461538461,
            45.46634615384615,
            51.80288461538461,
            52.00480769230769,
            57.1875,
            56.72596153846154,
            59.14423076923077,
            59.0625,
            58.47596153846154,
            57.66826923076923,
            54.37019230769231,
            54.13942307692308,
            57.29807692307692,
            56.27884615384615,
            52.91826923076923,
            53.0,
            53.59615384615385,
            52.09134615384615,
            49.58173076923077,
            51.48557692307692,
            49.36057692307692,
            46.77884615384615,
            48.12019230769231,
            49.12980769230769,
            48.07692307692308,
            44.87980769230769,
            45.20673076923077,
            45.0,
            45.24519230769231,
            43.28846153846154
        ],
        "noisy_test_loss": [
            1.9746005689180814,
            1.8348988342285155,
            1.6006124467116136,
            1.5539808889535758,
            1.4189880957970253,
            1.4297156128516564,
            1.3552047656132624,
            1.3414233427781326,
            1.363604714320256,
            1.4043372022188627,
            1.5061441406836877,
            1.525717755831205,
            1.4322863520108737,
            1.4769051771897537,
            1.594970267369197,
            1.6171381070063664,
            1.6622170697725736,
            1.7285375477717473,
            1.8508732311542218,
            1.8327891452495868,
            1.9217589378356934,
            2.0822998985877406,
            2.085819694812481,
            2.005247402191162,
            2.139893897129939,
            2.4528450775146484,
            2.4368399399977463,
            2.4606909663860614,
            2.508056766803448,
            2.6558885985154372
        ],
        "test_acc": [
            81.21634615384616,
            85.78365384615384,
            88.22115384615384,
            89.21153846153847,
            89.8173076923077,
            90.5048076923077,
            90.72115384615384,
            90.63942307692308,
            91.07692307692308,
            91.28365384615384,
            91.4326923076923,
            91.34134615384616,
            91.50961538461539,
            91.54807692307692,
            91.6298076923077,
            91.83653846153847,
            91.52403846153847,
            91.71634615384616,
            91.73557692307692,
            91.91346153846153,
            91.8173076923077,
            91.71153846153847,
            91.71153846153847,
            91.82211538461539,
            91.89903846153847,
            91.73557692307692,
            91.9326923076923,
            91.875,
            91.7548076923077,
            91.70192307692308
        ],
        "test_loss": [
            0.6223868780869704,
            0.45348298733051007,
            0.3779641246795654,
            0.3458835528447078,
            0.31971732799823466,
            0.2999316758375901,
            0.28887854796189527,
            0.2884907715137188,
            0.27803819032815785,
            0.2755249126140888,
            0.2719582733741173,
            0.26681708849393404,
            0.26297461656423715,
            0.2688281906568087,
            0.2692079074566181,
            0.2637701599414532,
            0.27277812590965855,
            0.2701149881803072,
            0.26771980432363657,
            0.27171619378603423,
            0.27266032989208516,
            0.2714478243314303,
            0.2780618139413687,
            0.28190459104684684,
            0.2858300440128033,
            0.28646267340733456,
            0.29322158153240496,
            0.2928214513338529,
            0.30214010605445274,
            0.3027721298657931
        ],
        "val_acc": [
            80.65,
            85.71,
            88.38,
            89.34,
            90.12,
            90.54,
            91.1,
            91.04,
            91.51,
            91.46,
            91.57,
            91.74,
            91.59,
            92.06,
            91.66,
            92.03,
            92.02,
            91.92,
            92.26,
            92.06,
            91.98,
            91.92,
            91.84,
            92.05,
            92.13,
            91.83,
            91.91,
            92.17,
            92.28,
            91.92
        ],
        "val_loss": [
            0.6339821533203125,
            0.4569854461669922,
            0.3757310455322266,
            0.3369134735107422,
            0.3095419342041016,
            0.2959407653808594,
            0.27909481964111327,
            0.2756523880004883,
            0.2685099014282227,
            0.26818354187011717,
            0.2662267669677734,
            0.2571987503051758,
            0.2544707504272461,
            0.25967276153564456,
            0.26101427307128905,
            0.25185692443847657,
            0.2587787872314453,
            0.25908807525634764,
            0.25483829040527345,
            0.25925275115966795,
            0.2600864822387695,
            0.26281836700439454,
            0.27154251861572265,
            0.2716498519897461,
            0.27253641204833984,
            0.2759556182861328,
            0.28394518280029296,
            0.2768691192626953,
            0.2819961715698242,
            0.29240732727050783
        ]
    }
}