{
    "desc": "Run 7 of hyperparameter search",
    "log_stdout": false,
    "params": {
        "alpha": 0.3,
        "batch_size": 64,
        "batch_size_eval": 1000,
        "learning_rate": 0.02,
        "momentum": 0.5,
        "num_epochs": 30,
        "num_passes": 2,
        "scaling_factor": 2
    },
    "stdout": "",
    "timestamp": "2019-02-03 20:54:46.004378",
    "values": {
        "noisy_test_acc": [
            43.74519230769231,
            47.82211538461539,
            52.21634615384615,
            55.12019230769231,
            57.44230769230769,
            57.67307692307692,
            60.62019230769231,
            59.26923076923077,
            61.14423076923077,
            61.36057692307692,
            59.69230769230769,
            60.46153846153846,
            60.78846153846154,
            59.89903846153846,
            57.97596153846154,
            57.70673076923077,
            58.34615384615385,
            57.36057692307692,
            56.76442307692308,
            53.64903846153846,
            56.19711538461539,
            52.01923076923077,
            53.08173076923077,
            49.28846153846154,
            48.29326923076923,
            47.76442307692308,
            45.86057692307692,
            46.11057692307692,
            45.84134615384615,
            45.98557692307692
        ],
        "noisy_test_loss": [
            1.9943349838256836,
            1.785020848787748,
            1.584168046804575,
            1.4796025232168344,
            1.3760646570645847,
            1.3828961651141827,
            1.270128016105065,
            1.3221804464780367,
            1.2694722109574539,
            1.2554653769273025,
            1.347780515230619,
            1.307538401530339,
            1.3246606694735013,
            1.378340737269475,
            1.4323943482912505,
            1.4736853262094352,
            1.448956326704759,
            1.4972764059213493,
            1.5578203201293945,
            1.7285791719876802,
            1.588843329502986,
            1.8381716889601487,
            1.841067077930157,
            2.061352745936467,
            2.206145135439359,
            2.2645382441007174,
            2.469285636314979,
            2.4369203919630786,
            2.527181094242976,
            2.6316138282189003
        ],
        "test_acc": [
            82.15865384615384,
            86.23557692307692,
            87.95673076923077,
            89.24038461538461,
            89.70673076923077,
            90.00961538461539,
            90.47596153846153,
            90.67788461538461,
            91.16346153846153,
            91.13461538461539,
            91.08653846153847,
            91.55288461538461,
            91.66826923076923,
            91.66346153846153,
            91.80288461538461,
            91.90865384615384,
            91.7451923076923,
            91.91826923076923,
            91.85576923076923,
            92.01923076923077,
            92.08653846153847,
            91.96634615384616,
            92.0,
            91.91826923076923,
            92.01442307692308,
            91.9375,
            92.03365384615384,
            92.2548076923077,
            92.13461538461539,
            92.25
        ],
        "test_loss": [
            0.5978552627563477,
            0.4518731161264273,
            0.39070538007296046,
            0.35048642158508303,
            0.32797464003929727,
            0.3135175741635836,
            0.3012997906024639,
            0.2898187277867244,
            0.28210592600015494,
            0.27805872953855076,
            0.27523687215951775,
            0.26676815803234394,
            0.2662545919418335,
            0.26676391711601843,
            0.26166277005122257,
            0.25788203752957856,
            0.25766690437610335,
            0.2562307049677922,
            0.2555467884357159,
            0.2593287306565505,
            0.2538335018891555,
            0.25656851548414966,
            0.26314744875981255,
            0.2641731463945829,
            0.26403633484473593,
            0.2612192755479079,
            0.269609935100262,
            0.2630885650561406,
            0.26553024402031533,
            0.26782068179203916
        ],
        "val_acc": [
            81.85,
            86.21,
            87.97,
            88.95,
            89.65,
            90.07,
            90.43,
            90.75,
            91.36,
            91.1,
            91.37,
            91.7,
            91.81,
            91.7,
            92.06,
            92.0,
            92.3,
            91.98,
            92.16,
            92.03,
            92.2,
            92.19,
            92.25,
            92.13,
            92.15,
            92.37,
            92.17,
            92.32,
            92.33,
            92.6
        ],
        "val_loss": [
            0.605601220703125,
            0.4551144500732422,
            0.3933137237548828,
            0.3534644561767578,
            0.33040854797363284,
            0.31332225646972656,
            0.30176808319091797,
            0.2926934875488281,
            0.27958219604492185,
            0.2771106140136719,
            0.2720370208740234,
            0.2628586624145508,
            0.26211924896240235,
            0.26337384796142577,
            0.2567429473876953,
            0.2568045425415039,
            0.2510914337158203,
            0.25214027862548827,
            0.2513357223510742,
            0.25633350982666014,
            0.2540899185180664,
            0.25237483520507814,
            0.25713182525634765,
            0.26107171478271485,
            0.2591170150756836,
            0.2540035858154297,
            0.2606273956298828,
            0.25222670745849607,
            0.25424835815429686,
            0.25457688446044924
        ]
    }
}