{
    "desc": "Run 70 of hyperparameter search",
    "log_stdout": false,
    "params": {
        "alpha": 0.7,
        "batch_size": 128,
        "batch_size_eval": 1000,
        "learning_rate": 0.04,
        "momentum": 0.5,
        "num_epochs": 30,
        "num_passes": 2,
        "scaling_factor": 2
    },
    "stdout": "",
    "timestamp": "2019-02-04 17:14:08.869996",
    "values": {
        "noisy_test_acc": [
            44.44230769230769,
            48.24038461538461,
            55.64423076923077,
            55.20192307692308,
            59.64903846153846,
            57.83653846153846,
            58.64903846153846,
            60.47115384615385,
            60.44711538461539,
            59.33173076923077,
            54.97115384615385,
            55.37019230769231,
            56.8125,
            55.76442307692308,
            53.50961538461539,
            53.86057692307692,
            53.93269230769231,
            52.35576923076923,
            50.59615384615385,
            51.4375,
            52.14423076923077,
            49.86538461538461,
            49.75480769230769,
            52.02884615384615,
            49.34615384615385,
            49.01442307692308,
            48.06730769230769,
            48.83173076923077,
            49.36057692307692,
            48.28365384615385
        ],
        "noisy_test_loss": [
            1.8852694232647236,
            1.7282651446415829,
            1.4772699077312763,
            1.4739723220238319,
            1.3469876274695762,
            1.390000567803016,
            1.343838555262639,
            1.3026321777930627,
            1.3050985512366662,
            1.3574368095397948,
            1.5147067407461312,
            1.528670488504263,
            1.4764807393000676,
            1.5258317081744854,
            1.6332698117769682,
            1.6390516090393066,
            1.7378804617661696,
            1.809568277505728,
            1.9148949725811297,
            1.9540886937654935,
            1.8965497955909143,
            2.0334044559185322,
            2.1803310335599457,
            1.9907834713275616,
            2.2445604823185845,
            2.350360394991361,
            2.376571482144869,
            2.4349663103543797,
            2.4626893395643967,
            2.371485652923584
        ],
        "test_acc": [
            83.4375,
            87.1826923076923,
            89.19711538461539,
            89.98557692307692,
            90.52884615384616,
            90.78846153846153,
            91.15384615384616,
            90.92788461538461,
            91.47596153846153,
            91.41826923076923,
            91.6875,
            91.70192307692308,
            91.63942307692308,
            91.54807692307692,
            91.83653846153847,
            91.77884615384616,
            91.85096153846153,
            91.91826923076923,
            91.61057692307692,
            91.875,
            91.9423076923077,
            91.9326923076923,
            91.8125,
            92.0048076923077,
            92.0673076923077,
            91.89903846153847,
            91.85576923076923,
            91.7548076923077,
            91.89423076923077,
            91.77884615384616
        ],
        "test_loss": [
            0.5369956280634953,
            0.4069070661984957,
            0.34569536795982947,
            0.3180644438816951,
            0.2958215141296387,
            0.2847374468583327,
            0.2769381757882925,
            0.2740262669783372,
            0.2670866661805373,
            0.2686576769902156,
            0.26932833268092227,
            0.2668653785265409,
            0.26557825638697696,
            0.2713457437661978,
            0.2728311505684486,
            0.27284605686481184,
            0.2896980164601253,
            0.27507436935718244,
            0.2867940238805918,
            0.28364464979905346,
            0.2818076540873601,
            0.28089543379270115,
            0.29872891719524675,
            0.2952671040021456,
            0.30000022154587963,
            0.30893407381497895,
            0.30960130764887883,
            0.3260301740352924,
            0.3222271075615516,
            0.3178781124261709
        ],
        "val_acc": [
            83.26,
            87.25,
            89.26,
            90.38,
            90.81,
            90.73,
            91.28,
            91.27,
            91.78,
            91.64,
            91.8,
            92.01,
            91.67,
            91.89,
            91.98,
            92.02,
            91.62,
            92.03,
            91.64,
            91.85,
            92.04,
            92.04,
            91.67,
            92.03,
            92.09,
            91.91,
            91.78,
            91.86,
            91.98,
            91.88
        ],
        "val_loss": [
            0.5461121002197266,
            0.40415707702636716,
            0.34016754150390627,
            0.3075428466796875,
            0.2869253372192383,
            0.2803181365966797,
            0.2664998031616211,
            0.26438073272705076,
            0.25973553161621094,
            0.26112938232421873,
            0.26280962066650393,
            0.25303944244384763,
            0.25687567596435545,
            0.2630975631713867,
            0.2637041473388672,
            0.258227604675293,
            0.2777618728637695,
            0.2679771621704102,
            0.273821842956543,
            0.27131943969726563,
            0.27236932373046874,
            0.27492708740234373,
            0.2891520950317383,
            0.2836280456542969,
            0.29211597747802737,
            0.2990813888549805,
            0.30539909820556643,
            0.31369854583740236,
            0.30643670501708986,
            0.3031440216064453
        ]
    }
}