{
    "desc": "Run 71 of hyperparameter search",
    "log_stdout": false,
    "params": {
        "alpha": 0.7,
        "batch_size": 128,
        "batch_size_eval": 1000,
        "learning_rate": 0.04,
        "momentum": 0.7,
        "num_epochs": 30,
        "num_passes": 2,
        "scaling_factor": 2
    },
    "stdout": "",
    "timestamp": "2019-02-04 17:32:50.712422",
    "values": {
        "noisy_test_acc": [
            47.40384615384615,
            52.51923076923077,
            56.58653846153846,
            56.02403846153846,
            60.30769230769231,
            57.87019230769231,
            58.37019230769231,
            59.12980769230769,
            57.28846153846154,
            56.37019230769231,
            57.29807692307692,
            55.95192307692308,
            59.20192307692308,
            52.75961538461539,
            56.78365384615385,
            51.93269230769231,
            56.11057692307692,
            55.43269230769231,
            52.89423076923077,
            54.07692307692308,
            53.1875,
            52.12019230769231,
            52.37019230769231,
            52.72115384615385,
            51.0,
            53.5625,
            50.73557692307692,
            48.67788461538461,
            52.34615384615385,
            50.78365384615385
        ],
        "noisy_test_loss": [
            1.7523899899996245,
            1.5688891528202937,
            1.4012897227360652,
            1.4362349055363581,
            1.3084265092703011,
            1.400022293971135,
            1.3869930854210486,
            1.43387573829064,
            1.4913065206087552,
            1.5416347870459923,
            1.6132035284775954,
            1.6995907446054312,
            1.5165712767380934,
            1.995728404705341,
            1.7257336865938626,
            2.15939388862023,
            1.934833761361929,
            2.045775909423828,
            2.299344951923077,
            2.1772778290968673,
            2.208421155489408,
            2.2583765998253456,
            2.553067751664382,
            2.628641524681678,
            2.7146983865591197,
            2.585229612497183,
            3.0011520884587215,
            3.2018097569392276,
            2.778646181546725,
            2.815230164161095
        ],
        "test_acc": [
            86.1201923076923,
            88.47596153846153,
            89.64903846153847,
            90.53365384615384,
            91.0673076923077,
            90.8798076923077,
            91.60096153846153,
            91.3076923076923,
            91.46634615384616,
            91.75,
            91.75961538461539,
            91.51923076923077,
            91.3798076923077,
            91.64903846153847,
            91.88461538461539,
            91.6923076923077,
            91.76923076923077,
            91.78365384615384,
            91.64903846153847,
            91.8173076923077,
            91.77884615384616,
            91.7548076923077,
            91.71634615384616,
            91.67307692307692,
            91.92307692307692,
            91.47596153846153,
            91.65384615384616,
            91.48557692307692,
            91.61057692307692,
            91.6826923076923
        ],
        "test_loss": [
            0.4446905385530912,
            0.35877685400155873,
            0.31845177723811224,
            0.2905420329020574,
            0.2793515938978929,
            0.28128286581773027,
            0.2672605008345384,
            0.26747174409719615,
            0.27201742539039026,
            0.2680500511022714,
            0.27146075835594763,
            0.28492184712336616,
            0.28153299515063945,
            0.29924975615281324,
            0.2852578907746535,
            0.2999223144237812,
            0.3051588410597581,
            0.30817279742314263,
            0.30596915098337024,
            0.3107061349428617,
            0.3173643412956825,
            0.31805151095757117,
            0.3348486636235164,
            0.35517760056715747,
            0.33776161047128533,
            0.3652536637966449,
            0.3740798311967116,
            0.3568563365936279,
            0.36115830238048846,
            0.3495716938605675
        ],
        "val_acc": [
            85.99,
            88.78,
            89.84,
            90.81,
            91.39,
            90.8,
            91.74,
            91.44,
            91.84,
            91.91,
            91.98,
            91.8,
            91.72,
            91.7,
            91.82,
            92.3,
            91.81,
            91.71,
            91.85,
            91.84,
            92.01,
            91.89,
            91.87,
            91.6,
            92.32,
            91.72,
            91.9,
            92.1,
            92.02,
            91.95
        ],
        "val_loss": [
            0.44910728454589843,
            0.3555780975341797,
            0.3116223114013672,
            0.28073998260498045,
            0.26876710662841796,
            0.2784740249633789,
            0.26107992553710935,
            0.2601804351806641,
            0.26431295471191407,
            0.25722866363525393,
            0.26669627685546876,
            0.26965822143554685,
            0.27115728149414065,
            0.286824169921875,
            0.2744366241455078,
            0.2766526153564453,
            0.29026373138427736,
            0.28963174438476563,
            0.28510504913330076,
            0.30405345306396486,
            0.3027780914306641,
            0.2983944778442383,
            0.32955345458984375,
            0.34013374786376954,
            0.31184142303466794,
            0.3344802719116211,
            0.35824835205078126,
            0.33293930053710935,
            0.33734906616210936,
            0.33466490783691405
        ]
    }
}