{
    "desc": "Run 8 of hyperparameter search",
    "log_stdout": false,
    "params": {
        "alpha": 0.3,
        "batch_size": 64,
        "batch_size_eval": 1000,
        "learning_rate": 0.02,
        "momentum": 0.7,
        "num_epochs": 30,
        "num_passes": 2,
        "scaling_factor": 2
    },
    "stdout": "",
    "timestamp": "2019-02-03 21:17:42.858330",
    "values": {
        "noisy_test_acc": [
            47.25,
            54.3125,
            58.5,
            59.86057692307692,
            63.26442307692308,
            62.34134615384615,
            61.60096153846154,
            60.89423076923077,
            61.46153846153846,
            60.62980769230769,
            57.28846153846154,
            57.80288461538461,
            56.42307692307692,
            55.85576923076923,
            54.42788461538461,
            49.98557692307692,
            51.82211538461539,
            51.91826923076923,
            53.19711538461539,
            48.125,
            48.62980769230769,
            46.44230769230769,
            46.875,
            45.29326923076923,
            43.00961538461539,
            44.23557692307692,
            43.84134615384615,
            44.14903846153846,
            40.11057692307692,
            41.29807692307692
        ],
        "noisy_test_loss": [
            1.8140955470158504,
            1.5266141906151405,
            1.3417464270958535,
            1.288216083233173,
            1.193985990377573,
            1.2486692091134879,
            1.250582671532264,
            1.3100108806903545,
            1.2850464248657227,
            1.32487426170936,
            1.5045229926476111,
            1.5080931267371545,
            1.5874870549715483,
            1.698146605858436,
            1.7757300963768592,
            2.0650675656245303,
            1.9540147370558518,
            2.05056447836069,
            2.0110919277484602,
            2.386685474102314,
            2.4080348587036133,
            2.7663361505361705,
            2.8849874789898213,
            3.0701661271315355,
            3.4204820310152493,
            3.2021686348548304,
            3.5674199881920448,
            3.4635446284367486,
            3.9720042390089767,
            4.060090032724234
        ],
        "test_acc": [
            84.6875,
            88.00961538461539,
            89.20673076923077,
            90.16826923076923,
            90.66346153846153,
            90.625,
            91.01923076923077,
            91.30288461538461,
            91.57211538461539,
            91.59134615384616,
            91.58173076923077,
            91.9375,
            91.83173076923077,
            91.89423076923077,
            92.03365384615384,
            92.02884615384616,
            91.91826923076923,
            91.99038461538461,
            91.99038461538461,
            91.95192307692308,
            92.09615384615384,
            92.0625,
            92.0673076923077,
            92.23557692307692,
            91.92788461538461,
            91.79807692307692,
            91.91826923076923,
            91.9375,
            92.07692307692308,
            92.09134615384616
        ],
        "test_loss": [
            0.5011369573152983,
            0.39219855381892277,
            0.34222159018883336,
            0.3104095712074867,
            0.29458942523369425,
            0.2884266515878531,
            0.277620021379911,
            0.2704141675508939,
            0.2653677856005155,
            0.263531734759991,
            0.26415891867417557,
            0.26239558366628796,
            0.26505461399371805,
            0.26454745366023136,
            0.2622065795384921,
            0.26128999416644755,
            0.25579546066430897,
            0.25775783172020544,
            0.2675115966796875,
            0.27424612485445465,
            0.26560073192302996,
            0.27784142365822423,
            0.2816910598828242,
            0.2825446763405433,
            0.2946607263271625,
            0.2834559304897602,
            0.2987922525405884,
            0.29533109811636116,
            0.29111126642960766,
            0.30329561893756574
        ],
        "val_acc": [
            84.66,
            88.28,
            89.31,
            90.15,
            90.68,
            90.77,
            91.12,
            91.38,
            91.79,
            91.81,
            91.73,
            92.2,
            91.92,
            92.09,
            92.24,
            92.15,
            92.35,
            92.25,
            92.28,
            91.95,
            92.14,
            92.21,
            92.43,
            92.46,
            92.3,
            92.15,
            92.2,
            92.33,
            92.35,
            92.56
        ],
        "val_loss": [
            0.5050229949951172,
            0.39134873962402345,
            0.3405446350097656,
            0.314835986328125,
            0.2969988494873047,
            0.2910163421630859,
            0.2769252716064453,
            0.2720559432983398,
            0.26183664398193357,
            0.2629246917724609,
            0.2607615676879883,
            0.25529014739990236,
            0.2607560791015625,
            0.2619703140258789,
            0.2579390014648438,
            0.2587064514160156,
            0.24980200958251952,
            0.25314056396484375,
            0.26155794067382815,
            0.26697651824951174,
            0.2598754150390625,
            0.27889474029541017,
            0.2749699493408203,
            0.2801517364501953,
            0.2852250030517578,
            0.2735453552246094,
            0.2853384063720703,
            0.28499961853027345,
            0.286778108215332,
            0.2832486480712891
        ]
    }
}