{
    "desc": "Run 9 of hyperparameter search",
    "log_stdout": false,
    "params": {
        "alpha": 0.3,
        "batch_size": 64,
        "batch_size_eval": 1000,
        "learning_rate": 0.04,
        "momentum": 0.3,
        "num_epochs": 30,
        "num_passes": 2,
        "scaling_factor": 2
    },
    "stdout": "",
    "timestamp": "2019-02-03 21:40:38.872764",
    "values": {
        "noisy_test_acc": [
            45.70673076923077,
            52.55288461538461,
            57.41346153846154,
            59.35576923076923,
            61.25,
            60.55769230769231,
            61.86057692307692,
            60.72596153846154,
            61.9375,
            61.06730769230769,
            59.19230769230769,
            59.83653846153846,
            59.87019230769231,
            57.60096153846154,
            56.88461538461539,
            54.27884615384615,
            54.48557692307692,
            53.65865384615385,
            54.45192307692308,
            50.04326923076923,
            53.09615384615385,
            49.52403846153846,
            51.48557692307692,
            46.99519230769231,
            47.42307692307692,
            43.95192307692308,
            42.77884615384615,
            45.05769230769231,
            41.44711538461539,
            43.0625
        ],
        "noisy_test_loss": [
            1.8782074649517353,
            1.6000513311532827,
            1.388221877171443,
            1.3214622424199032,
            1.2500398562504695,
            1.288434084378756,
            1.2407908733074482,
            1.2940871436779315,
            1.2715478588984563,
            1.274788090632512,
            1.3895992117661695,
            1.3618236629779523,
            1.4024618178147537,
            1.5274056199880746,
            1.5602108926039475,
            1.7501436394911547,
            1.7173974932157077,
            1.8327982477041391,
            1.7975218567481408,
            2.07382933983436,
            1.926865962101863,
            2.2177369484534633,
            2.244274293459379,
            2.628698827303373,
            2.6466060168926533,
            2.9857631199176495,
            3.1740222578782302,
            3.0122367095947267,
            3.5220810875525843,
            3.438658012977013
        ],
        "test_acc": [
            84.07692307692308,
            87.47115384615384,
            88.96634615384616,
            89.94711538461539,
            90.41826923076923,
            90.57692307692308,
            91.07211538461539,
            91.11538461538461,
            91.42788461538461,
            91.4375,
            91.40384615384616,
            91.9326923076923,
            91.76442307692308,
            91.91346153846153,
            91.98076923076923,
            92.0673076923077,
            91.92307692307692,
            91.92788461538461,
            91.9951923076923,
            92.04326923076923,
            92.10576923076923,
            92.125,
            92.07211538461539,
            92.03365384615384,
            92.07692307692308,
            91.97596153846153,
            92.0625,
            92.10576923076923,
            92.17307692307692,
            92.10576923076923
        ],
        "test_loss": [
            0.5245901812039889,
            0.40759708037743203,
            0.35608351927537185,
            0.3201666259765625,
            0.30380000774676985,
            0.2913597583770752,
            0.2841588159707876,
            0.2743853935828576,
            0.2684487093411959,
            0.267567799274738,
            0.26414828337155855,
            0.26097922765291653,
            0.2662105945440439,
            0.2614613283597506,
            0.2628323562328632,
            0.2601277681497427,
            0.25786073959790745,
            0.25601669494922347,
            0.2631293744307298,
            0.2710921437923725,
            0.2626351360174326,
            0.26466992708352893,
            0.27528511744279127,
            0.2826801300048828,
            0.2806183070402879,
            0.27334490225865293,
            0.28712745483105,
            0.28248457230054413,
            0.28348078360924356,
            0.289966857616718
        ],
        "val_acc": [
            83.81,
            87.73,
            88.86,
            89.92,
            90.51,
            90.66,
            90.88,
            91.33,
            91.66,
            91.68,
            91.65,
            92.0,
            91.93,
            92.05,
            92.12,
            92.26,
            92.46,
            92.34,
            92.19,
            91.97,
            92.1,
            92.18,
            92.31,
            92.1,
            92.09,
            92.2,
            92.34,
            92.09,
            92.32,
            92.47
        ],
        "val_loss": [
            0.5302239440917969,
            0.40800511169433595,
            0.3549696166992187,
            0.32310318298339846,
            0.3054583038330078,
            0.29301201629638673,
            0.28201556091308594,
            0.2741556625366211,
            0.26403649597167966,
            0.26425129699707034,
            0.2597192398071289,
            0.25415986328125,
            0.26067705078125,
            0.257628254699707,
            0.2564399887084961,
            0.25701146087646487,
            0.24932897186279296,
            0.25145581359863284,
            0.2564344757080078,
            0.2658490249633789,
            0.2580699234008789,
            0.26236353759765624,
            0.26559129180908203,
            0.2787367645263672,
            0.27224106140136717,
            0.2645360824584961,
            0.2799513198852539,
            0.273816650390625,
            0.2762291000366211,
            0.27615891876220705
        ]
    }
}