{
    "desc": "Run 0 of hyperparameter search",
    "log_stdout": false,
    "params": {
        "batch_size": 64,
        "batch_size_eval": 1000,
        "learning_rate": 0.005,
        "momentum": 0.3,
        "num_epochs": 30,
        "scaling_factor": 2
    },
    "stdout": "",
    "timestamp": "2019-02-12 21:39:41.710365",
    "values": {
        "noisy_test_acc": [
            41.13942307692308,
            39.88461538461539,
            40.47596153846154,
            40.99038461538461,
            41.29807692307692,
            42.38942307692308,
            43.03365384615385,
            43.48076923076923,
            44.08173076923077,
            45.50480769230769,
            44.41346153846154,
            44.17307692307692,
            44.47596153846154,
            44.67788461538461,
            44.6875,
            45.9375,
            45.69230769230769,
            45.46634615384615,
            46.08653846153846,
            44.35576923076923,
            45.6875,
            46.16346153846154,
            45.08173076923077,
            46.59615384615385,
            45.90384615384615,
            46.26923076923077,
            46.70673076923077,
            47.01923076923077,
            46.90384615384615,
            45.94230769230769
        ],
        "noisy_test_loss": [
            2.1330794818584735,
            2.1893694892296423,
            2.148047579251803,
            2.1346343876765324,
            2.1051678613516,
            2.048710600046011,
            2.0241714712289665,
            2.0205335206251878,
            1.981269410940317,
            1.9326740088829628,
            1.967728787935697,
            1.9500472259521484,
            1.9434817974384015,
            1.9438034439086913,
            1.936539582472581,
            1.899874502328726,
            1.9270627916776217,
            1.931000718336839,
            1.9058071459256685,
            1.9841467754657451,
            1.921398691030649,
            1.9022043550931491,
            1.943506328876202,
            1.8963319396972655,
            1.9357692249004657,
            1.9214200650728666,
            1.912341204423171,
            1.8982443516071026,
            1.9219224944481483,
            1.9522831550011268
        ],
        "test_acc": [
            70.83173076923077,
            76.50961538461539,
            79.96634615384616,
            81.83653846153847,
            83.32211538461539,
            84.36538461538461,
            85.17307692307692,
            85.6298076923077,
            86.125,
            86.70673076923077,
            87.04807692307692,
            87.47115384615384,
            87.71153846153847,
            88.0048076923077,
            88.15865384615384,
            88.32692307692308,
            88.42788461538461,
            88.54326923076923,
            88.76923076923077,
            88.8125,
            89.05288461538461,
            89.2451923076923,
            89.39903846153847,
            89.52884615384616,
            89.55288461538461,
            89.64903846153847,
            89.65865384615384,
            89.72596153846153,
            89.9423076923077,
            89.95673076923077
        ],
        "test_loss": [
            1.0269567460280198,
            0.8287936621445876,
            0.7128353749788724,
            0.6360661315917969,
            0.5830318861741286,
            0.5431070870619554,
            0.5117248608515813,
            0.4884330852215107,
            0.4682642305814303,
            0.45149158257704514,
            0.43777094254126914,
            0.4248713610722468,
            0.4149899013225849,
            0.4052871007185716,
            0.39730365679814267,
            0.3903592828603891,
            0.38291744085458607,
            0.3765781446603628,
            0.3719418914501484,
            0.36767333030700683,
            0.36283921828636756,
            0.3591905036339393,
            0.35395808146550106,
            0.3507764456822322,
            0.34689890201275164,
            0.34374512892503006,
            0.34182430267333985,
            0.33861901576702413,
            0.3351973981123704,
            0.3338123394892766
        ],
        "val_acc": [
            70.43,
            76.31,
            79.51,
            81.4,
            83.01,
            84.08,
            84.97,
            85.65,
            86.25,
            86.48,
            86.97,
            87.42,
            87.95,
            88.03,
            88.23,
            88.42,
            88.71,
            88.8,
            89.05,
            89.17,
            89.04,
            89.17,
            89.5,
            89.46,
            89.55,
            89.66,
            89.65,
            89.93,
            90.13,
            89.89
        ],
        "val_loss": [
            1.03370751953125,
            0.8350870056152344,
            0.7191708862304688,
            0.6420402770996094,
            0.5861377746582032,
            0.5452991912841797,
            0.5135581237792969,
            0.48984142150878907,
            0.47037643737792967,
            0.4525358337402344,
            0.4374448059082031,
            0.4243752319335938,
            0.41254662475585935,
            0.40345184326171873,
            0.39631567993164063,
            0.3873634735107422,
            0.38139207458496094,
            0.37410372009277343,
            0.37003462829589845,
            0.3659505096435547,
            0.3599232269287109,
            0.35690719299316404,
            0.35069261169433597,
            0.3485800598144531,
            0.3454660064697266,
            0.34115139465332034,
            0.3398831970214844,
            0.3370272979736328,
            0.3324909118652344,
            0.33052159423828126
        ]
    }
}