{
    "desc": "Run 1 of hyperparameter search",
    "log_stdout": false,
    "params": {
        "batch_size": 64,
        "batch_size_eval": 1000,
        "learning_rate": 0.005,
        "momentum": 0.5,
        "num_epochs": 30,
        "scaling_factor": 2
    },
    "stdout": "",
    "timestamp": "2019-02-12 21:56:58.417001",
    "values": {
        "noisy_test_acc": [
            40.75961538461539,
            40.22596153846154,
            42.07692307692308,
            41.6875,
            42.75961538461539,
            43.74519230769231,
            43.79326923076923,
            44.02884615384615,
            44.15384615384615,
            46.16826923076923,
            45.71634615384615,
            45.32692307692308,
            45.55769230769231,
            45.04326923076923,
            46.24038461538461,
            46.23557692307692,
            46.21634615384615,
            45.78365384615385,
            46.50961538461539,
            43.95192307692308,
            45.92307692307692,
            46.79326923076923,
            45.00961538461539,
            46.39903846153846,
            46.21153846153846,
            46.08173076923077,
            46.75961538461539,
            46.85576923076923,
            46.04807692307692,
            45.72115384615385
        ],
        "noisy_test_loss": [
            2.1556492790809045,
            2.163865911043607,
            2.108568546588604,
            2.082827691298265,
            2.0482927498450647,
            2.000406963641827,
            1.9791531606820914,
            1.9781520403348483,
            1.9657285572932317,
            1.910083098778358,
            1.9327866598275991,
            1.9254379331148588,
            1.9284276287372295,
            1.9520984913752628,
            1.9237854473407452,
            1.9022169362581693,
            1.9335905793996957,
            1.958459129333496,
            1.9067191813542292,
            2.015237837571364,
            1.9497398728590745,
            1.9330532895601713,
            1.9993975301889273,
            1.9561644202012283,
            1.9851028383695162,
            1.9885153227586012,
            1.9872184650714582,
            1.9728376608628493,
            2.018989624610314,
            2.0450562755878154
        ],
        "test_acc": [
            73.49038461538461,
            79.16346153846153,
            82.10576923076923,
            83.88942307692308,
            85.11057692307692,
            85.91346153846153,
            86.52884615384616,
            86.95673076923077,
            87.42788461538461,
            87.7451923076923,
            88.20673076923077,
            88.49038461538461,
            88.73076923076923,
            88.96153846153847,
            89.02403846153847,
            89.10576923076923,
            89.30288461538461,
            89.46634615384616,
            89.57211538461539,
            89.6826923076923,
            89.875,
            89.92307692307692,
            89.98557692307692,
            90.2548076923077,
            90.35096153846153,
            90.27884615384616,
            90.19711538461539,
            90.26923076923077,
            90.46634615384616,
            90.46634615384616
        ],
        "test_loss": [
            0.9342433283879207,
            0.7310908009455754,
            0.624358207996075,
            0.5587337875366211,
            0.5139781027573805,
            0.4815620525066669,
            0.455618042579064,
            0.43683689557589017,
            0.4204754374577449,
            0.40654237013596756,
            0.3953708714705247,
            0.3849349014575665,
            0.37793697650615987,
            0.37025915952829214,
            0.363428992491502,
            0.3576065136836125,
            0.35175561318030724,
            0.3465502570225642,
            0.3437572244497446,
            0.3405543738145095,
            0.33646133569570685,
            0.3344609055152306,
            0.3290969049013578,
            0.3265447807312012,
            0.3238056388268104,
            0.32164234674893893,
            0.31991605905386117,
            0.31738175979027383,
            0.3139939704308143,
            0.31358253258925217
        ],
        "val_acc": [
            73.18,
            78.99,
            81.81,
            83.47,
            84.85,
            85.76,
            86.43,
            87.14,
            87.42,
            87.77,
            88.38,
            88.57,
            88.96,
            89.02,
            89.1,
            89.23,
            89.47,
            89.63,
            89.77,
            89.88,
            89.9,
            89.93,
            90.17,
            90.08,
            90.1,
            90.16,
            90.26,
            90.31,
            90.64,
            90.34
        ],
        "val_loss": [
            0.9413705688476562,
            0.7370012390136719,
            0.6300566711425781,
            0.5639846801757813,
            0.515946450805664,
            0.4826024139404297,
            0.4566907440185547,
            0.43742271728515625,
            0.42147340393066407,
            0.4070729919433594,
            0.3941764465332031,
            0.384231982421875,
            0.3748672119140625,
            0.36858449096679685,
            0.3630255767822266,
            0.35558731994628906,
            0.3508570068359375,
            0.3451167419433594,
            0.3422359130859375,
            0.3392994659423828,
            0.33350594787597654,
            0.33242855529785154,
            0.32620098571777345,
            0.32468834228515625,
            0.32222293090820314,
            0.3192982421875,
            0.3190273468017578,
            0.31583016662597657,
            0.31127957763671876,
            0.3102473114013672
        ]
    }
}