{
    "desc": "Run 10 of hyperparameter search",
    "log_stdout": false,
    "params": {
        "batch_size": 64,
        "batch_size_eval": 1000,
        "learning_rate": 0.04,
        "momentum": 0.5,
        "num_epochs": 30,
        "scaling_factor": 2
    },
    "stdout": "",
    "timestamp": "2019-02-13 01:06:14.604133",
    "values": {
        "noisy_test_acc": [
            40.88461538461539,
            43.00480769230769,
            39.41346153846154,
            39.99038461538461,
            40.84134615384615,
            37.23076923076923,
            42.42788461538461,
            38.67307692307692,
            39.64903846153846,
            35.79807692307692,
            39.25480769230769,
            36.34615384615385,
            38.125,
            35.33653846153846,
            35.61538461538461,
            35.50961538461539,
            36.31730769230769,
            35.49038461538461,
            37.26923076923077,
            32.39423076923077,
            36.45192307692308,
            34.04326923076923,
            35.33173076923077,
            35.32692307692308,
            33.58173076923077,
            34.66346153846154,
            34.82211538461539,
            35.81730769230769,
            34.51442307692308,
            31.653846153846153
        ],
        "noisy_test_loss": [
            2.2796548814039963,
            2.265663780799279,
            2.7677880257826586,
            2.8900025323721077,
            3.0572637264545146,
            3.626415870373066,
            3.246182849590595,
            3.8640802764892577,
            3.9426367158156177,
            4.487033339280349,
            4.210506031329815,
            4.616065802940955,
            4.723431149996244,
            5.222485630328839,
            5.192799937908466,
            5.339374154897836,
            5.415792984595665,
            5.754841957092285,
            5.327332517183744,
            6.583030718289889,
            5.750359946030837,
            6.421253318786621,
            6.449872856140137,
            6.26167527125432,
            7.177764015197754,
            6.97549627157358,
            6.887347388634315,
            6.889519072312575,
            7.512932616013747,
            8.058057151207557
        ],
        "test_acc": [
            85.13942307692308,
            87.64903846153847,
            88.73076923076923,
            89.17307692307692,
            89.7548076923077,
            89.9423076923077,
            90.17307692307692,
            90.32692307692308,
            90.39423076923077,
            90.41346153846153,
            90.25,
            90.4326923076923,
            90.77884615384616,
            90.73557692307692,
            90.64423076923077,
            90.84615384615384,
            90.88461538461539,
            90.91346153846153,
            91.08653846153847,
            90.61538461538461,
            90.89423076923077,
            91.05288461538461,
            91.1201923076923,
            90.8173076923077,
            91.01442307692308,
            90.92307692307692,
            91.0576923076923,
            91.15384615384616,
            91.10096153846153,
            91.04807692307692
        ],
        "test_loss": [
            0.48518475092374364,
            0.40594625106224647,
            0.3651026168236366,
            0.3498241952749399,
            0.3330022048950195,
            0.3319948915334848,
            0.321925252034114,
            0.31698439891521746,
            0.31563373455634486,
            0.3100816814716046,
            0.3129928335776696,
            0.31175672127650333,
            0.30531038907858044,
            0.29948801847604606,
            0.30376950740814207,
            0.30169052087343656,
            0.3071289612696721,
            0.304247616987962,
            0.2994870791068444,
            0.31075241015507626,
            0.3088251535709088,
            0.309392042526832,
            0.3041273935024555,
            0.306739935874939,
            0.3066892073704646,
            0.3081817304171049,
            0.3050195550918579,
            0.3091463785905104,
            0.3137924275031457,
            0.3110970695202167
        ],
        "val_acc": [
            85.03,
            87.69,
            88.76,
            89.13,
            89.76,
            89.93,
            90.23,
            90.36,
            90.21,
            90.01,
            90.39,
            90.3,
            90.77,
            90.91,
            90.52,
            90.61,
            90.97,
            90.73,
            90.9,
            90.59,
            90.91,
            91.1,
            90.94,
            91.11,
            91.03,
            91.12,
            91.28,
            90.95,
            91.24,
            91.15
        ],
        "val_loss": [
            0.49688593139648435,
            0.4072377746582031,
            0.37142586669921873,
            0.35206980590820314,
            0.33520128173828123,
            0.3309752166748047,
            0.3181188415527344,
            0.3166620849609375,
            0.31620460357666014,
            0.31577870178222656,
            0.31547037658691407,
            0.3120546264648438,
            0.3068077301025391,
            0.30038035888671877,
            0.3104510772705078,
            0.30550516357421875,
            0.3089498992919922,
            0.30714189453125,
            0.3012777008056641,
            0.3144056579589844,
            0.3122618896484375,
            0.3126080291748047,
            0.30539368896484376,
            0.30879051361083987,
            0.3090944046020508,
            0.3073412902832031,
            0.30576556091308593,
            0.31662471771240236,
            0.3124978561401367,
            0.3117135437011719
        ]
    }
}