{
    "desc": "Run 11 of hyperparameter search",
    "log_stdout": false,
    "params": {
        "batch_size": 64,
        "batch_size_eval": 1000,
        "learning_rate": 0.04,
        "momentum": 0.7,
        "num_epochs": 30,
        "scaling_factor": 2
    },
    "stdout": "",
    "timestamp": "2019-02-13 01:24:05.284354",
    "values": {
        "noisy_test_acc": [
            39.90865384615385,
            40.26923076923077,
            37.53846153846154,
            38.76923076923077,
            41.57692307692308,
            34.58173076923077,
            36.26923076923077,
            35.32692307692308,
            33.61057692307692,
            36.16826923076923,
            36.85096153846154,
            33.39903846153846,
            36.23076923076923,
            31.923076923076923,
            35.00961538461539,
            34.29326923076923,
            32.69230769230769,
            32.71634615384615,
            32.61538461538461,
            32.51923076923077,
            32.82211538461539,
            34.53846153846154,
            32.75480769230769,
            30.033653846153847,
            31.73076923076923,
            32.16826923076923,
            30.04326923076923,
            32.52884615384615,
            30.66826923076923,
            31.91346153846154
        ],
        "noisy_test_loss": [
            2.6854883164625902,
            3.0300802040100097,
            3.950703295194186,
            4.214792189964881,
            4.191716317396898,
            5.565898111783541,
            5.4649741744995115,
            6.0581998326228215,
            6.809035298274114,
            6.270145906301645,
            6.427266035813552,
            7.691191241924579,
            7.682389124356783,
            8.484655092679537,
            8.16303078871507,
            8.340046110886794,
            9.238909959059495,
            9.803535496638371,
            9.799355116624099,
            10.263111842228817,
            10.076360397338867,
            9.738405914306641,
            11.02405292217548,
            11.795997678316557,
            11.681023318950947,
            11.567303936298076,
            12.745822495680589,
            12.047724779569185,
            13.016537463848408,
            12.393659832294171
        ],
        "test_acc": [
            85.30288461538461,
            87.4423076923077,
            88.20673076923077,
            88.9326923076923,
            89.55288461538461,
            89.35576923076923,
            89.91346153846153,
            89.97115384615384,
            89.875,
            90.11538461538461,
            89.9423076923077,
            90.08173076923077,
            90.21153846153847,
            89.90865384615384,
            90.32692307692308,
            90.17788461538461,
            90.5,
            90.5048076923077,
            90.28365384615384,
            89.84615384615384,
            90.41346153846153,
            90.6875,
            90.41346153846153,
            90.50961538461539,
            90.49038461538461,
            90.32211538461539,
            90.625,
            90.5576923076923,
            90.9375,
            90.66826923076923
        ],
        "test_loss": [
            0.46702043093167817,
            0.40352630395155686,
            0.38468342560988206,
            0.35850877101604756,
            0.34413242706885705,
            0.3484830225431002,
            0.339378882921659,
            0.3361986703139085,
            0.34318531036376954,
            0.3300851411085862,
            0.33906533461350663,
            0.3326736993056077,
            0.33498969298142656,
            0.33324648196880635,
            0.330833473939162,
            0.3397694286933312,
            0.34311855242802547,
            0.339666558779203,
            0.3386833469684307,
            0.35470590151273285,
            0.3395483801915095,
            0.34224777184999905,
            0.3441907501220703,
            0.3400201082229614,
            0.35232727270859937,
            0.34565993529099687,
            0.34082804496471697,
            0.35364532764141376,
            0.34545584238492527,
            0.34745796790489786
        ],
        "val_acc": [
            85.78,
            87.77,
            88.53,
            89.12,
            89.59,
            89.58,
            89.86,
            90.43,
            90.0,
            89.94,
            90.14,
            90.17,
            90.38,
            90.1,
            90.26,
            90.29,
            90.55,
            90.46,
            90.71,
            89.86,
            90.22,
            90.58,
            90.39,
            90.17,
            90.21,
            90.61,
            90.5,
            90.76,
            90.59,
            90.54
        ],
        "val_loss": [
            0.47078900451660155,
            0.39843853759765624,
            0.38523946228027345,
            0.35682709045410155,
            0.3464636016845703,
            0.34915894775390627,
            0.33476916198730466,
            0.3298116241455078,
            0.3337920684814453,
            0.32538530578613284,
            0.33075592651367186,
            0.3270926879882812,
            0.3351631072998047,
            0.33016446838378904,
            0.3301019989013672,
            0.33401387634277346,
            0.33660821228027343,
            0.3346688537597656,
            0.33088623046875,
            0.3530216827392578,
            0.3412205017089844,
            0.3395533813476562,
            0.3434290283203125,
            0.34280658569335937,
            0.34453954162597655,
            0.33496399841308594,
            0.3458109680175781,
            0.3539970169067383,
            0.34564363708496093,
            0.34470736389160156
        ]
    }
}