{
    "desc": "Run 12 of hyperparameter search",
    "log_stdout": false,
    "params": {
        "batch_size": 128,
        "batch_size_eval": 1000,
        "learning_rate": 0.005,
        "momentum": 0.3,
        "num_epochs": 30,
        "scaling_factor": 2
    },
    "stdout": "",
    "timestamp": "2019-02-13 01:41:06.153382",
    "values": {
        "noisy_test_acc": [
            41.76442307692308,
            39.625,
            39.8125,
            39.99519230769231,
            40.55769230769231,
            41.46153846153846,
            41.03365384615385,
            42.15865384615385,
            42.21153846153846,
            42.08653846153846,
            42.83173076923077,
            43.94230769230769,
            43.04326923076923,
            43.80769230769231,
            44.32211538461539,
            43.99519230769231,
            44.86057692307692,
            44.56730769230769,
            44.35096153846154,
            44.91346153846154,
            44.54807692307692,
            45.42788461538461,
            45.81730769230769,
            46.05769230769231,
            45.89903846153846,
            45.89903846153846,
            45.38461538461539,
            45.6875,
            46.0625,
            45.27403846153846
        ],
        "noisy_test_loss": [
            2.100137012188251,
            2.1597084896381085,
            2.1825032923771785,
            2.176120250408466,
            2.1699645820030797,
            2.1382047887948845,
            2.12192142193134,
            2.1044069935725287,
            2.0868956052339995,
            2.0890959314199593,
            2.0570819972111627,
            2.019410899235652,
            2.040721218402569,
            2.009140991797814,
            1.990451642549955,
            1.9916236584003155,
            1.9668396260188177,
            1.9608909254807692,
            1.9762116094735953,
            1.9422316331129807,
            1.9673271619356596,
            1.9316512709397535,
            1.9165747745220478,
            1.9120372244027946,
            1.9068437869732195,
            1.9173439260629508,
            1.9190590374286358,
            1.9095144800039439,
            1.9013704329270582,
            1.9277352377084584
        ],
        "test_acc": [
            65.91346153846153,
            70.86057692307692,
            74.03846153846153,
            76.61538461538461,
            78.38461538461539,
            79.76442307692308,
            80.8173076923077,
            82.00961538461539,
            82.76442307692308,
            83.3701923076923,
            83.95192307692308,
            84.41826923076923,
            84.83653846153847,
            85.33173076923077,
            85.51923076923077,
            85.78365384615384,
            85.9951923076923,
            86.2548076923077,
            86.59615384615384,
            86.66826923076923,
            86.9375,
            87.07692307692308,
            87.30288461538461,
            87.45192307692308,
            87.61057692307692,
            87.71153846153847,
            87.88942307692308,
            87.94711538461539,
            88.1875,
            88.34615384615384
        ],
        "test_loss": [
            1.2256700603778545,
            1.0254188831035906,
            0.9121865903414212,
            0.8282208809485803,
            0.7627070236206055,
            0.7098968975360577,
            0.6682627516526443,
            0.6314277223440317,
            0.6033725591806265,
            0.5784579585148738,
            0.5574941048255333,
            0.5393913606496957,
            0.5224940021221455,
            0.508910215817965,
            0.4967853311391977,
            0.48480862030616173,
            0.4751269443218525,
            0.4663098107851469,
            0.4560586225069486,
            0.44935714134803184,
            0.441561829493596,
            0.43534025559058553,
            0.42921818806574896,
            0.4228127545576829,
            0.417686426456158,
            0.4129316711425781,
            0.4082351383796105,
            0.4044313782912034,
            0.39937058302072376,
            0.394891168154203
        ],
        "val_acc": [
            65.42,
            70.46,
            73.74,
            76.36,
            77.71,
            79.44,
            80.46,
            81.57,
            82.25,
            82.86,
            83.63,
            84.07,
            84.64,
            84.99,
            85.36,
            85.59,
            86.24,
            86.09,
            86.41,
            86.6,
            86.78,
            87.08,
            87.1,
            87.45,
            87.42,
            87.57,
            87.73,
            87.83,
            87.89,
            88.12
        ],
        "val_loss": [
            1.2316798828125,
            1.032089306640625,
            0.9188485961914062,
            0.8348145324707031,
            0.7699031555175782,
            0.7165656860351562,
            0.674487109375,
            0.6376737426757813,
            0.609033740234375,
            0.5835541564941407,
            0.5613441589355469,
            0.5421305206298828,
            0.525796499633789,
            0.5110663421630859,
            0.4988594909667969,
            0.4868072265625,
            0.4766576507568359,
            0.46732181396484374,
            0.4572134796142578,
            0.448851025390625,
            0.4415435791015625,
            0.4357476806640625,
            0.4294714935302734,
            0.4225487609863281,
            0.41755419006347655,
            0.413504638671875,
            0.40802257385253904,
            0.4034234130859375,
            0.3989024627685547,
            0.3941660125732422
        ]
    }
}