{
    "desc": "Run 13 of hyperparameter search",
    "log_stdout": false,
    "params": {
        "batch_size": 128,
        "batch_size_eval": 1000,
        "learning_rate": 0.005,
        "momentum": 0.5,
        "num_epochs": 30,
        "scaling_factor": 2
    },
    "stdout": "",
    "timestamp": "2019-02-13 01:57:11.080227",
    "values": {
        "noisy_test_acc": [
            41.46153846153846,
            39.41346153846154,
            39.875,
            40.26442307692308,
            41.11057692307692,
            42.40384615384615,
            41.58173076923077,
            42.98557692307692,
            43.29807692307692,
            42.82211538461539,
            44.3125,
            44.97115384615385,
            43.93269230769231,
            44.69230769230769,
            45.12980769230769,
            45.13942307692308,
            45.83653846153846,
            45.19711538461539,
            45.35096153846154,
            45.25,
            45.10576923076923,
            45.875,
            46.91346153846154,
            47.19711538461539,
            46.73076923076923,
            46.33653846153846,
            46.25,
            46.5,
            46.58653846153846,
            45.54326923076923
        ],
        "noisy_test_loss": [
            2.1063297741229716,
            2.1903671763493464,
            2.182284252460186,
            2.1615514520498422,
            2.139490667489859,
            2.0977638860849233,
            2.08029421879695,
            2.0426764356173,
            2.0285565948486326,
            2.0405078623845028,
            1.9919796576866737,
            1.967998126103328,
            1.986949234008789,
            1.969801386319674,
            1.943377312880296,
            1.9519799922062802,
            1.917770291841947,
            1.9245119124192458,
            1.9395732820951022,
            1.9179604985163763,
            1.95569825392503,
            1.9064775613638072,
            1.8946640014648437,
            1.8766831940871018,
            1.8792932627751278,
            1.894100754077618,
            1.900695852132944,
            1.8928180459829478,
            1.8871462323115422,
            1.94034423828125
        ],
        "test_acc": [
            68.19711538461539,
            73.72115384615384,
            76.82211538461539,
            79.25,
            80.86538461538461,
            82.17307692307692,
            83.14903846153847,
            84.20192307692308,
            84.71634615384616,
            85.28365384615384,
            85.65384615384616,
            86.02884615384616,
            86.3173076923077,
            86.6826923076923,
            86.9375,
            87.26923076923077,
            87.41826923076923,
            87.6826923076923,
            87.91346153846153,
            87.98557692307692,
            88.22115384615384,
            88.23076923076923,
            88.44711538461539,
            88.58173076923077,
            88.66826923076923,
            88.79326923076923,
            88.86057692307692,
            88.91346153846153,
            89.11538461538461,
            89.1875
        ],
        "test_loss": [
            1.1243802114633414,
            0.9319557101909931,
            0.8143481225233812,
            0.7298370801485502,
            0.6686004007779635,
            0.6212118647648738,
            0.5853722293560322,
            0.5534741621751051,
            0.5301257397578313,
            0.5095651421180138,
            0.4921468954819899,
            0.47728170174818774,
            0.46312520100520205,
            0.4523403783944937,
            0.4426016719524677,
            0.4326101090357854,
            0.42537311553955076,
            0.41807606770442085,
            0.4094302067389855,
            0.40458003851083607,
            0.39788053145775426,
            0.39302985191345213,
            0.3882641176077036,
            0.38255419070904073,
            0.37891485801109903,
            0.3752184222294734,
            0.37175627048198995,
            0.3689223245474008,
            0.36442411276010367,
            0.3605099105834961
        ],
        "val_acc": [
            67.77,
            73.23,
            76.55,
            78.97,
            80.28,
            81.82,
            82.83,
            83.65,
            84.5,
            84.96,
            85.46,
            85.85,
            86.23,
            86.55,
            86.89,
            87.0,
            87.38,
            87.33,
            87.79,
            87.98,
            88.21,
            88.3,
            88.31,
            88.5,
            88.58,
            88.74,
            88.8,
            88.98,
            89.02,
            89.16
        ],
        "val_loss": [
            1.1310872192382813,
            0.9392170776367188,
            0.8208588073730468,
            0.7365836181640625,
            0.675389599609375,
            0.6267109680175781,
            0.589638232421875,
            0.5578487579345703,
            0.5336672027587891,
            0.5125151489257812,
            0.4938641754150391,
            0.4777828796386719,
            0.46466442260742186,
            0.45268294982910157,
            0.44273565673828125,
            0.4331104248046875,
            0.42536517639160154,
            0.4180514892578125,
            0.4090878479003906,
            0.4024760345458984,
            0.39644822692871096,
            0.39229876708984374,
            0.38733883361816407,
            0.3815082580566406,
            0.37771443786621095,
            0.3748125091552734,
            0.3707266326904297,
            0.3667747131347656,
            0.3632037750244141,
            0.35879120483398436
        ]
    }
}