{
    "desc": "Run 14 of hyperparameter search",
    "log_stdout": false,
    "params": {
        "batch_size": 128,
        "batch_size_eval": 1000,
        "learning_rate": 0.005,
        "momentum": 0.7,
        "num_epochs": 30,
        "scaling_factor": 2
    },
    "stdout": "",
    "timestamp": "2019-02-13 02:13:33.912714",
    "values": {
        "noisy_test_acc": [
            40.96153846153846,
            40.09134615384615,
            41.25961538461539,
            41.9375,
            43.33173076923077,
            43.71634615384615,
            43.57211538461539,
            44.88942307692308,
            44.96634615384615,
            43.83173076923077,
            45.51923076923077,
            46.5,
            45.32692307692308,
            46.79326923076923,
            45.49519230769231,
            46.16346153846154,
            46.85576923076923,
            46.48557692307692,
            45.15865384615385,
            45.9375,
            45.24038461538461,
            45.86057692307692,
            46.10096153846154,
            47.15865384615385,
            46.48557692307692,
            46.35096153846154,
            46.01923076923077,
            46.42788461538461,
            45.71634615384615,
            44.63942307692308
        ],
        "noisy_test_loss": [
            2.149054500873272,
            2.1696542857243464,
            2.1268286103468674,
            2.0797789470966044,
            2.049311253474309,
            2.0209633607130786,
            2.0124702600332407,
            1.9660558641873873,
            1.9527874080951397,
            1.987926362844614,
            1.9303713871882513,
            1.9054474346454326,
            1.934329076913687,
            1.8904494285583495,
            1.9202678739107573,
            1.899325381058913,
            1.8827854185837967,
            1.907346477508545,
            1.953272482065054,
            1.9321803841224083,
            1.975933086688702,
            1.935881399007944,
            1.941219975398137,
            1.9365335845947265,
            1.9258162190363957,
            1.9496352885319637,
            1.974946060180664,
            1.9513606452941894,
            2.0099165065471944,
            2.0441506283099833
        ],
        "test_acc": [
            72.01923076923077,
            77.70673076923077,
            80.76442307692308,
            83.0625,
            84.23076923076923,
            85.17788461538461,
            85.75,
            86.4326923076923,
            87.02403846153847,
            87.29807692307692,
            87.67788461538461,
            87.97115384615384,
            88.21153846153847,
            88.47596153846153,
            88.63461538461539,
            88.82211538461539,
            89.0,
            89.13461538461539,
            89.3173076923077,
            89.33173076923077,
            89.5625,
            89.54326923076923,
            89.64903846153847,
            89.7548076923077,
            89.92307692307692,
            89.84615384615384,
            90.01442307692308,
            89.97115384615384,
            90.05288461538461,
            90.17788461538461
        ],
        "test_loss": [
            0.9844546127319336,
            0.7845861743046687,
            0.6701168925945575,
            0.5963955028240497,
            0.548116323030912,
            0.5119708809485802,
            0.48520055624154895,
            0.46017087642963117,
            0.443427917773907,
            0.42842302395747256,
            0.4156976274343637,
            0.4052877873640794,
            0.39465040353628306,
            0.38750775704017054,
            0.3802245176755465,
            0.37314639018132134,
            0.36814800115732044,
            0.3632982950944167,
            0.3565639525193435,
            0.3537356948852539,
            0.3486403435927171,
            0.3457969980973464,
            0.34234479023860054,
            0.3372059594667875,
            0.3356279281469492,
            0.3337737428225004,
            0.3319077675159161,
            0.32953464654775766,
            0.326143856048584,
            0.32321709412794847
        ],
        "val_acc": [
            71.67,
            77.15,
            80.43,
            82.5,
            83.88,
            84.86,
            85.61,
            86.5,
            86.8,
            87.34,
            87.57,
            87.87,
            88.13,
            88.44,
            88.58,
            88.75,
            89.15,
            89.02,
            89.15,
            89.42,
            89.53,
            89.72,
            89.58,
            89.72,
            89.82,
            89.84,
            90.03,
            89.95,
            90.06,
            90.14
        ],
        "val_loss": [
            0.9911661499023438,
            0.792270947265625,
            0.6754609191894532,
            0.6018857177734375,
            0.5519107208251953,
            0.5139001770019531,
            0.48544526062011717,
            0.46121885070800783,
            0.4435707763671875,
            0.4285876983642578,
            0.41502138061523436,
            0.4029453216552734,
            0.3943666290283203,
            0.38529185791015624,
            0.3784023895263672,
            0.3716668060302734,
            0.3665595428466797,
            0.36151490478515624,
            0.35483141174316407,
            0.3502330108642578,
            0.34569129638671875,
            0.34349602966308596,
            0.33926783142089845,
            0.33606724853515624,
            0.3329331024169922,
            0.3321355407714844,
            0.32943145446777344,
            0.32595035705566405,
            0.32436318664550784,
            0.3202208251953125
        ]
    }
}