{
    "desc": "Run 15 of hyperparameter search",
    "log_stdout": false,
    "params": {
        "batch_size": 128,
        "batch_size_eval": 1000,
        "learning_rate": 0.01,
        "momentum": 0.3,
        "num_epochs": 30,
        "scaling_factor": 2
    },
    "stdout": "",
    "timestamp": "2019-02-13 02:29:36.566817",
    "values": {
        "noisy_test_acc": [
            41.11057692307692,
            39.22596153846154,
            40.69230769230769,
            41.45673076923077,
            42.67788461538461,
            43.26923076923077,
            42.88942307692308,
            44.69711538461539,
            44.05288461538461,
            43.67788461538461,
            45.08653846153846,
            45.70192307692308,
            45.01923076923077,
            45.77884615384615,
            45.8125,
            46.75961538461539,
            46.43269230769231,
            46.00961538461539,
            45.49519230769231,
            46.03365384615385,
            45.36057692307692,
            45.41826923076923,
            46.29326923076923,
            46.72596153846154,
            46.95192307692308,
            46.77403846153846,
            45.99038461538461,
            46.70673076923077,
            46.02403846153846,
            45.35576923076923
        ],
        "noisy_test_loss": [
            2.1332474341759315,
            2.2025465627817007,
            2.1482764082688552,
            2.1025857514601487,
            2.0759460801344654,
            2.0467626043466423,
            2.0327921676635743,
            1.9827529349693884,
            1.9825214943519005,
            1.9970130450908954,
            1.9583679375281702,
            1.9289021095862755,
            1.9463196006188026,
            1.9120162465022161,
            1.9177455197847806,
            1.9201621334369365,
            1.8991901573768029,
            1.9113250277592586,
            1.9388259491553674,
            1.9152580305246207,
            1.9529920020470253,
            1.9191482617304876,
            1.909547262925368,
            1.9096683619572565,
            1.9024311403127816,
            1.9195089839054988,
            1.9453324714073768,
            1.9150966746990497,
            1.967060586489164,
            2.0046629979060246
        ],
        "test_acc": [
            70.86538461538461,
            76.4423076923077,
            79.51442307692308,
            81.88942307692308,
            83.33653846153847,
            84.40865384615384,
            85.0576923076923,
            85.875,
            86.39903846153847,
            86.61538461538461,
            87.07692307692308,
            87.57211538461539,
            87.73557692307692,
            88.0625,
            88.24038461538461,
            88.52403846153847,
            88.625,
            88.71634615384616,
            88.89423076923077,
            88.95673076923077,
            89.09134615384616,
            89.20673076923077,
            89.34615384615384,
            89.47115384615384,
            89.625,
            89.57211538461539,
            89.72596153846153,
            89.66826923076923,
            89.83173076923077,
            89.9423076923077
        ],
        "test_loss": [
            1.0261045866746168,
            0.82847776559683,
            0.7117844977745643,
            0.6334784331688514,
            0.5810404102618878,
            0.5413234916100135,
            0.5124245760991023,
            0.48535528329702526,
            0.46675614870511567,
            0.4498623495835524,
            0.43580668155963603,
            0.4242919892531175,
            0.412874085352971,
            0.4046973338493934,
            0.3966085881453294,
            0.3886708817115197,
            0.3834126384441669,
            0.3776846196101262,
            0.37053229258610654,
            0.3673765101799598,
            0.361606502532959,
            0.3582957942669208,
            0.3544285356081449,
            0.34911506212674653,
            0.3470314121246338,
            0.34453150162330043,
            0.34220292751605697,
            0.3398734144064096,
            0.33619967827430136,
            0.33281162041884205
        ],
        "val_acc": [
            70.53,
            76.02,
            79.28,
            81.47,
            82.94,
            84.11,
            84.88,
            85.68,
            86.13,
            86.64,
            86.99,
            87.25,
            87.43,
            87.94,
            88.28,
            88.27,
            88.7,
            88.64,
            88.93,
            88.94,
            89.11,
            89.27,
            89.29,
            89.39,
            89.44,
            89.6,
            89.7,
            89.68,
            89.82,
            89.9
        ],
        "val_loss": [
            1.0330000122070313,
            0.836155224609375,
            0.7179090515136719,
            0.6395045532226562,
            0.5862260192871094,
            0.5446322082519531,
            0.513917724609375,
            0.48745911865234376,
            0.4678345733642578,
            0.45092296447753905,
            0.435842626953125,
            0.42308831787109374,
            0.4133503112792969,
            0.4033064392089844,
            0.3954445556640625,
            0.3878580596923828,
            0.3821972625732422,
            0.3764718780517578,
            0.3690101806640625,
            0.36415054321289064,
            0.3590274353027344,
            0.35667847900390626,
            0.35228670043945315,
            0.3483960266113281,
            0.3449234893798828,
            0.3434086853027344,
            0.3404938201904297,
            0.33724229736328126,
            0.3347522918701172,
            0.3305047241210938
        ]
    }
}