{
    "desc": "Run 16 of hyperparameter search",
    "log_stdout": false,
    "params": {
        "batch_size": 128,
        "batch_size_eval": 1000,
        "learning_rate": 0.01,
        "momentum": 0.5,
        "num_epochs": 30,
        "scaling_factor": 2
    },
    "stdout": "",
    "timestamp": "2019-02-13 02:45:52.759828",
    "values": {
        "noisy_test_acc": [
            40.61057692307692,
            39.96634615384615,
            41.85096153846154,
            42.75961538461539,
            43.54326923076923,
            44.45673076923077,
            43.30288461538461,
            45.37980769230769,
            44.72596153846154,
            44.71634615384615,
            45.96634615384615,
            46.86057692307692,
            46.0,
            46.71153846153846,
            46.52403846153846,
            46.5,
            47.58653846153846,
            46.28365384615385,
            45.33653846153846,
            46.12980769230769,
            44.51442307692308,
            46.05288461538461,
            46.10096153846154,
            47.1875,
            46.74038461538461,
            46.55769230769231,
            45.65384615384615,
            46.05769230769231,
            45.11057692307692,
            44.43269230769231
        ],
        "noisy_test_loss": [
            2.1614274861262395,
            2.169593447171725,
            2.0918892728365384,
            2.0463723549476036,
            2.0306289702195386,
            2.0012168766902043,
            2.0039728663517877,
            1.9418058248666616,
            1.9386238127488356,
            1.9750259927602916,
            1.9231953400831956,
            1.8885450128408579,
            1.916449942955604,
            1.892658949631911,
            1.9246251531747671,
            1.932922260577862,
            1.8797200775146485,
            1.9306047043433556,
            1.9642824715834397,
            1.9563984592144306,
            2.0235283572857194,
            1.9791513839134802,
            1.9837102508544922,
            1.9656316962608924,
            1.955258588057298,
            1.9824955896230845,
            2.041875114440918,
            2.018362837571364,
            2.09353491122906,
            2.132155588590182
        ],
        "test_acc": [
            73.5576923076923,
            79.08653846153847,
            82.2451923076923,
            84.09134615384616,
            85.20192307692308,
            86.04326923076923,
            86.53365384615384,
            87.16826923076923,
            87.75,
            87.90384615384616,
            88.20673076923077,
            88.48076923076923,
            88.61057692307692,
            89.02884615384616,
            89.11057692307692,
            89.25961538461539,
            89.4423076923077,
            89.51923076923077,
            89.625,
            89.79807692307692,
            89.82211538461539,
            89.90865384615384,
            90.1201923076923,
            90.09615384615384,
            90.26442307692308,
            90.0576923076923,
            90.34134615384616,
            90.26923076923077,
            90.35576923076923,
            90.45673076923077
        ],
        "test_loss": [
            0.9333200219961313,
            0.7312157498873197,
            0.6238618439894457,
            0.5560039945749136,
            0.5128835854163537,
            0.4800087275871864,
            0.4564714424426739,
            0.43359067256634054,
            0.4188589638930101,
            0.40480876189011794,
            0.3937797370323768,
            0.38502153616685136,
            0.37572112156794624,
            0.36960635845477763,
            0.36248083408062276,
            0.3565837405278133,
            0.3526724962087778,
            0.34809908059927136,
            0.34226751034076397,
            0.33992850597088153,
            0.33531916324908917,
            0.33284555215101974,
            0.32994079883282,
            0.32544337052565353,
            0.32398581724900466,
            0.32257685147798976,
            0.3211197776060838,
            0.3189091183589055,
            0.31597461700439455,
            0.31332281626187836
        ],
        "val_acc": [
            73.02,
            78.61,
            81.61,
            83.85,
            84.75,
            85.75,
            86.46,
            87.1,
            87.54,
            88.05,
            88.22,
            88.44,
            88.85,
            88.98,
            89.11,
            89.39,
            89.5,
            89.5,
            89.71,
            89.78,
            89.81,
            89.98,
            89.93,
            89.91,
            90.22,
            90.15,
            90.41,
            90.22,
            90.12,
            90.34
        ],
        "val_loss": [
            0.9406784606933594,
            0.7386102478027343,
            0.6285788391113282,
            0.560622036743164,
            0.5154512481689453,
            0.4809696868896484,
            0.45551117553710935,
            0.4340041748046875,
            0.41811863403320315,
            0.4044471466064453,
            0.39241489868164064,
            0.3817970764160156,
            0.37472328796386717,
            0.36695153198242186,
            0.36040985107421875,
            0.354563134765625,
            0.35039910888671877,
            0.34591629333496093,
            0.34014910278320315,
            0.3356862213134766,
            0.3317532989501953,
            0.33031083984375,
            0.3265701751708984,
            0.32419758605957033,
            0.32103966674804685,
            0.3205912567138672,
            0.3187819122314453,
            0.3154056457519531,
            0.3145033416748047,
            0.31012994079589845
        ]
    }
}