{
    "desc": "Run 17 of hyperparameter search",
    "log_stdout": false,
    "params": {
        "batch_size": 128,
        "batch_size_eval": 1000,
        "learning_rate": 0.01,
        "momentum": 0.7,
        "num_epochs": 30,
        "scaling_factor": 2
    },
    "stdout": "",
    "timestamp": "2019-02-13 03:01:46.720790",
    "values": {
        "noisy_test_acc": [
            40.26442307692308,
            41.97115384615385,
            43.91346153846154,
            44.62980769230769,
            44.71634615384615,
            44.97596153846154,
            44.03365384615385,
            46.09134615384615,
            45.4375,
            44.90865384615385,
            46.14903846153846,
            46.49038461538461,
            45.99038461538461,
            46.375,
            44.65384615384615,
            45.53365384615385,
            47.54807692307692,
            44.84615384615385,
            44.25,
            44.36057692307692,
            43.90384615384615,
            44.22596153846154,
            43.76442307692308,
            44.41826923076923,
            45.67788461538461,
            45.02884615384615,
            43.73557692307692,
            45.03846153846154,
            43.24038461538461,
            42.07211538461539
        ],
        "noisy_test_loss": [
            2.1760077315110427,
            2.0868344615055965,
            2.0133553490271936,
            1.9670830535888673,
            1.9834267278817983,
            1.9738130364051232,
            2.0006039105928863,
            1.9425116524329553,
            1.9441341018676759,
            1.9993393120398888,
            1.9624398495600774,
            1.946448619549091,
            2.011390021397517,
            1.981590461730957,
            2.068955217508169,
            2.0851408650324896,
            2.0057670167776256,
            2.1489543195871206,
            2.1805386088444636,
            2.2271409034729004,
            2.253233155470628,
            2.2274912232619064,
            2.3096392323420596,
            2.29415894141564,
            2.232019964364859,
            2.2674820591853213,
            2.386890462728647,
            2.3386987451406624,
            2.48603635934683,
            2.5577319101186897
        ],
        "test_acc": [
            77.47596153846153,
            82.6826923076923,
            84.89903846153847,
            86.34615384615384,
            87.17788461538461,
            87.88461538461539,
            88.17788461538461,
            88.86538461538461,
            89.125,
            89.1298076923077,
            89.33173076923077,
            89.52403846153847,
            89.84134615384616,
            89.9951923076923,
            90.1298076923077,
            90.15865384615384,
            90.28365384615384,
            90.35576923076923,
            90.45673076923077,
            90.53365384615384,
            90.625,
            90.50961538461539,
            90.67788461538461,
            90.70673076923077,
            90.6923076923077,
            90.70192307692308,
            90.72115384615384,
            90.84615384615384,
            90.82211538461539,
            90.90384615384616
        ],
        "test_loss": [
            0.7887431496840257,
            0.6020272489694448,
            0.5171657474224384,
            0.464303800876324,
            0.434437906558697,
            0.4098255546276386,
            0.3931217655768761,
            0.37517366629380444,
            0.3664679505274846,
            0.3559350006396954,
            0.3486793877528264,
            0.34428154945373535,
            0.33567682706392726,
            0.3325265590961163,
            0.3270415379450871,
            0.32377220887404223,
            0.32078064038203313,
            0.31797470973088193,
            0.31315681384159966,
            0.31209335620586687,
            0.3081936524464534,
            0.3070872431534987,
            0.30530466043032134,
            0.3021860724229079,
            0.3014000973334679,
            0.3024998716207651,
            0.3001994881263146,
            0.298877158164978,
            0.29570877698751596,
            0.2938762672130878
        ],
        "val_acc": [
            77.12,
            82.07,
            84.78,
            86.3,
            86.92,
            87.82,
            88.2,
            88.9,
            89.15,
            89.31,
            89.44,
            89.62,
            89.77,
            90.01,
            90.03,
            90.11,
            90.18,
            90.38,
            90.31,
            90.67,
            90.65,
            90.58,
            90.61,
            90.67,
            90.81,
            90.91,
            90.93,
            90.78,
            90.84,
            91.01
        ],
        "val_loss": [
            0.7965772705078125,
            0.6070393676757813,
            0.5188030334472656,
            0.46725592956542966,
            0.4341099853515625,
            0.4083541839599609,
            0.39014555053710936,
            0.37400709838867185,
            0.3638888000488281,
            0.3543353546142578,
            0.3449291595458984,
            0.33881287841796875,
            0.33257541198730467,
            0.3282618194580078,
            0.3232971435546875,
            0.3207380462646484,
            0.3175897735595703,
            0.31427443237304686,
            0.3114053207397461,
            0.30626840515136716,
            0.30327379455566406,
            0.3049680419921875,
            0.30086708831787107,
            0.30034386291503906,
            0.2982390228271484,
            0.2991816223144531,
            0.2969447021484375,
            0.2952314407348633,
            0.2950822692871094,
            0.2901140380859375
        ]
    }
}