{
    "desc": "Run 18 of hyperparameter search",
    "log_stdout": false,
    "params": {
        "batch_size": 128,
        "batch_size_eval": 1000,
        "learning_rate": 0.02,
        "momentum": 0.3,
        "num_epochs": 30,
        "scaling_factor": 2
    },
    "stdout": "",
    "timestamp": "2019-02-13 03:17:53.028310",
    "values": {
        "noisy_test_acc": [
            39.87980769230769,
            40.76923076923077,
            43.22115384615385,
            44.04807692307692,
            44.08653846153846,
            44.77884615384615,
            43.90384615384615,
            45.65384615384615,
            45.72596153846154,
            44.82211538461539,
            45.37980769230769,
            46.48076923076923,
            46.01923076923077,
            46.75480769230769,
            45.24519230769231,
            45.82211538461539,
            47.39423076923077,
            45.79326923076923,
            44.39903846153846,
            44.28846153846154,
            44.09615384615385,
            44.64903846153846,
            44.14423076923077,
            44.58173076923077,
            45.39423076923077,
            45.17307692307692,
            44.78365384615385,
            44.97596153846154,
            43.86538461538461,
            43.03365384615385
        ],
        "noisy_test_loss": [
            2.185213344280536,
            2.1294547095665566,
            2.0436040232731747,
            1.9763109353872446,
            1.992333244910607,
            1.9808928533700796,
            1.9956710756742038,
            1.9204614580594577,
            1.9323849135178786,
            1.9770160308251015,
            1.9733887334970328,
            1.9095465997549204,
            1.9647852325439452,
            1.9267597712003268,
            2.011663279900184,
            2.0129413766127366,
            1.9496044569749098,
            2.028259774721586,
            2.098607843839205,
            2.1257968931931717,
            2.152606521019569,
            2.1298914293142466,
            2.171054653754601,
            2.180642283512996,
            2.1391981682410606,
            2.159006823026217,
            2.232436350308932,
            2.22563232421875,
            2.337644577026367,
            2.3761495267427883
        ],
        "test_acc": [
            76.24038461538461,
            81.84615384615384,
            84.16826923076923,
            85.73557692307692,
            86.64423076923077,
            87.34615384615384,
            87.83173076923077,
            88.4951923076923,
            88.76442307692308,
            88.90865384615384,
            89.0625,
            89.2548076923077,
            89.5625,
            89.78846153846153,
            89.89903846153847,
            89.94711538461539,
            90.02403846153847,
            90.10096153846153,
            90.2548076923077,
            90.42788461538461,
            90.41346153846153,
            90.38942307692308,
            90.48557692307692,
            90.64423076923077,
            90.65384615384616,
            90.58653846153847,
            90.58653846153847,
            90.70673076923077,
            90.6875,
            90.79807692307692
        ],
        "test_loss": [
            0.8315089064378005,
            0.6364564118018518,
            0.5461332908043495,
            0.48903833682720477,
            0.4554855332007775,
            0.42856547942528356,
            0.40972097543569713,
            0.39049281927255486,
            0.37991556681119476,
            0.36789618785564715,
            0.35996011220491847,
            0.3540021221454327,
            0.3462843740903414,
            0.3419248470893273,
            0.33622075667748086,
            0.3318344593048096,
            0.3293656715979943,
            0.3254550838470459,
            0.3205622540987455,
            0.31950701530163106,
            0.31543989181518556,
            0.3139478635787964,
            0.31205321532029373,
            0.30769154768723705,
            0.30680291726039005,
            0.30686773703648496,
            0.3049821244753324,
            0.3041998452406663,
            0.30060686038090634,
            0.2987558555603027
        ],
        "val_acc": [
            76.06,
            81.17,
            84.04,
            85.61,
            86.42,
            87.36,
            87.8,
            88.39,
            88.72,
            88.99,
            89.15,
            89.32,
            89.52,
            89.68,
            89.83,
            89.99,
            90.03,
            90.13,
            90.19,
            90.38,
            90.39,
            90.42,
            90.39,
            90.43,
            90.57,
            90.64,
            90.68,
            90.46,
            90.67,
            90.83
        ],
        "val_loss": [
            0.8394087219238281,
            0.6426195251464843,
            0.5487746856689453,
            0.49257489929199216,
            0.4566506591796875,
            0.4275608367919922,
            0.4076200256347656,
            0.3898369232177734,
            0.37821434326171877,
            0.36741332397460935,
            0.35755107421875,
            0.34952805480957033,
            0.3438778869628906,
            0.33862550354003906,
            0.3338163330078125,
            0.3296601684570313,
            0.3265543426513672,
            0.32283602294921876,
            0.3186573059082031,
            0.31430126037597655,
            0.3111822723388672,
            0.3114951446533203,
            0.3081986145019531,
            0.30669930725097655,
            0.3041064147949219,
            0.30420199279785154,
            0.30221527099609374,
            0.3014922027587891,
            0.30011935424804687,
            0.2966958160400391
        ]
    }
}