{
    "desc": "Run 19 of hyperparameter search",
    "log_stdout": false,
    "params": {
        "batch_size": 128,
        "batch_size_eval": 1000,
        "learning_rate": 0.02,
        "momentum": 0.5,
        "num_epochs": 30,
        "scaling_factor": 2
    },
    "stdout": "",
    "timestamp": "2019-02-13 03:34:01.767918",
    "values": {
        "noisy_test_acc": [
            39.54807692307692,
            42.05769230769231,
            44.55288461538461,
            45.125,
            44.94230769230769,
            44.31730769230769,
            44.13942307692308,
            45.82692307692308,
            45.27884615384615,
            44.53846153846154,
            44.65384615384615,
            45.88942307692308,
            44.85576923076923,
            45.35096153846154,
            44.09134615384615,
            43.98557692307692,
            45.9375,
            44.16346153846154,
            42.99038461538461,
            43.47596153846154,
            42.17788461538461,
            43.90384615384615,
            42.85576923076923,
            43.0,
            43.35096153846154,
            43.55769230769231,
            42.22596153846154,
            42.51923076923077,
            41.03846153846154,
            40.68269230769231
        ],
        "noisy_test_loss": [
            2.1822723095233623,
            2.072892585167518,
            2.0013634256216197,
            1.9543933398907,
            1.9854005021315355,
            2.026565531217135,
            2.0315476754995494,
            1.9602028362567607,
            1.9878187517019419,
            2.0497093992966873,
            2.079329144404485,
            2.036683952624981,
            2.125075293320876,
            2.0907267394432654,
            2.1928459020761344,
            2.2464731304462138,
            2.140596969311054,
            2.2771085460369402,
            2.3709577061579776,
            2.3704326424231894,
            2.4728061793400693,
            2.399508956028865,
            2.5049936837416427,
            2.509589638343224,
            2.4999038637601414,
            2.5061428436866175,
            2.6464808199955865,
            2.618754900418795,
            2.8241141510009764,
            2.847255985553448
        ],
        "test_acc": [
            78.8701923076923,
            83.75961538461539,
            85.72596153846153,
            87.01923076923077,
            87.70192307692308,
            88.3076923076923,
            88.65865384615384,
            89.29326923076923,
            89.42307692307692,
            89.57211538461539,
            89.6875,
            89.8125,
            90.03846153846153,
            90.22596153846153,
            90.32692307692308,
            90.4326923076923,
            90.51442307692308,
            90.51442307692308,
            90.63942307692308,
            90.67307692307692,
            90.73076923076923,
            90.67307692307692,
            90.80288461538461,
            90.8173076923077,
            90.88942307692308,
            90.82692307692308,
            90.91346153846153,
            90.80288461538461,
            90.85096153846153,
            91.00961538461539
        ],
        "test_loss": [
            0.7375486740699181,
            0.5616200564457821,
            0.48574100054227387,
            0.43846496655390815,
            0.4129611822275015,
            0.39039260350740873,
            0.3760018150623028,
            0.35920728316673867,
            0.35239843661968523,
            0.34296514144310586,
            0.33663141323969914,
            0.33240495168245754,
            0.325703617976262,
            0.3230318392240084,
            0.31731104337252103,
            0.31489202059232274,
            0.3123890414604774,
            0.3095686919872577,
            0.3061970142217783,
            0.30528335644648624,
            0.3014305796990028,
            0.30102561437166653,
            0.29935544674213116,
            0.29681013107299803,
            0.29574513362004207,
            0.29757195472717285,
            0.29486034613389234,
            0.29403387473179743,
            0.29096752900343675,
            0.289494224695059
        ],
        "val_acc": [
            78.46,
            83.06,
            85.59,
            86.94,
            87.61,
            88.27,
            88.64,
            89.27,
            89.43,
            89.55,
            89.93,
            89.95,
            90.01,
            90.15,
            90.31,
            90.37,
            90.46,
            90.62,
            90.66,
            90.99,
            90.91,
            90.6,
            90.68,
            90.94,
            91.01,
            91.03,
            91.11,
            90.96,
            91.06,
            91.18
        ],
        "val_loss": [
            0.7453539123535157,
            0.5650600708007812,
            0.48659196166992186,
            0.44092970275878907,
            0.41229419555664065,
            0.3887199462890625,
            0.3729093139648437,
            0.3579655456542969,
            0.3506169158935547,
            0.3415616729736328,
            0.3332971618652344,
            0.32728592529296874,
            0.3222783050537109,
            0.31914642639160157,
            0.31376119995117185,
            0.3124990966796875,
            0.3102819793701172,
            0.30556331329345704,
            0.303610124206543,
            0.29819369506835935,
            0.2957502349853516,
            0.2980475555419922,
            0.2950214416503906,
            0.2941757598876953,
            0.29087872467041015,
            0.2926989288330078,
            0.29084469604492186,
            0.2888044692993164,
            0.2889861938476562,
            0.28433311004638673
        ]
    }
}