{
    "desc": "Run 2 of hyperparameter search",
    "log_stdout": false,
    "params": {
        "batch_size": 64,
        "batch_size_eval": 1000,
        "learning_rate": 0.005,
        "momentum": 0.7,
        "num_epochs": 30,
        "scaling_factor": 2
    },
    "stdout": "",
    "timestamp": "2019-02-12 22:15:26.474283",
    "values": {
        "noisy_test_acc": [
            40.39903846153846,
            41.99519230769231,
            43.17788461538461,
            42.41346153846154,
            43.32211538461539,
            44.88942307692308,
            45.53365384615385,
            44.5,
            45.4375,
            46.43269230769231,
            46.02884615384615,
            45.85096153846154,
            45.59615384615385,
            44.16826923076923,
            45.67307692307692,
            45.75,
            44.79807692307692,
            44.05769230769231,
            44.47115384615385,
            42.42307692307692,
            43.25480769230769,
            44.81730769230769,
            43.07692307692308,
            43.40384615384615,
            43.45192307692308,
            43.62019230769231,
            43.75961538461539,
            43.37980769230769,
            43.15865384615385,
            42.52403846153846
        ],
        "noisy_test_loss": [
            2.173411463223971,
            2.082694567166842,
            2.0481802837665266,
            2.036172896165114,
            2.0255877509483926,
            1.9469265688382662,
            1.9386983079176683,
            1.9790389897273137,
            1.9591555287287785,
            1.939020532461313,
            1.9730024865957407,
            1.9820960470346305,
            1.9986349340585563,
            2.0827174084003155,
            2.0378385602510893,
            2.03183193060068,
            2.113656498835637,
            2.148409979893611,
            2.1188308216975287,
            2.2661758892352766,
            2.256583653963529,
            2.1933957114586464,
            2.3262200590280386,
            2.313291181417612,
            2.3531534825838527,
            2.357809266310472,
            2.360207553276649,
            2.3713638863196738,
            2.4476957555917593,
            2.5220914972745456
        ],
        "test_acc": [
            77.27884615384616,
            82.78365384615384,
            85.05288461538461,
            86.1923076923077,
            87.26923076923077,
            87.73557692307692,
            88.25961538461539,
            88.54807692307692,
            88.75961538461539,
            89.30288461538461,
            89.5048076923077,
            89.7451923076923,
            89.76923076923077,
            90.02403846153847,
            90.10096153846153,
            90.07692307692308,
            90.32211538461539,
            90.34134615384616,
            90.4375,
            90.51442307692308,
            90.4375,
            90.51923076923077,
            90.73557692307692,
            90.72596153846153,
            90.79326923076923,
            90.77403846153847,
            90.86538461538461,
            90.85576923076923,
            90.89423076923077,
            91.04326923076923
        ],
        "test_loss": [
            0.7899530792236328,
            0.6014787204448994,
            0.5163962870377761,
            0.466754947075477,
            0.43205788392287037,
            0.4105324774522048,
            0.3912538418403039,
            0.3776823073167067,
            0.3664227683727558,
            0.35590083562410796,
            0.34709909585806037,
            0.34108341657198393,
            0.336599519436176,
            0.33138038781973034,
            0.32640245437622073,
            0.3224205310528095,
            0.31812182939969574,
            0.31452978170835055,
            0.31289274765894964,
            0.31125391776745137,
            0.30827832735501803,
            0.3085383635300856,
            0.30221283252422626,
            0.30143797691051777,
            0.3004924539419321,
            0.29840271362891563,
            0.2977074857858511,
            0.2965893030166626,
            0.2937236738204956,
            0.29294521441826454
        ],
        "val_acc": [
            77.11,
            82.38,
            84.69,
            85.94,
            87.18,
            87.88,
            88.47,
            88.73,
            88.74,
            89.26,
            89.52,
            89.6,
            89.9,
            89.99,
            89.94,
            89.97,
            90.26,
            90.23,
            90.51,
            90.42,
            90.51,
            90.52,
            90.88,
            90.84,
            90.86,
            90.88,
            90.73,
            90.92,
            91.1,
            91.13
        ],
        "val_loss": [
            0.7972431396484375,
            0.60505458984375,
            0.5204753173828125,
            0.4706354614257813,
            0.4340378936767578,
            0.41063174438476563,
            0.39115767517089844,
            0.3779712890625,
            0.3666224853515625,
            0.35621434631347654,
            0.34683123779296876,
            0.34142819519042966,
            0.33558601989746095,
            0.330967041015625,
            0.3273721496582031,
            0.32106809692382815,
            0.31807628784179687,
            0.31392368774414064,
            0.3118145111083984,
            0.31111664123535154,
            0.30700970153808593,
            0.3077543762207031,
            0.3012665222167969,
            0.2996787902832031,
            0.2994715759277344,
            0.2972528564453125,
            0.2976040222167969,
            0.29483955993652344,
            0.29116085357666016,
            0.2901844955444336
        ]
    }
}