{
    "desc": "Run 20 of hyperparameter search",
    "log_stdout": false,
    "params": {
        "batch_size": 128,
        "batch_size_eval": 1000,
        "learning_rate": 0.02,
        "momentum": 0.7,
        "num_epochs": 30,
        "scaling_factor": 2
    },
    "stdout": "",
    "timestamp": "2019-02-13 03:53:58.538173",
    "values": {
        "noisy_test_acc": [
            40.33653846153846,
            43.73557692307692,
            44.08653846153846,
            45.23557692307692,
            44.20673076923077,
            43.3125,
            43.25480769230769,
            43.94711538461539,
            42.89423076923077,
            42.65865384615385,
            42.66826923076923,
            44.77884615384615,
            42.57692307692308,
            44.12019230769231,
            41.98076923076923,
            41.17307692307692,
            44.0,
            40.98557692307692,
            41.20192307692308,
            40.82692307692308,
            40.63461538461539,
            41.14903846153846,
            40.03846153846154,
            41.48557692307692,
            41.63461538461539,
            40.17788461538461,
            39.60576923076923,
            40.01442307692308,
            38.90865384615385,
            37.74519230769231
        ],
        "noisy_test_loss": [
            2.154315329331618,
            2.0057201209435096,
            2.045874234713041,
            2.003193658682016,
            2.1100283255943886,
            2.23359193948599,
            2.2730058493980994,
            2.266713746877817,
            2.3885038845355693,
            2.432928540156438,
            2.5298276035602276,
            2.374270465557392,
            2.582502778860239,
            2.501918631333571,
            2.7439082351097692,
            2.922937202453613,
            2.6724126581045295,
            2.931187239426833,
            2.967626207791842,
            3.1346225885244516,
            3.186643084012545,
            3.186015877356896,
            3.370382772592398,
            3.3161650642981897,
            3.272511678842398,
            3.4968648646428035,
            3.5890536499023438,
            3.629414250300481,
            3.883039911710299,
            3.9143139795156627
        ],
        "test_acc": [
            81.79807692307692,
            85.78365384615384,
            87.41826923076923,
            88.41346153846153,
            88.74038461538461,
            89.20673076923077,
            89.53846153846153,
            90.10096153846153,
            90.20192307692308,
            90.33653846153847,
            90.2548076923077,
            90.29326923076923,
            90.53846153846153,
            90.60096153846153,
            90.7548076923077,
            90.76923076923077,
            90.95673076923077,
            90.98557692307692,
            90.90384615384616,
            91.02884615384616,
            91.10096153846153,
            90.94711538461539,
            91.11057692307692,
            90.92788461538461,
            91.23076923076923,
            91.1298076923077,
            91.20673076923077,
            91.23557692307692,
            91.19711538461539,
            91.1298076923077
        ],
        "test_loss": [
            0.6182184820908766,
            0.4769218063354492,
            0.4184526883638822,
            0.3838386102823111,
            0.3684899403498723,
            0.35150691472567047,
            0.3416936845045823,
            0.32815567603478063,
            0.3235310884622427,
            0.31715358293973483,
            0.3160945180746225,
            0.31112059006324183,
            0.3079638209709754,
            0.3054142871269813,
            0.3020271425980788,
            0.3013166255217332,
            0.29810186459467963,
            0.29520570021409254,
            0.2927490465457623,
            0.2944533817584698,
            0.29253929174863375,
            0.29320225055401145,
            0.29175705139453595,
            0.2900134460742657,
            0.28742853824908915,
            0.2908912937457745,
            0.2883651564671443,
            0.2866621230198787,
            0.2869009645168598,
            0.2873079431973971
        ],
        "val_acc": [
            81.79,
            85.81,
            87.56,
            88.48,
            88.81,
            89.39,
            89.59,
            89.84,
            90.3,
            90.29,
            90.26,
            90.44,
            90.56,
            90.84,
            90.77,
            90.84,
            90.93,
            91.23,
            91.04,
            91.52,
            91.34,
            90.94,
            91.03,
            91.29,
            91.5,
            91.66,
            91.52,
            91.54,
            91.4,
            91.47
        ],
        "val_loss": [
            0.6250229858398437,
            0.4763339904785156,
            0.4162169616699219,
            0.3832701385498047,
            0.3653307067871094,
            0.3479410339355469,
            0.3388294494628906,
            0.32669768981933595,
            0.3203495849609375,
            0.3136230911254883,
            0.3100501373291016,
            0.30453173828125,
            0.3029484710693359,
            0.30007948455810546,
            0.29652770538330075,
            0.29708023071289064,
            0.29524810791015627,
            0.28968048553466796,
            0.28942808990478514,
            0.2846694305419922,
            0.2858544448852539,
            0.2908541198730469,
            0.28603116302490234,
            0.28551593475341797,
            0.28186319274902344,
            0.2822773452758789,
            0.28207186584472654,
            0.27851309967041016,
            0.2816535614013672,
            0.2784197799682617
        ]
    }
}