{
    "desc": "Run 21 of hyperparameter search",
    "log_stdout": false,
    "params": {
        "batch_size": 128,
        "batch_size_eval": 1000,
        "learning_rate": 0.04,
        "momentum": 0.3,
        "num_epochs": 30,
        "scaling_factor": 2
    },
    "stdout": "",
    "timestamp": "2019-02-13 04:09:34.082241",
    "values": {
        "noisy_test_acc": [
            39.75,
            42.82692307692308,
            44.73557692307692,
            45.44711538461539,
            44.41346153846154,
            43.5,
            43.09615384615385,
            45.54326923076923,
            44.30769230769231,
            43.64903846153846,
            42.59134615384615,
            46.01923076923077,
            44.15865384615385,
            45.48076923076923,
            43.59134615384615,
            42.37019230769231,
            44.51923076923077,
            42.95192307692308,
            42.34134615384615,
            41.99519230769231,
            41.87019230769231,
            42.40865384615385,
            41.95192307692308,
            43.05288461538461,
            42.43269230769231,
            41.54807692307692,
            41.06730769230769,
            41.19711538461539,
            39.99038461538461,
            40.0
        ],
        "noisy_test_loss": [
            2.1789458318857045,
            2.0454607362013597,
            2.015264695974497,
            1.9596150588989258,
            2.080777822641226,
            2.1647690479572,
            2.1969681196946365,
            2.112180365048922,
            2.201839693509615,
            2.2457289974506085,
            2.4282013159531814,
            2.1855548506516675,
            2.372193638728215,
            2.3306493186950683,
            2.44532647059514,
            2.633993251507099,
            2.4811480096670295,
            2.618047699561486,
            2.6946156927255482,
            2.8152868505624626,
            2.8393835537250225,
            2.843564086327186,
            2.9495483251718375,
            2.9507507001436672,
            2.9949934592613805,
            3.0993578690748946,
            3.2290320323063777,
            3.2271932631272535,
            3.458184116070087,
            3.4286953177818886
        ],
        "test_acc": [
            81.27403846153847,
            85.39903846153847,
            87.13461538461539,
            88.05288461538461,
            88.47115384615384,
            89.0625,
            89.26923076923077,
            89.8125,
            89.98557692307692,
            90.125,
            90.04807692307692,
            90.41826923076923,
            90.38942307692308,
            90.5,
            90.64423076923077,
            90.72115384615384,
            90.77403846153847,
            90.85576923076923,
            90.9951923076923,
            91.08653846153847,
            91.0048076923077,
            90.97115384615384,
            91.09615384615384,
            91.0625,
            91.10096153846153,
            91.0,
            91.17788461538461,
            91.26442307692308,
            91.16346153846153,
            91.25
        ],
        "test_loss": [
            0.6467309306218074,
            0.4972207348163311,
            0.4349025638286884,
            0.3985597764528715,
            0.37972256733820986,
            0.3601850627018855,
            0.35065181438739484,
            0.33469643299396223,
            0.33041225139911357,
            0.32247898762042704,
            0.3206678317143367,
            0.3140664166670579,
            0.312676331446721,
            0.3095407588665302,
            0.30467399450448845,
            0.3034143803669856,
            0.30134810007535495,
            0.29861857340886044,
            0.29558062626765325,
            0.2955512949136587,
            0.29405065573178807,
            0.2933877475445087,
            0.29382272720336916,
            0.2910729364248422,
            0.2896469182234544,
            0.29081530974461484,
            0.29010981266315167,
            0.2883505634161142,
            0.28748296370873083,
            0.2858775439629188
        ],
        "val_acc": [
            81.04,
            85.18,
            87.04,
            87.92,
            88.58,
            89.11,
            89.05,
            89.7,
            89.93,
            90.08,
            90.29,
            90.42,
            90.4,
            90.54,
            90.75,
            90.73,
            90.81,
            90.97,
            91.0,
            91.35,
            91.19,
            91.1,
            91.06,
            91.24,
            91.33,
            91.29,
            91.51,
            91.36,
            91.36,
            91.45
        ],
        "val_loss": [
            0.6533454223632813,
            0.49800108947753907,
            0.43466446533203124,
            0.3995048736572266,
            0.3791810302734375,
            0.35781138000488283,
            0.34977173156738284,
            0.33536427001953123,
            0.32931717834472657,
            0.32193521118164065,
            0.31600093078613284,
            0.310617333984375,
            0.3102265625,
            0.3061032958984375,
            0.3016280059814453,
            0.3012580535888672,
            0.3001480651855469,
            0.29465545806884763,
            0.29266717376708984,
            0.28883794860839845,
            0.2890043426513672,
            0.2906935119628906,
            0.2884069152832031,
            0.2882901168823242,
            0.28457743072509767,
            0.2860514526367188,
            0.2853147399902344,
            0.2817210403442383,
            0.28407244720458985,
            0.28115355682373044
        ]
    }
}