{
    "desc": "Run 22 of hyperparameter search",
    "log_stdout": false,
    "params": {
        "batch_size": 128,
        "batch_size_eval": 1000,
        "learning_rate": 0.04,
        "momentum": 0.5,
        "num_epochs": 30,
        "scaling_factor": 2
    },
    "stdout": "",
    "timestamp": "2019-02-13 04:24:54.778480",
    "values": {
        "noisy_test_acc": [
            40.33173076923077,
            43.30769230769231,
            44.96634615384615,
            45.47596153846154,
            44.30769230769231,
            43.20673076923077,
            43.27403846153846,
            43.42788461538461,
            42.9375,
            42.625,
            41.89903846153846,
            43.17307692307692,
            41.04326923076923,
            43.56730769230769,
            41.31730769230769,
            39.24519230769231,
            41.09134615384615,
            38.83653846153846,
            39.0,
            39.20673076923077,
            40.02403846153846,
            39.94711538461539,
            39.71634615384615,
            39.58173076923077,
            40.45192307692308,
            39.30769230769231,
            37.72115384615385,
            38.79807692307692,
            37.99519230769231,
            37.00480769230769
        ],
        "noisy_test_loss": [
            2.1691056236853967,
            2.054350034273588,
            2.09845520899846,
            2.0505493662907526,
            2.2058333030113806,
            2.3408285962618316,
            2.3649600483820987,
            2.4237009459275467,
            2.5526826506394604,
            2.6416981212909407,
            2.781102937551645,
            2.6676115388136643,
            2.9220355518047625,
            2.7897618396465593,
            2.999199051490197,
            3.3091420892568735,
            3.122409324645996,
            3.4229198602529674,
            3.4706615800123948,
            3.64084227341872,
            3.5470173380925103,
            3.6559372036273663,
            3.844045680119441,
            3.8942518615722657,
            3.7698045290433444,
            3.9280848341721755,
            4.256091546278734,
            4.267719805790827,
            4.434755909259502,
            4.608221784738394
        ],
        "test_acc": [
            82.97596153846153,
            86.60096153846153,
            88.08173076923077,
            88.82692307692308,
            89.01442307692308,
            89.6923076923077,
            89.60096153846153,
            90.23076923076923,
            90.48557692307692,
            90.60576923076923,
            90.45192307692308,
            90.5576923076923,
            90.75,
            90.72115384615384,
            90.96153846153847,
            90.95192307692308,
            91.0625,
            91.00961538461539,
            91.05288461538461,
            91.20192307692308,
            91.0576923076923,
            91.01442307692308,
            91.16346153846153,
            91.04326923076923,
            91.33653846153847,
            91.1875,
            91.22115384615384,
            91.29807692307692,
            91.27403846153847,
            91.26442307692308
        ],
        "test_loss": [
            0.5789977469811073,
            0.45114558953505296,
            0.40043279867905834,
            0.3711348966451792,
            0.3595953706594614,
            0.3398418206434983,
            0.3360102308713473,
            0.3209184169769287,
            0.3176565067584698,
            0.31147444541637714,
            0.3107917536222018,
            0.3054738231805655,
            0.3040993503423838,
            0.30286689574901876,
            0.29743120266841006,
            0.29646321736849274,
            0.2947310418349046,
            0.29465173904712383,
            0.2907051339516273,
            0.2932346028548021,
            0.2903502779740554,
            0.2910560618914091,
            0.2922745385536781,
            0.28891985489771915,
            0.28879926974956804,
            0.2917671122917762,
            0.2894835009941688,
            0.28821686157813436,
            0.29068507194519044,
            0.28892163643470176
        ],
        "val_acc": [
            82.87,
            86.73,
            88.0,
            88.63,
            88.75,
            89.72,
            89.75,
            90.36,
            90.5,
            90.39,
            90.7,
            90.73,
            90.77,
            90.99,
            90.96,
            90.96,
            90.9,
            91.08,
            90.95,
            91.05,
            91.15,
            90.86,
            91.11,
            91.17,
            91.31,
            91.4,
            91.56,
            91.21,
            91.32,
            91.24
        ],
        "val_loss": [
            0.5848019897460938,
            0.4494894500732422,
            0.39859971923828125,
            0.3718132568359375,
            0.35992919311523436,
            0.33763657531738284,
            0.3345182586669922,
            0.32007546997070313,
            0.3163718109130859,
            0.3084813232421875,
            0.3060560607910156,
            0.3023775360107422,
            0.3015107574462891,
            0.2993342483520508,
            0.29484984130859376,
            0.2930805694580078,
            0.29350762634277344,
            0.2921633071899414,
            0.29042440948486326,
            0.2889465637207031,
            0.28617962799072266,
            0.29212908325195314,
            0.28923342437744143,
            0.28823067169189454,
            0.2850663024902344,
            0.2862141677856445,
            0.2851826797485352,
            0.28571947631835937,
            0.28930045318603514,
            0.2860682495117188
        ]
    }
}