{
    "desc": "Run 23 of hyperparameter search",
    "log_stdout": false,
    "params": {
        "batch_size": 128,
        "batch_size_eval": 1000,
        "learning_rate": 0.04,
        "momentum": 0.7,
        "num_epochs": 30,
        "scaling_factor": 2
    },
    "stdout": "",
    "timestamp": "2019-02-13 04:40:09.049255",
    "values": {
        "noisy_test_acc": [
            41.79326923076923,
            45.25961538461539,
            43.01923076923077,
            44.38942307692308,
            43.51442307692308,
            41.82211538461539,
            43.0625,
            41.46634615384615,
            40.71634615384615,
            40.16346153846154,
            39.50480769230769,
            42.39903846153846,
            37.98076923076923,
            41.53846153846154,
            38.99038461538461,
            38.16346153846154,
            39.28846153846154,
            38.30769230769231,
            38.50961538461539,
            36.97115384615385,
            38.47115384615385,
            37.79326923076923,
            37.58173076923077,
            38.51923076923077,
            36.71634615384615,
            37.65865384615385,
            36.0625,
            36.22115384615385,
            37.13461538461539,
            34.62019230769231
        ],
        "noisy_test_loss": [
            2.1555937194824217,
            2.085115667489859,
            2.3948234939575195,
            2.389093118814322,
            2.6009087401169997,
            2.929958054469182,
            2.906954254737267,
            3.201866930448092,
            3.425747780433068,
            3.6392281473599946,
            3.945526827298678,
            3.4926386349017804,
            4.128843134366549,
            3.835754004258376,
            4.304391062809871,
            4.612517981896033,
            4.517863883972168,
            4.663643590486966,
            4.777114557119516,
            5.204732572115384,
            5.083488103426419,
            5.361511418269231,
            5.455602563711313,
            5.479077166043795,
            5.7258677027775695,
            5.669389123183031,
            6.087572502723107,
            6.252472454951359,
            6.195420643733098,
            6.622561510526217
        ],
        "test_acc": [
            84.76923076923077,
            87.74038461538461,
            88.84134615384616,
            89.69711538461539,
            89.5576923076923,
            90.13942307692308,
            89.95192307692308,
            90.5576923076923,
            90.76442307692308,
            90.77884615384616,
            90.61057692307692,
            90.73557692307692,
            90.78365384615384,
            90.94711538461539,
            91.04807692307692,
            91.09615384615384,
            91.1875,
            91.1923076923077,
            91.11057692307692,
            91.0625,
            91.1201923076923,
            91.14423076923077,
            91.00961538461539,
            90.95673076923077,
            91.41826923076923,
            91.0625,
            91.13461538461539,
            91.33173076923077,
            91.0,
            91.1875
        ],
        "test_loss": [
            0.5042302454434908,
            0.40525527000427247,
            0.3679112874544584,
            0.3430762789799617,
            0.3396475535172683,
            0.32525664806365967,
            0.3259183538877047,
            0.3115164463336651,
            0.3053785888965313,
            0.3046524381637573,
            0.3078386090351985,
            0.3047660222420326,
            0.30547785172095665,
            0.301882150723384,
            0.29563295217660757,
            0.29574413519639237,
            0.2971380145733173,
            0.2970887719667875,
            0.2974226023600652,
            0.299695599262531,
            0.29653355598449704,
            0.2957275144870465,
            0.3006606956628653,
            0.29622061252593995,
            0.29591175336104175,
            0.3008133257352389,
            0.29785716460301326,
            0.2985694591815655,
            0.3037294611564049,
            0.30207504932697005
        ],
        "val_acc": [
            84.78,
            88.04,
            88.9,
            89.43,
            89.38,
            90.07,
            90.08,
            90.56,
            90.71,
            90.86,
            90.61,
            90.73,
            91.09,
            91.26,
            91.06,
            91.19,
            91.06,
            91.32,
            91.06,
            91.46,
            91.3,
            91.19,
            91.07,
            91.31,
            91.62,
            91.58,
            91.3,
            91.35,
            91.48,
            91.49
        ],
        "val_loss": [
            0.5092130798339843,
            0.4016965423583984,
            0.36516195068359375,
            0.3456539276123047,
            0.3410613067626953,
            0.3226496154785156,
            0.32441163940429685,
            0.31126236572265625,
            0.3056101272583008,
            0.30364667510986326,
            0.30181683502197265,
            0.3020887390136719,
            0.3020118469238281,
            0.29404159240722655,
            0.29584287567138673,
            0.29185129089355466,
            0.2959673278808594,
            0.292916845703125,
            0.29537950439453126,
            0.29382232666015623,
            0.29547605895996093,
            0.3009201400756836,
            0.29880958862304685,
            0.2975828857421875,
            0.2935216796875,
            0.295707421875,
            0.29980496826171876,
            0.2977297943115234,
            0.2981708755493164,
            0.29817837829589844
        ]
    }
}