{
    "desc": "Run 3 of hyperparameter search",
    "log_stdout": false,
    "params": {
        "batch_size": 64,
        "batch_size_eval": 1000,
        "learning_rate": 0.01,
        "momentum": 0.3,
        "num_epochs": 30,
        "scaling_factor": 2
    },
    "stdout": "",
    "timestamp": "2019-02-12 22:32:48.473896",
    "values": {
        "noisy_test_acc": [
            40.54326923076923,
            41.48557692307692,
            42.60576923076923,
            42.89423076923077,
            43.06730769230769,
            44.28365384615385,
            44.84615384615385,
            44.75,
            45.66826923076923,
            46.19230769230769,
            45.5625,
            45.50961538461539,
            45.69711538461539,
            45.0,
            46.28365384615385,
            46.40384615384615,
            45.34134615384615,
            45.27884615384615,
            45.71634615384615,
            43.41346153846154,
            44.35576923076923,
            45.39423076923077,
            44.47596153846154,
            44.74038461538461,
            44.40865384615385,
            44.52403846153846,
            44.64903846153846,
            44.42307692307692,
            45.04326923076923,
            43.71153846153846
        ],
        "noisy_test_loss": [
            2.1721328529944786,
            2.116966611422025,
            2.0628443028376653,
            2.041160539480356,
            2.0268114647498496,
            1.9592384983943059,
            1.9429295994685247,
            1.9578794948871319,
            1.945547344501202,
            1.9142678862351639,
            1.9544852506197417,
            1.9430394568810097,
            1.960835327735314,
            2.0135648522010214,
            1.9639840962336614,
            1.9537839772151067,
            2.0211664111797627,
            2.0509576137249286,
            2.0267499659611627,
            2.1606788341815655,
            2.141401637150691,
            2.0779894931499774,
            2.164459212376521,
            2.1571047063974236,
            2.1837371650108923,
            2.1897402220505935,
            2.2112781304579516,
            2.197497115501991,
            2.235391616821289,
            2.2860701693021332
        ],
        "test_acc": [
            76.32211538461539,
            81.7548076923077,
            84.2548076923077,
            85.48557692307692,
            86.70673076923077,
            87.32692307692308,
            87.77884615384616,
            88.17307692307692,
            88.47596153846153,
            88.8701923076923,
            89.09134615384616,
            89.41346153846153,
            89.45192307692308,
            89.76923076923077,
            89.77403846153847,
            89.9423076923077,
            90.10576923076923,
            90.14423076923077,
            90.28846153846153,
            90.34134615384616,
            90.35096153846153,
            90.38461538461539,
            90.4423076923077,
            90.6201923076923,
            90.63461538461539,
            90.66346153846153,
            90.61538461538461,
            90.72115384615384,
            90.86057692307692,
            90.875
        ],
        "test_loss": [
            0.8325660749582144,
            0.6370638832679162,
            0.545102882385254,
            0.4912744903564453,
            0.4541579848069411,
            0.42909738247211165,
            0.4077944777562068,
            0.393075292293842,
            0.380636625289917,
            0.369284573334914,
            0.3595216509012076,
            0.35280477377084585,
            0.34723835504972017,
            0.3410162977071909,
            0.3356781262617845,
            0.33121650769160343,
            0.32599842144892766,
            0.32246666541466346,
            0.3207014457996075,
            0.31882145148057206,
            0.31512316116919886,
            0.31491306451650763,
            0.3093767342200646,
            0.307678950383113,
            0.30587671830103946,
            0.30451949706444376,
            0.3031192970275879,
            0.30171700330880974,
            0.2981325343938974,
            0.2980668174303495
        ],
        "val_acc": [
            75.99,
            81.36,
            83.93,
            85.32,
            86.47,
            87.31,
            88.02,
            88.29,
            88.52,
            88.92,
            89.31,
            89.35,
            89.73,
            89.76,
            89.77,
            89.71,
            90.07,
            90.14,
            90.21,
            90.41,
            90.33,
            90.49,
            90.61,
            90.52,
            90.73,
            90.74,
            90.58,
            90.72,
            90.97,
            90.9
        ],
        "val_loss": [
            0.8397966064453125,
            0.6415045043945312,
            0.54962314453125,
            0.4946269866943359,
            0.45555383911132813,
            0.4291155700683594,
            0.4074323028564453,
            0.3927011535644531,
            0.3802457000732422,
            0.3685526702880859,
            0.3580263732910156,
            0.3523043182373047,
            0.34511945495605467,
            0.339826416015625,
            0.33609825134277344,
            0.32973692016601563,
            0.3256074188232422,
            0.3215956604003906,
            0.3188671264648438,
            0.3179475952148437,
            0.3134300445556641,
            0.3133554901123047,
            0.3076844207763672,
            0.30650140075683596,
            0.3056891357421875,
            0.30309439392089843,
            0.30248014221191405,
            0.3001491271972656,
            0.2955290542602539,
            0.2949840759277344
        ]
    }
}