{
    "desc": "Run 4 of hyperparameter search",
    "log_stdout": false,
    "params": {
        "batch_size": 64,
        "batch_size_eval": 1000,
        "learning_rate": 0.01,
        "momentum": 0.5,
        "num_epochs": 30,
        "scaling_factor": 2
    },
    "stdout": "",
    "timestamp": "2019-02-12 22:50:06.950195",
    "values": {
        "noisy_test_acc": [
            40.64903846153846,
            42.80769230769231,
            43.43269230769231,
            43.22596153846154,
            43.76923076923077,
            44.48557692307692,
            46.00480769230769,
            43.69230769230769,
            45.28365384615385,
            46.07211538461539,
            45.49519230769231,
            45.19230769230769,
            45.5625,
            43.61538461538461,
            45.02884615384615,
            44.70673076923077,
            43.58173076923077,
            42.96634615384615,
            43.65865384615385,
            41.4375,
            42.57211538461539,
            42.78365384615385,
            42.43269230769231,
            42.34615384615385,
            42.0,
            42.45673076923077,
            43.08173076923077,
            42.33653846153846,
            41.79326923076923,
            40.67307692307692
        ],
        "noisy_test_loss": [
            2.162375409052922,
            2.0564144075833832,
            2.0291594725388746,
            2.0138443932166465,
            2.0217556850726788,
            1.98474063873291,
            1.9278126349815956,
            2.0126317420372595,
            1.9891423064011793,
            1.983582998422476,
            2.0438457899827225,
            2.065445266136756,
            2.070308818817139,
            2.1938857254615196,
            2.151824895418607,
            2.1707813497690056,
            2.2565524262648364,
            2.303417852841891,
            2.278079393826998,
            2.454978033212515,
            2.4394885723407453,
            2.4198591437706582,
            2.482329284961407,
            2.5454487756582407,
            2.5603938557551458,
            2.55411492567796,
            2.5574546080369216,
            2.6040644983144907,
            2.7069213749812198,
            2.7608136397141676
        ],
        "test_acc": [
            78.70673076923077,
            83.80288461538461,
            85.8076923076923,
            86.88461538461539,
            87.89903846153847,
            88.15384615384616,
            88.71634615384616,
            89.0,
            89.21153846153847,
            89.66826923076923,
            89.8701923076923,
            90.02403846153847,
            90.0673076923077,
            90.28846153846153,
            90.35576923076923,
            90.41826923076923,
            90.53365384615384,
            90.52884615384616,
            90.66346153846153,
            90.58653846153847,
            90.6826923076923,
            90.72596153846153,
            90.94711538461539,
            90.9375,
            91.02403846153847,
            90.99038461538461,
            91.0,
            91.04326923076923,
            91.26442307692308,
            91.125
        ],
        "test_loss": [
            0.7389921555152306,
            0.5629023742675782,
            0.4855227565765381,
            0.44108016380896936,
            0.4094058418273926,
            0.3909108271965614,
            0.37330388656029334,
            0.36074641741239105,
            0.3523211779961219,
            0.3425385152376615,
            0.33401637884286733,
            0.3291568616720346,
            0.32501794521625227,
            0.32055085512307974,
            0.3161104635091928,
            0.31280971086942233,
            0.30913724385775054,
            0.3060482982488779,
            0.3044094118705163,
            0.3041098642349243,
            0.300645416699923,
            0.30084869678203874,
            0.2957239217024583,
            0.2954031309714684,
            0.29433279771071214,
            0.2929722532859215,
            0.2922918228002695,
            0.29218909043532154,
            0.28785603596613957,
            0.28933004232553333
        ],
        "val_acc": [
            78.74,
            83.5,
            85.62,
            86.7,
            87.81,
            88.27,
            88.79,
            89.12,
            89.02,
            89.39,
            89.88,
            89.74,
            90.21,
            90.16,
            90.23,
            90.29,
            90.53,
            90.48,
            90.76,
            90.73,
            90.77,
            90.73,
            91.0,
            90.84,
            90.92,
            91.13,
            90.84,
            91.01,
            91.11,
            91.1
        ],
        "val_loss": [
            0.7467140441894531,
            0.56568466796875,
            0.48937085571289063,
            0.44463856506347654,
            0.41161551513671873,
            0.3906694702148438,
            0.37261754150390625,
            0.36076512451171877,
            0.3521519348144531,
            0.34272831420898436,
            0.3340848876953125,
            0.3304138153076172,
            0.3241793823242187,
            0.3199059509277344,
            0.31736866760253907,
            0.3111942443847656,
            0.30835929870605466,
            0.30560319519042967,
            0.30280830383300783,
            0.30346197509765627,
            0.2986076171875,
            0.3004406646728516,
            0.2948182876586914,
            0.2940013916015625,
            0.29416611328125,
            0.29099303588867187,
            0.29121075286865233,
            0.2905915756225586,
            0.2863999923706055,
            0.28581021270751955
        ]
    }
}