{
    "desc": "Run 5 of hyperparameter search",
    "log_stdout": false,
    "params": {
        "batch_size": 64,
        "batch_size_eval": 1000,
        "learning_rate": 0.01,
        "momentum": 0.7,
        "num_epochs": 30,
        "scaling_factor": 2
    },
    "stdout": "",
    "timestamp": "2019-02-12 23:07:03.969267",
    "values": {
        "noisy_test_acc": [
            41.12019230769231,
            44.25480769230769,
            44.23076923076923,
            43.74519230769231,
            43.26923076923077,
            43.72596153846154,
            45.19230769230769,
            42.96634615384615,
            45.42788461538461,
            44.23076923076923,
            45.31730769230769,
            43.58173076923077,
            44.0,
            42.13461538461539,
            41.89423076923077,
            41.52884615384615,
            42.0,
            40.88942307692308,
            41.65865384615385,
            39.11538461538461,
            41.71634615384615,
            41.75480769230769,
            40.35096153846154,
            39.68269230769231,
            40.77884615384615,
            40.08653846153846,
            41.78846153846154,
            40.29807692307692,
            40.07692307692308,
            38.53365384615385
        ],
        "noisy_test_loss": [
            2.142946266761193,
            1.9933029908400315,
            2.057808591402494,
            2.065258885897123,
            2.145449638366699,
            2.1589212799072266,
            2.119029661325308,
            2.270750554891733,
            2.205803617330698,
            2.245310774583083,
            2.3130037747896637,
            2.427087463965783,
            2.4503525631244365,
            2.628419763124906,
            2.73305659367488,
            2.740438851576585,
            2.750531909649189,
            2.9120390231792745,
            2.9007621853168195,
            3.143113720233624,
            3.0326858373788688,
            3.025551018348107,
            3.1722237278864935,
            3.2923749542236327,
            3.294250133220966,
            3.3554124391995943,
            3.239911317091722,
            3.407538534311148,
            3.5794180532602162,
            3.7955206533578725
        ],
        "test_acc": [
            81.76923076923077,
            85.8701923076923,
            87.45192307692308,
            88.28365384615384,
            89.09134615384616,
            89.28846153846153,
            89.66346153846153,
            89.90865384615384,
            90.05288461538461,
            90.3173076923077,
            90.55288461538461,
            90.55288461538461,
            90.5048076923077,
            90.64903846153847,
            90.6875,
            90.80288461538461,
            90.9423076923077,
            91.03846153846153,
            91.02884615384616,
            90.86538461538461,
            91.08653846153847,
            91.10096153846153,
            91.11538461538461,
            91.21634615384616,
            91.23076923076923,
            91.29807692307692,
            91.27403846153847,
            91.14903846153847,
            91.33653846153847,
            91.3798076923077
        ],
        "test_loss": [
            0.6174357883746807,
            0.47573429621182955,
            0.41672485791719877,
            0.38439240015470066,
            0.36117404057429386,
            0.35060540712796723,
            0.3382876718961276,
            0.32742540506216194,
            0.32192870947030877,
            0.31691514822152944,
            0.31093717575073243,
            0.3082257072742169,
            0.30568080498622013,
            0.30136733055114745,
            0.2993632819102361,
            0.29631272426018346,
            0.2961100981785701,
            0.2946409716972938,
            0.2932992517031156,
            0.295779295701247,
            0.2925235183422382,
            0.2924717319928683,
            0.2875830173492432,
            0.2900199035497812,
            0.28833316582899826,
            0.2868609406397893,
            0.2854438517643855,
            0.28793890659625715,
            0.28483112958761364,
            0.285325833100539
        ],
        "val_acc": [
            81.51,
            86.01,
            87.53,
            88.24,
            88.98,
            89.41,
            89.57,
            89.86,
            90.04,
            90.03,
            90.44,
            90.3,
            90.56,
            90.81,
            90.55,
            90.86,
            91.11,
            90.86,
            91.08,
            91.04,
            91.07,
            91.05,
            91.45,
            91.09,
            91.23,
            91.34,
            91.21,
            91.4,
            91.51,
            91.27
        ],
        "val_loss": [
            0.6248196960449218,
            0.4772416015625,
            0.4200273559570312,
            0.3878906097412109,
            0.36506852416992186,
            0.34933563537597656,
            0.3363350982666016,
            0.3268020233154297,
            0.3208204498291016,
            0.31674715270996096,
            0.3096915283203125,
            0.3085654998779297,
            0.3039251281738281,
            0.3016963348388672,
            0.2999109436035156,
            0.29318994445800783,
            0.29218341522216795,
            0.2920419311523437,
            0.2878913330078125,
            0.2916193145751953,
            0.28761336364746093,
            0.28779665222167966,
            0.2842917510986328,
            0.2844487030029297,
            0.28402445220947264,
            0.28183697814941405,
            0.28325918426513674,
            0.28362526245117187,
            0.28212657165527344,
            0.28123799743652345
        ]
    }
}