{
    "desc": "Run 6 of hyperparameter search",
    "log_stdout": false,
    "params": {
        "batch_size": 64,
        "batch_size_eval": 1000,
        "learning_rate": 0.02,
        "momentum": 0.3,
        "num_epochs": 30,
        "scaling_factor": 2
    },
    "stdout": "",
    "timestamp": "2019-02-12 23:25:30.646238",
    "values": {
        "noisy_test_acc": [
            41.27884615384615,
            43.09134615384615,
            43.77884615384615,
            43.74038461538461,
            43.60096153846154,
            44.87019230769231,
            45.99038461538461,
            44.15384615384615,
            46.35576923076923,
            44.91826923076923,
            45.34134615384615,
            44.22115384615385,
            45.20673076923077,
            43.32211538461539,
            43.72115384615385,
            43.03365384615385,
            42.04807692307692,
            42.25480769230769,
            42.71634615384615,
            40.56730769230769,
            42.67788461538461,
            42.60096153846154,
            41.94230769230769,
            40.85096153846154,
            41.33173076923077,
            41.61057692307692,
            42.17307692307692,
            41.08173076923077,
            40.95673076923077,
            39.67788461538461
        ],
        "noisy_test_loss": [
            2.1343486873920146,
            2.0172821543766903,
            2.039931427882268,
            2.0250363247211163,
            2.0750378065842847,
            2.0465068553044246,
            2.0141773282564603,
            2.1293852556668793,
            2.0747790028498723,
            2.1465875302828277,
            2.2048414054283727,
            2.2552850209749664,
            2.2452399459251993,
            2.3880246543884276,
            2.441125837472769,
            2.4817705623920148,
            2.55816226372352,
            2.6240076226454514,
            2.5662690118642955,
            2.7865117381169244,
            2.7200383670513446,
            2.720343308081994,
            2.837169161576491,
            2.9744827622633716,
            3.0085843482384313,
            3.013229155907264,
            2.9221007273747373,
            3.044894018906813,
            3.1775121483435997,
            3.3575701229388897
        ],
        "test_acc": [
            81.11538461538461,
            85.19711538461539,
            86.97596153846153,
            87.91826923076923,
            88.72596153846153,
            89.08173076923077,
            89.48076923076923,
            89.78365384615384,
            89.8076923076923,
            90.16346153846153,
            90.23557692307692,
            90.38942307692308,
            90.4326923076923,
            90.61538461538461,
            90.5576923076923,
            90.6875,
            90.86057692307692,
            90.9423076923077,
            91.00961538461539,
            90.92307692307692,
            91.02884615384616,
            91.14423076923077,
            91.13942307692308,
            91.15865384615384,
            91.2548076923077,
            91.17307692307692,
            91.11057692307692,
            91.22596153846153,
            91.25961538461539,
            91.24038461538461
        ],
        "test_loss": [
            0.6481205588120681,
            0.4989228336627667,
            0.43530408785893365,
            0.39945352921119104,
            0.3742480630141038,
            0.3602270962641789,
            0.34659018956697907,
            0.33477633549616886,
            0.32927973380455605,
            0.3224299797644982,
            0.3163285537866446,
            0.31297272168673,
            0.3088253399041983,
            0.3046596369376549,
            0.3009091146175678,
            0.2990728231576773,
            0.2971361332673293,
            0.29545746876643253,
            0.29342635448162374,
            0.29614519632779635,
            0.2944954464985774,
            0.29194467324476975,
            0.2878960473720844,
            0.2892148920205923,
            0.28731156495901256,
            0.2881952278430645,
            0.28573505878448485,
            0.2860963854422936,
            0.28397938508253834,
            0.2862696823706994
        ],
        "val_acc": [
            80.78,
            85.21,
            87.05,
            87.86,
            88.55,
            88.97,
            89.36,
            89.74,
            89.79,
            89.9,
            90.18,
            90.08,
            90.52,
            90.49,
            90.4,
            90.74,
            91.0,
            90.91,
            91.04,
            90.79,
            91.03,
            91.02,
            91.26,
            91.26,
            91.04,
            91.25,
            90.86,
            91.26,
            91.29,
            91.28
        ],
        "val_loss": [
            0.6554117980957032,
            0.5011087341308593,
            0.43909331665039064,
            0.403944580078125,
            0.3788163269042969,
            0.3607200927734375,
            0.3461213348388672,
            0.3353279022216797,
            0.32827778930664064,
            0.32371456909179686,
            0.31732979736328126,
            0.31537151794433593,
            0.30848424530029295,
            0.3054775405883789,
            0.3015893035888672,
            0.2974125900268555,
            0.29609392700195314,
            0.29524041442871096,
            0.29043526306152345,
            0.2950553497314453,
            0.2908610260009766,
            0.2907055953979492,
            0.28567476043701173,
            0.2873958953857422,
            0.28708658599853515,
            0.285773779296875,
            0.2854323959350586,
            0.28380836181640623,
            0.28221974029541014,
            0.2824525100708008
        ]
    }
}