{
    "desc": "Run 7 of hyperparameter search",
    "log_stdout": false,
    "params": {
        "batch_size": 64,
        "batch_size_eval": 1000,
        "learning_rate": 0.02,
        "momentum": 0.5,
        "num_epochs": 30,
        "scaling_factor": 2
    },
    "stdout": "",
    "timestamp": "2019-02-12 23:42:49.072238",
    "values": {
        "noisy_test_acc": [
            40.51442307692308,
            44.19711538461539,
            42.78846153846154,
            42.5,
            42.37980769230769,
            42.77884615384615,
            43.125,
            41.78365384615385,
            43.34134615384615,
            42.48557692307692,
            43.73557692307692,
            41.64903846153846,
            42.19711538461539,
            39.97596153846154,
            39.86538461538461,
            40.02403846153846,
            40.75480769230769,
            40.6875,
            39.98557692307692,
            36.99038461538461,
            40.70673076923077,
            40.19230769230769,
            38.29326923076923,
            37.16826923076923,
            39.25961538461539,
            38.52403846153846,
            39.12980769230769,
            38.0,
            37.42788461538461,
            36.68269230769231
        ],
        "noisy_test_loss": [
            2.1638723461444562,
            2.005941969064566,
            2.1439513382544884,
            2.1632278413038986,
            2.273245538564829,
            2.3291037544837363,
            2.305157814025879,
            2.463626273228572,
            2.4497980499267578,
            2.5188656880305365,
            2.5887418248103216,
            2.695897932786208,
            2.7713064472491924,
            2.981955889188326,
            3.10735165816087,
            3.1167069567166843,
            3.066083162747897,
            3.2139576104971077,
            3.2899481025108925,
            3.6365250103290263,
            3.354199344928448,
            3.421718849769005,
            3.7042507993257963,
            3.8421384107149565,
            3.893293049152081,
            3.9104307849590594,
            3.7852294833843523,
            4.006176807697003,
            4.24597289452186,
            4.406047976567195
        ],
        "test_acc": [
            83.04326923076923,
            86.36538461538461,
            87.8701923076923,
            88.49038461538461,
            89.22596153846153,
            89.72115384615384,
            90.03846153846153,
            90.2451923076923,
            90.2548076923077,
            90.63942307692308,
            90.57211538461539,
            90.67307692307692,
            90.61057692307692,
            90.80288461538461,
            90.96153846153847,
            90.9951923076923,
            91.1298076923077,
            91.25,
            91.22115384615384,
            91.05288461538461,
            91.25961538461539,
            91.24038461538461,
            91.20192307692308,
            91.24038461538461,
            91.5,
            91.33173076923077,
            91.20192307692308,
            91.28365384615384,
            91.45673076923077,
            91.3798076923077
        ],
        "test_loss": [
            0.5793395262498122,
            0.4537155210054838,
            0.40004838650043195,
            0.37256238350501425,
            0.35115201729994555,
            0.34109254323519195,
            0.3307365160721999,
            0.32117751635037933,
            0.31765299576979417,
            0.31091889161330005,
            0.30773316089923564,
            0.3049188126050509,
            0.3019934111375075,
            0.2969652194243211,
            0.29460014416621283,
            0.293546446286715,
            0.29285606384277346,
            0.2918784211232112,
            0.28930543459378755,
            0.2936851585828341,
            0.29130649126493013,
            0.2902380165686974,
            0.2865896753164438,
            0.2890080110843365,
            0.2847944905207707,
            0.28915464841402494,
            0.2883690848717323,
            0.28645115265479454,
            0.2850426710568942,
            0.28797112978421724
        ],
        "val_acc": [
            82.65,
            86.6,
            88.07,
            88.53,
            89.27,
            89.71,
            89.66,
            90.19,
            90.15,
            90.08,
            90.56,
            90.33,
            90.73,
            90.52,
            90.79,
            90.83,
            91.16,
            90.9,
            91.07,
            91.06,
            91.0,
            91.14,
            91.3,
            91.14,
            91.06,
            91.22,
            91.15,
            91.45,
            91.3,
            91.3
        ],
        "val_loss": [
            0.5863873901367187,
            0.45478551940917966,
            0.4033625457763672,
            0.37387693786621096,
            0.35533970947265625,
            0.34087576904296873,
            0.32888294677734375,
            0.32129999084472655,
            0.3163991027832031,
            0.31199286804199217,
            0.30634388427734377,
            0.3064850311279297,
            0.30144095611572264,
            0.29979026489257815,
            0.2978575988769531,
            0.295481298828125,
            0.294406608581543,
            0.2951479675292969,
            0.2882842681884766,
            0.2938166564941406,
            0.29119769287109376,
            0.2900280364990234,
            0.2863310485839844,
            0.28851212463378906,
            0.2890387969970703,
            0.2876108627319336,
            0.28780979309082033,
            0.2881725357055664,
            0.2868411148071289,
            0.28798544006347654
        ]
    }
}