{
    "desc": "Run 8 of hyperparameter search",
    "log_stdout": false,
    "params": {
        "batch_size": 64,
        "batch_size_eval": 1000,
        "learning_rate": 0.02,
        "momentum": 0.7,
        "num_epochs": 30,
        "scaling_factor": 2
    },
    "stdout": "",
    "timestamp": "2019-02-13 00:30:55.597479",
    "values": {
        "noisy_test_acc": [
            40.73557692307692,
            44.02403846153846,
            41.62980769230769,
            40.63942307692308,
            41.89903846153846,
            38.90865384615385,
            40.61057692307692,
            40.66346153846154,
            40.60576923076923,
            40.48076923076923,
            40.39423076923077,
            38.08173076923077,
            38.30769230769231,
            35.5625,
            36.07211538461539,
            36.13942307692308,
            37.30769230769231,
            36.76442307692308,
            38.02884615384615,
            33.46634615384615,
            36.90865384615385,
            36.05288461538461,
            34.61057692307692,
            35.30769230769231,
            35.26442307692308,
            34.38461538461539,
            33.97115384615385,
            35.09615384615385,
            35.71153846153846,
            32.53365384615385
        ],
        "noisy_test_loss": [
            2.2142697172898513,
            2.143331815279447,
            2.481816641000601,
            2.6214750436636116,
            2.761862006554237,
            3.207563860966609,
            3.121134628882775,
            3.241681320483868,
            3.3852879612262434,
            3.5410162852360654,
            3.67387328514686,
            4.069749356783353,
            4.133463651216947,
            4.717925682067871,
            4.640400191086989,
            4.781336435171274,
            4.740657791724572,
            5.025281366201548,
            4.842660237825834,
            5.727865550701435,
            5.098623953599196,
            5.373977347153883,
            5.7938923645019536,
            5.756651400052585,
            6.250397068903997,
            6.365685210594764,
            6.534393504216121,
            6.340931276174692,
            6.356057410606971,
            7.43696298452524
        ],
        "test_acc": [
            84.6298076923077,
            87.6298076923077,
            89.0048076923077,
            89.20192307692308,
            89.69711538461539,
            90.01442307692308,
            90.2451923076923,
            90.40384615384616,
            90.40384615384616,
            90.48557692307692,
            90.67788461538461,
            90.61057692307692,
            90.85576923076923,
            90.88461538461539,
            90.94711538461539,
            90.98557692307692,
            90.875,
            91.19711538461539,
            91.03846153846153,
            90.91826923076923,
            90.95192307692308,
            91.0576923076923,
            91.10096153846153,
            91.13461538461539,
            91.1298076923077,
            91.22115384615384,
            91.16346153846153,
            91.21634615384616,
            91.21634615384616,
            91.3076923076923
        ],
        "test_loss": [
            0.503709971354558,
            0.4087031093010536,
            0.36639491448035605,
            0.3504819165743314,
            0.33677262673011193,
            0.32760911061213566,
            0.31669281739455,
            0.31333486850445086,
            0.309038348197937,
            0.3057084971207839,
            0.30234211921691895,
            0.3007439030133761,
            0.2964983507303091,
            0.2971370476942796,
            0.29656173045818623,
            0.29489602932563197,
            0.2992007497640756,
            0.2935621837469248,
            0.2959550930903508,
            0.2997902620755709,
            0.2981202242924617,
            0.2995159603999211,
            0.2921809482574463,
            0.29352357314183164,
            0.2977733186575083,
            0.2982226294737596,
            0.2992745362795316,
            0.2953405240865854,
            0.2958856021440946,
            0.2972388979104849
        ],
        "val_acc": [
            84.59,
            87.66,
            88.55,
            88.85,
            89.5,
            89.91,
            90.16,
            90.57,
            90.37,
            90.31,
            90.53,
            90.54,
            90.92,
            90.8,
            90.76,
            90.88,
            91.07,
            91.12,
            91.24,
            90.9,
            90.78,
            91.09,
            91.35,
            90.99,
            91.3,
            91.27,
            91.31,
            91.1,
            91.34,
            91.46
        ],
        "val_loss": [
            0.5133345092773437,
            0.4105129852294922,
            0.3735217498779297,
            0.35420157165527344,
            0.3400760314941406,
            0.32954881896972654,
            0.31331007385253906,
            0.3119572967529297,
            0.3098002151489258,
            0.3090792053222656,
            0.30252892456054686,
            0.30032198486328127,
            0.29620355682373045,
            0.299061474609375,
            0.29919766693115235,
            0.29563299560546874,
            0.2952069595336914,
            0.2961046203613281,
            0.2903369094848633,
            0.3002424041748047,
            0.29435318908691405,
            0.2979776611328125,
            0.293423176574707,
            0.2933215469360352,
            0.2995322052001953,
            0.2940597381591797,
            0.29834112396240237,
            0.3004530776977539,
            0.2979643005371094,
            0.29683473052978515
        ]
    }
}