{
    "desc": "Run 9 of hyperparameter search",
    "log_stdout": false,
    "params": {
        "batch_size": 64,
        "batch_size_eval": 1000,
        "learning_rate": 0.04,
        "momentum": 0.3,
        "num_epochs": 30,
        "scaling_factor": 2
    },
    "stdout": "",
    "timestamp": "2019-02-13 00:48:48.434201",
    "values": {
        "noisy_test_acc": [
            40.62980769230769,
            44.20673076923077,
            41.53365384615385,
            42.74519230769231,
            42.00480769230769,
            41.39423076923077,
            44.43269230769231,
            41.20673076923077,
            42.96153846153846,
            41.82211538461539,
            43.22115384615385,
            41.00480769230769,
            40.20673076923077,
            38.19230769230769,
            37.97115384615385,
            38.81730769230769,
            41.19230769230769,
            38.0625,
            38.84615384615385,
            35.78365384615385,
            39.21153846153846,
            37.07211538461539,
            37.16826923076923,
            36.72596153846154,
            37.03846153846154,
            38.47596153846154,
            37.98076923076923,
            37.91826923076923,
            36.85096153846154,
            35.23076923076923
        ],
        "noisy_test_loss": [
            2.1736555451613206,
            2.06422908782959,
            2.3836654545710636,
            2.3491457572350134,
            2.572924455495981,
            2.7742338136526254,
            2.624251427283654,
            2.8823684017474833,
            2.932363108121432,
            3.0952456518319935,
            3.0916021288358246,
            3.366925885127141,
            3.696915780580961,
            3.9671659880418044,
            3.9822787798368013,
            3.9840750943697416,
            3.789986980144794,
            4.407025598379282,
            4.230553412804237,
            4.730075416564941,
            4.428780141977163,
            4.750552212641789,
            4.9378147345322825,
            5.001629911569449,
            5.274163307776818,
            5.022684020996094,
            5.193244291452261,
            5.203289662874662,
            5.5686458059457635,
            5.907399121798002
        ],
        "test_acc": [
            84.60096153846153,
            87.20192307692308,
            88.54326923076923,
            89.14903846153847,
            89.64423076923077,
            89.98557692307692,
            90.22115384615384,
            90.3125,
            90.29326923076923,
            90.47596153846153,
            90.50961538461539,
            90.625,
            90.60576923076923,
            90.875,
            90.96153846153847,
            91.15865384615384,
            90.9326923076923,
            91.09134615384616,
            91.14903846153847,
            90.8701923076923,
            90.9326923076923,
            91.13461538461539,
            91.2451923076923,
            91.0625,
            91.34134615384616,
            91.13942307692308,
            91.1875,
            91.36538461538461,
            91.34134615384616,
            91.09615384615384
        ],
        "test_loss": [
            0.5181023436326248,
            0.42229336738586426,
            0.3774764479123629,
            0.3541577060406025,
            0.3385660039461576,
            0.3295791193155142,
            0.3202831591092623,
            0.31379088475154,
            0.3111816164163443,
            0.30506703156691334,
            0.3050872589991643,
            0.30351983400491567,
            0.30044278988471396,
            0.2947157669067383,
            0.29315452612363374,
            0.2921420746583205,
            0.29721965789794924,
            0.29329294021313007,
            0.29156375811650204,
            0.2991706987527701,
            0.29471137486971344,
            0.2949353922330416,
            0.2917100645945622,
            0.2912177779124333,
            0.29033402663010816,
            0.29528101187485917,
            0.2955814306552593,
            0.2944521045684814,
            0.29547147824214054,
            0.2967905987226046
        ],
        "val_acc": [
            84.45,
            87.2,
            88.51,
            89.16,
            89.71,
            89.89,
            90.14,
            90.71,
            90.36,
            90.38,
            90.74,
            90.48,
            90.83,
            90.89,
            90.79,
            91.02,
            91.27,
            90.95,
            91.36,
            91.02,
            91.22,
            91.13,
            91.18,
            91.18,
            91.33,
            91.3,
            91.15,
            91.49,
            91.47,
            91.12
        ],
        "val_loss": [
            0.525436099243164,
            0.4250224151611328,
            0.3820654693603516,
            0.35815100708007813,
            0.3417445373535156,
            0.3322897155761719,
            0.31824703979492186,
            0.3126125030517578,
            0.3123075958251953,
            0.30729539794921873,
            0.3046733276367187,
            0.30521399536132815,
            0.3009594436645508,
            0.29601932830810546,
            0.2996347625732422,
            0.296241455078125,
            0.29339041900634766,
            0.2979493743896484,
            0.2887401794433594,
            0.2967826477050781,
            0.2938971405029297,
            0.2943852966308594,
            0.2943396575927734,
            0.2925884048461914,
            0.29589642486572265,
            0.2975106475830078,
            0.29712127838134766,
            0.2967027847290039,
            0.29524716796875,
            0.2966576919555664
        ]
    }
}